permutation_index,null_global_mean_rho
0,0.4010989010989011
1,0.4065934065934066
2,0.40159840159840154
3,0.41633366633366636
4,0.5052447552447553
5,0.5014985014985015
6,0.3394105894105895
7,0.40809190809190815
8,0.330919080919081
9,0.3588911088911089
10,0.4595404595404596
11,0.41583416583416577
12,0.3836163836163836
13,0.4602897102897103
14,0.3866133866133867
15,0.3521478521478522
16,0.34790209790209786
17,0.4657842157842159
18,0.43731268731268746
19,0.46628371628371645
20,0.34615384615384615
21,0.4837662337662338
22,0.3474025974025975
23,0.35389610389610393
24,0.2984515484515485
25,0.264985014985015
26,0.4945054945054946
27,0.51998001998002
28,0.4550449550449552
29,0.4150849150849152
30,0.4672827172827173
31,0.313936063936064
32,0.4500499500499502
33,0.3484015984015985
34,0.4013486513486514
35,0.4283216783216784
36,0.4135864135864136
37,0.4058441558441559
38,0.5454545454545455
39,0.4485514485514486
40,0.3591408591408592
41,0.3641358641358642
42,0.34190809190809196
43,0.34340659340659346
44,0.38836163836163834
45,0.47102897102897107
46,0.31893106893106893
47,0.46953046953046945
48,0.36363636363636376
49,0.39710289710289715
50,0.45354645354645357
51,0.38411588411588415
52,0.3496503496503497
53,0.3411588411588412
54,0.30019980019980025
55,0.3736263736263737
56,0.36338661338661343
57,0.35789210789210796
58,0.4210789210789211
59,0.3406593406593408
60,0.37987012987012997
61,0.39235764235764237
62,0.4330669330669331
63,0.45129870129870137
64,0.3681318681318682
65,0.3176823176823177
66,0.38986013986013995
67,0.39685314685314693
68,0.5104895104895106
69,0.40484515484515493
70,0.47702297702297713
71,0.2917082917082917
72,0.4987512487512489
73,0.46928071928071935
74,0.4108391608391609
75,0.46103896103896114
76,0.4383116883116884
77,0.43131868131868145
78,0.30919080919080916
79,0.5886613386613387
80,0.4125874125874126
81,0.3676323676323677
82,0.3583916083916084
83,0.4410589410589412
84,0.44930069930069927
85,0.4510489510489511
86,0.3673826173826174
87,0.5102397602397603
88,0.41608391608391615
89,0.4440559440559442
90,0.4827672327672328
91,0.3833666333666334
92,0.39635364635364645
93,0.4153346653346653
94,0.46353646353646355
95,0.33666333666333664
96,0.47502497502497504
97,0.4155844155844156
98,0.39960039960039956
99,0.5014985014985016
100,0.3956043956043956
101,0.5414585414585416
102,0.4038461538461539
103,0.3813686313686314
104,0.2989510489510489
105,0.4220779220779222
106,0.40334665334665337
107,0.3643856143856144
108,0.38336663336663346
109,0.48526473526473535
110,0.49925074925074925
111,0.39010989010989006
112,0.3763736263736264
113,0.4355644355644356
114,0.46828171828171833
115,0.3841158841158842
116,0.3826173826173827
117,0.308941058941059
118,0.4920079920079921
119,0.5444555444555446
120,0.48701298701298706
121,0.4115884115884117
122,0.4625374625374626
123,0.4175824175824176
124,0.4095904095904096
125,0.36563436563436563
126,0.3496503496503497
127,0.48826173826173835
128,0.442057942057942
129,0.4408091908091909
130,0.27322677322677325
131,0.31993006993007
132,0.3346653346653347
133,0.3586413586413587
134,0.4755244755244756
135,0.26023976023976025
136,0.3983516483516484
137,0.3683816183816185
138,0.39285714285714296
139,0.38561438561438566
140,0.4880119880119881
141,0.3354145854145854
142,0.3711288711288712
143,0.4882617382617383
144,0.4123376623376624
145,0.5392107892107892
146,0.4260739260739261
147,0.4485514485514486
148,0.4243256743256744
149,0.4450549450549451
150,0.41233766233766234
151,0.3913586413586415
152,0.4355644355644356
153,0.4465534465534466
154,0.41533466533466534
155,0.4138361638361639
156,0.39185814185814183
157,0.367882117882118
158,0.4687812187812188
159,0.3206793206793207
160,0.40034965034965037
161,0.4602897102897104
162,0.6063936063936065
163,0.3753746253746254
164,0.37012987012987014
165,0.4680319680319681
166,0.4762737262737263
167,0.4253246753246755
168,0.3846153846153847
169,0.4885114885114885
170,0.5437062937062939
171,0.4160839160839162
172,0.4255744255744256
173,0.4433066933066935
174,0.4952547452547452
175,0.4562937062937063
176,0.4827672327672329
177,0.3713786213786214
178,0.5524475524475525
179,0.4068431568431569
180,0.40034965034965037
181,0.24775224775224783
182,0.3898601398601399
183,0.5444555444555446
184,0.4527972027972029
185,0.44255744255744256
186,0.3691308691308691
187,0.4952547452547454
188,0.4145854145854146
189,0.44605394605394605
190,0.3104395604395605
191,0.5217282717282719
192,0.5536963036963037
193,0.3451548451548452
194,0.34590409590409604
195,0.368881118881119
196,0.41683316683316685
197,0.5044955044955045
198,0.46203796203796216
199,0.5182317682317683
200,0.35989010989010994
201,0.41108891108891105
202,0.4685314685314685
203,0.4945054945054945
204,0.49000999000999
205,0.48626373626373637
206,0.3891108891108891
207,0.35939060939060946
208,0.4932567432567433
209,0.3324175824175825
210,0.3633866133866134
211,0.44630369630369643
212,0.46878121878121876
213,0.5142357642357643
214,0.36238761238761236
215,0.4270729270729271
216,0.48651348651348647
217,0.4158341658341659
218,0.3873626373626374
219,0.4300699300699301
220,0.46903096903096897
221,0.41408591408591416
222,0.4655344655344656
223,0.49275724275724286
224,0.3256743256743257
225,0.557942057942058
226,0.4153346653346655
227,0.494005994005994
228,0.36963036963036966
229,0.3876123876123877
230,0.3953546453546455
231,0.42682317682317683
232,0.49025974025974034
233,0.4188311688311689
234,0.48101898101898105
235,0.41283716283716293
236,0.3596403596403598
237,0.3673826173826174
238,0.3643856143856144
239,0.3136863136863138
240,0.4747752247752249
241,0.31093906093906093
242,0.4800199800199801
243,0.4145854145854146
244,0.4018481518481519
245,0.4827672327672329
246,0.5012487512487513
247,0.4443056943056944
248,0.5177322677322678
249,0.4680319680319681
250,0.43881118881118886
251,0.5154845154845156
252,0.35414585414585414
253,0.41558441558441567
254,0.4962537462537463
255,0.3868631368631369
256,0.45529470529470534
257,0.35639360639360645
258,0.29445554445554445
259,0.4767732267732268
260,0.521978021978022
261,0.4385614385614386
262,0.45154845154845163
263,0.4420579420579421
264,0.46578421578421586
265,0.4987512487512489
266,0.4313186813186814
267,0.4607892107892108
268,0.4068431568431569
269,0.3164335664335665
270,0.4977522477522478
271,0.40359640359640364
272,0.43381618381618386
273,0.4555444555444556
274,0.27997002997003007
275,0.32217782217782226
276,0.38361638361638367
277,0.43581418581418585
278,0.43256743256743263
279,0.5619380619380621
280,0.3816183816183817
281,0.40959040959040965
282,0.3506493506493507
283,0.4410589410589411
284,0.4805194805194806
285,0.4115884115884116
286,0.45504495504495507
287,0.5174825174825176
288,0.40209790209790214
289,0.40759240759240767
290,0.4850149850149851
291,0.40634365634365643
292,0.31093906093906093
293,0.42382617382617394
294,0.3836163836163836
295,0.4105894105894105
296,0.36488511488511494
297,0.49900099900099903
298,0.42032967032967034
299,0.38811188811188824
300,0.48701298701298706
301,0.34315684315684314
302,0.27772227772227775
303,0.3531468531468532
304,0.3439060939060939
305,0.4473026973026973
306,0.517982017982018
307,0.56993006993007
308,0.3806193806193806
309,0.3711288711288711
310,0.42707292707292716
311,0.23001998001998003
312,0.3788711288711289
313,0.3843656343656345
314,0.46228771228771237
315,0.4595404595404595
316,0.30094905094905094
317,0.43631368631368633
318,0.43581418581418585
319,0.47302697302697305
320,0.4592907092907094
321,0.4355644355644356
322,0.3796203796203797
323,0.49250749250749254
324,0.38461538461538475
325,0.557942057942058
326,0.32667332667332677
327,0.49600399600399614
328,0.45929070929070936
329,0.44405594405594406
330,0.39135864135864146
331,0.4622877122877123
332,0.43831168831168826
333,0.4780219780219781
334,0.42057942057942066
335,0.4937562437562438
336,0.5464535464535464
337,0.46003996003996006
338,0.3476523476523477
339,0.3923576423576423
340,0.45779220779220786
341,0.42607392607392613
342,0.3254245754245754
343,0.46128871128871135
344,0.3926073926073927
345,0.6016483516483516
346,0.4797702297702299
347,0.3693806193806194
348,0.333916083916084
349,0.3831168831168833
350,0.39510489510489505
351,0.40034965034965037
352,0.315934065934066
353,0.47177822177822176
354,0.47177822177822193
355,0.40734265734265734
356,0.48601398601398615
357,0.42782217782217785
358,0.48701298701298706
359,0.3626373626373626
360,0.4652847152847153
361,0.42957042957042957
362,0.39460539460539457
363,0.43431568431568435
364,0.40734265734265745
365,0.4423076923076924
366,0.44355644355644364
367,0.41533466533466534
368,0.3196803196803197
369,0.5167332667332668
370,0.4343156843156843
371,0.294955044955045
372,0.362887112887113
373,0.536963036963037
374,0.41258741258741277
375,0.4567932067932068
376,0.38461538461538464
377,0.3239260739260739
378,0.5162337662337663
379,0.40734265734265745
380,0.40934065934065933
381,0.38611388611388614
382,0.40884115884115885
383,0.48676323676323685
384,0.30994005994005996
385,0.3776223776223776
386,0.4812687312687313
387,0.29695304695304703
388,0.4280719280719282
389,0.45354645354645357
390,0.5454545454545455
391,0.44980019980019986
392,0.3786213786213786
393,0.4365634365634366
394,0.5242257742257743
395,0.4380619380619381
396,0.5284715284715286
397,0.34590409590409593
398,0.49850149850149855
399,0.372877122877123
400,0.5384615384615385
401,0.34365634365634384
402,0.2322677322677323
403,0.4722777222777223
404,0.5167332667332668
405,0.31893106893106893
406,0.36238761238761236
407,0.44255744255744256
408,0.5619380619380621
409,0.4433066933066933
410,0.366883116883117
411,0.4547952047952049
412,0.3813686313686314
413,0.3161838161838162
414,0.4517982017982019
415,0.3621378621378622
416,0.4855144855144856
417,0.4390609390609391
418,0.3266733266733267
419,0.4475524475524476
420,0.29945054945054944
421,0.40234765234765246
422,0.42932067932067935
423,0.44480519480519487
424,0.4607892107892108
425,0.42632367632367635
426,0.2834665334665335
427,0.42332667332667334
428,0.42357642357642356
429,0.47727272727272735
430,0.3533966033966034
431,0.3454045954045955
432,0.4498001998001998
433,0.5014985014985015
434,0.4620379620379621
435,0.38561438561438566
436,0.42732267732267737
437,0.4155844155844157
438,0.32267732267732274
439,0.4792707292707294
440,0.6126373626373628
441,0.36613386613386606
442,0.35814185814185817
443,0.3688811188811189
444,0.37687312687312696
445,0.3154345654345655
446,0.391858141858142
447,0.4610389610389611
448,0.5492007992007993
449,0.4597902097902099
450,0.4507992007992008
451,0.4565434565434567
452,0.35564435564435565
453,0.33091908091908095
454,0.39235764235764237
455,0.3881118881118882
456,0.42857142857142855
457,0.5394605394605396
458,0.32742257742257747
459,0.4293206793206794
460,0.4360639360639362
461,0.4600399600399601
462,0.39485514485514495
463,0.303946053946054
464,0.4860139860139861
465,0.45404595404595405
466,0.4502997002997003
467,0.3983516483516483
468,0.4670329670329671
469,0.39035964035964044
470,0.48326673326673336
471,0.4625374625374625
472,0.3164335664335665
473,0.3673826173826175
474,0.4330669330669331
475,0.4507992007992009
476,0.46728271728271736
477,0.4290709290709291
478,0.32467532467532473
479,0.37412587412587417
480,0.4120879120879121
481,0.314935064935065
482,0.4455544455544455
483,0.38061938061938067
484,0.3793706293706293
485,0.49200799200799195
486,0.4218281718281719
487,0.46578421578421575
488,0.4670329670329671
489,0.35714285714285715
490,0.4640359640359642
491,0.3961038961038961
492,0.3881118881118882
493,0.4310689310689311
494,0.3471528471528472
495,0.4408091908091909
496,0.43431568431568435
497,0.2657342657342658
498,0.3431568431568432
499,0.37137862137862143
500,0.4505494505494507
501,0.38461538461538464
502,0.4463036963036964
503,0.4288211788211788
504,0.4420579420579421
505,0.4637862137862138
506,0.5177322677322678
507,0.481018981018981
508,0.40759240759240767
509,0.35489510489510495
510,0.3593906093906094
511,0.4115884115884116
512,0.3396603396603397
513,0.5214785214785216
514,0.5484515484515485
515,0.4038461538461539
516,0.33291708291708294
517,0.4195804195804196
518,0.4635364635364635
519,0.36238761238761247
520,0.4138361638361639
521,0.38361638361638367
522,0.3174325674325675
523,0.4712787212787214
524,0.3436563436563437
525,0.46878121878121887
526,0.38536463536463533
527,0.4807692307692308
528,0.39735264735264736
529,0.4942557442557443
530,0.3731268731268731
531,0.48176823176823175
532,0.4433066933066934
533,0.45254745254745254
534,0.43681318681318687
535,0.3971028971028972
536,0.42882117882117887
537,0.31843156843156845
538,0.4083416583416584
539,0.44305694305694315
540,0.48151848151848153
541,0.32142857142857145
542,0.4522977022977024
543,0.36863136863136864
544,0.40309690309690316
545,0.3673826173826174
546,0.43406593406593413
547,0.45229770229770233
548,0.34140859140859137
549,0.378871128871129
550,0.4190809190809191
551,0.5127372627372627
552,0.4762737262737263
553,0.3593906093906094
554,0.5214785214785216
555,0.47377622377622375
556,0.42832167832167845
557,0.4830169830169831
558,0.28371628371628377
559,0.523976023976024
560,0.5277222777222779
561,0.4922577422577423
562,0.4760239760239761
563,0.5047452547452548
564,0.4453046953046953
565,0.5000000000000001
566,0.38836163836163834
567,0.4725274725274726
568,0.29145854145854155
569,0.4233266733266734
570,0.40059940059940063
571,0.4857642357642358
572,0.4190809190809191
573,0.34815184815184824
574,0.43306693306693306
575,0.3266733266733267
576,0.49250749250749254
577,0.4300699300699301
578,0.3711288711288712
579,0.4677822177822178
580,0.4470529470529471
581,0.457042957042957
582,0.4305694305694307
583,0.37612387612387604
584,0.42832167832167833
585,0.40884115884115885
586,0.3616383616383617
587,0.4517982017982018
588,0.3446553446553447
589,0.4880119880119881
590,0.37212787212787213
591,0.42857142857142866
592,0.41433566433566443
593,0.44255744255744256
594,0.35639360639360645
595,0.4752747252747253
596,0.4070929070929071
597,0.5869130869130871
598,0.4283216783216784
599,0.4063436563436564
600,0.41333666333666336
601,0.4080919080919081
602,0.4265734265734267
603,0.45654345654345657
604,0.4255744255744256
605,0.49050949050949066
606,0.38761238761238764
607,0.5
608,0.3616383616383617
609,0.5447052947052947
610,0.42882117882117887
611,0.41083916083916083
612,0.4310689310689312
613,0.31993006993007
614,0.4405594405594405
615,0.3753746253746254
616,0.36563436563436574
617,0.3808691308691309
618,0.39735264735264736
619,0.34690309690309695
620,0.4068431568431569
621,0.4100899100899101
622,0.3983516483516483
623,0.3998501498501499
624,0.45379620379620383
625,0.30069930069930073
626,0.3901098901098901
627,0.362887112887113
628,0.5082417582417583
629,0.3371628371628372
630,0.5054945054945056
631,0.4962537462537463
632,0.3691308691308692
633,0.46328671328671334
634,0.42357642357642356
635,0.4258241758241759
636,0.4565434565434567
637,0.2277722277722278
638,0.4410589410589411
639,0.34815184815184813
640,0.3811188811188812
641,0.4150849150849152
642,0.3988511488511489
643,0.3471528471528472
644,0.3469030969030969
645,0.333916083916084
646,0.4408091908091909
647,0.4493006993006993
648,0.47427572427572434
649,0.4413086913086914
650,0.37712287712287723
651,0.4692807192807193
652,0.4982517482517483
653,0.37162837162837165
654,0.4063436563436564
655,0.3399100899100899
656,0.39510489510489516
657,0.4145854145854146
658,0.3381618381618382
659,0.4905094905094906
660,0.30669330669330674
661,0.44255744255744256
662,0.34740259740259744
663,0.501998001998002
664,0.40959040959040965
665,0.4785214785214785
666,0.42632367632367635
667,0.46103896103896114
668,0.2854645354645355
669,0.49875124875124893
670,0.303946053946054
671,0.35439560439560447
672,0.3926073926073927
673,0.3898601398601399
674,0.45754245754245765
675,0.37612387612387604
676,0.46053946053946054
677,0.42732267732267737
678,0.5122377622377623
679,0.3903596403596404
680,0.47027972027972037
681,0.44430569430569433
682,0.31268731268731276
683,0.37587412587412594
684,0.40434565434565434
685,0.4605394605394606
686,0.3816183816183815
687,0.3339160839160839
688,0.43806193806193805
689,0.3631368631368631
690,0.44505494505494514
691,0.4425574425574426
692,0.331918081918082
693,0.3988511488511488
694,0.3986013986013987
695,0.44530469530469535
696,0.36088911088911096
697,0.43406593406593413
698,0.3496503496503497
699,0.3983516483516484
700,0.3948551448551449
701,0.4520479520479522
702,0.3928571428571429
703,0.42632367632367635
704,0.4405594405594406
705,0.342907092907093
706,0.4325674325674326
707,0.43881118881118886
708,0.4380619380619381
709,0.44355644355644364
710,0.4767732267732268
711,0.4852647352647353
712,0.3733766233766234
713,0.3606393606393607
714,0.44730269730269734
715,0.4040959040959041
716,0.3533966033966034
717,0.45404595404595416
718,0.45454545454545453
719,0.38661338661338657
720,0.42532467532467527
721,0.4398101898101898
722,0.4725274725274726
723,0.45454545454545464
724,0.4260739260739262
725,0.27447552447552453
726,0.567932067932068
727,0.5032467532467533
728,0.44805194805194803
729,0.4098401598401599
730,0.5177322677322678
731,0.3196803196803196
732,0.41383616383616395
733,0.4315684315684316
734,0.4498001998001998
735,0.44705294705294707
736,0.3721278721278721
737,0.38311688311688313
738,0.44130869130869144
739,0.29970029970029977
740,0.34290709290709287
741,0.4600399600399601
742,0.43481518481518494
743,0.36988011988011993
744,0.36088911088911096
745,0.5482017982017984
746,0.3863636363636364
747,0.46128871128871135
748,0.4540459540459541
749,0.3943556443556444
750,0.32117882117882124
751,0.35414585414585414
752,0.3773726273726274
753,0.26998001998002
754,0.47377622377622386
755,0.32367632367632376
756,0.4812687312687314
757,0.46103896103896114
758,0.5337162837162837
759,0.4138361638361639
760,0.3741258741258741
761,0.40459540459540466
762,0.4040959040959041
763,0.46328671328671334
764,0.4478021978021979
765,0.41533466533466534
766,0.47152847152847155
767,0.34890109890109894
768,0.4475524475524478
769,0.3728771228771229
770,0.3846153846153847
771,0.41933066933066937
772,0.3454045954045954
773,0.3533966033966034
774,0.5037462537462538
775,0.34590409590409593
776,0.33041958041958036
777,0.506993006993007
778,0.5886613386613387
779,0.4318181818181818
780,0.536963036963037
781,0.4490509490509491
782,0.4552947052947053
783,0.3651348651348651
784,0.4812687312687313
785,0.37587412587412594
786,0.39910089910089913
787,0.4807692307692307
788,0.5297202797202799
789,0.4078421578421579
790,0.47702297702297697
791,0.5394605394605395
792,0.34990009990009996
793,0.40734265734265745
794,0.3044455544455546
795,0.4398101898101898
796,0.33166833166833165
797,0.42107892107892114
798,0.4840159840159841
799,0.3603896103896105
800,0.42182817182817195
801,0.47702297702297713
802,0.35789210789210785
803,0.42532467532467544
804,0.37312687312687315
805,0.38511488511488523
806,0.4133366633366634
807,0.4395604395604396
808,0.32842157842157843
809,0.3711288711288712
810,0.49900099900099903
811,0.4280719280719282
812,0.3688811188811189
813,0.38086913086913093
814,0.3399100899100899
815,0.4145854145854146
816,0.37037962037962047
817,0.36788211788211794
818,0.5182317682317683
819,0.31543456543456544
820,0.3536463536463537
821,0.48751248751248755
822,0.4670329670329671
823,0.4235764235764235
824,0.5044955044955045
825,0.26998001998001997
826,0.39860139860139865
827,0.4408091908091908
828,0.35289710289710297
829,0.281968031968032
830,0.39910089910089913
831,0.3106893106893107
832,0.31318681318681324
833,0.4837662337662338
834,0.23126873126873135
835,0.37662337662337675
836,0.4468031968031968
837,0.3746253746253747
838,0.3661338661338663
839,0.3034465534465535
840,0.41008991008991014
841,0.37087912087912095
842,0.5179820179820182
843,0.43581418581418585
844,0.3344155844155844
845,0.4393106893106893
846,0.31268731268731276
847,0.42732267732267726
848,0.3411588411588413
849,0.35814185814185817
850,0.34640359640359647
851,0.38611388611388614
852,0.38086913086913093
853,0.36813186813186816
854,0.5037462537462539
855,0.3663836163836165
856,0.41258741258741266
857,0.3928571428571429
858,0.41433566433566443
859,0.4198301698301699
860,0.4490509490509491
861,0.4360639360639361
862,0.4827672327672329
863,0.3978521478521479
864,0.3648851148851149
865,0.35939060939060946
866,0.35314685314685323
867,0.5044955044955045
868,0.367882117882118
869,0.37287712287712294
870,0.511988011988012
871,0.292957042957043
872,0.4752747252747253
873,0.4752747252747253
874,0.41908091908091905
875,0.4283216783216784
876,0.33116883116883117
877,0.38736263736263743
878,0.3726273726273726
879,0.4208291708291708
880,0.3783716283716284
881,0.43506493506493504
882,0.4258241758241759
883,0.38711288711288716
884,0.43431568431568435
885,0.49175824175824184
886,0.4215784215784217
887,0.4038461538461539
888,0.4465534465534467
889,0.49875124875124877
890,0.45179820179820185
891,0.3888611388611389
892,0.4542957042957044
893,0.34990009990009996
894,0.5017482517482518
895,0.41308691308691314
896,0.5009990009990011
897,0.3958541458541459
898,0.3898601398601399
899,0.3901098901098901
900,0.3454045954045955
901,0.41008991008991014
902,0.4238261738261739
903,0.4420579420579421
904,0.3553946053946055
905,0.44930069930069927
906,0.44580419580419584
907,0.31093906093906093
908,0.39135864135864146
909,0.27772227772227775
910,0.4105894105894106
911,0.49350649350649356
912,0.4188311688311689
913,0.37762237762237766
914,0.3911088911088912
915,0.4463036963036964
916,0.4340659340659342
917,0.4525474525474527
918,0.40734265734265745
919,0.3521478521478522
920,0.4385614385614387
921,0.3846153846153846
922,0.523976023976024
923,0.4545454545454546
924,0.40859140859140863
925,0.41533466533466534
926,0.44605394605394616
927,0.4415584415584416
928,0.4720279720279721
929,0.44805194805194815
930,0.4825174825174826
931,0.4428071928071929
932,0.45404595404595416
933,0.48501498501498513
934,0.5042457542457542
935,0.4642857142857143
936,0.41408591408591416
937,0.30594405594405594
938,0.4995004995004995
939,0.3828671328671329
940,0.4118381618381619
941,0.4053446553446554
942,0.5279720279720281
943,0.38311688311688313
944,0.47602397602397606
945,0.3281718281718282
946,0.45379620379620383
947,0.4280719280719281
948,0.3996003996003997
949,0.37537462537462546
950,0.367882117882118
951,0.41008991008991014
952,0.4502997002997004
953,0.5097402597402597
954,0.3748751248751249
955,0.4413086913086913
956,0.3646353646353647
957,0.3491508491508491
958,0.3251748251748251
959,0.4190809190809191
960,0.4115884115884116
961,0.37737262737262744
962,0.4223276723276724
963,0.6026473526473526
964,0.41608391608391615
965,0.34665334665334674
966,0.39785214785214784
967,0.4375624375624376
968,0.44680319680319686
969,0.45454545454545464
970,0.578921078921079
971,0.3961038961038962
972,0.4198301698301699
973,0.4418081918081919
974,0.41383616383616395
975,0.46353646353646355
976,0.33816183816183815
977,0.4105894105894106
978,0.3891108891108891
979,0.4483016983016984
980,0.4510489510489511
981,0.3543956043956044
982,0.49625374625374635
983,0.3169330669330669
984,0.3591408591408592
985,0.3896103896103897
986,0.4995004995004996
987,0.5484515484515485
988,0.4388111888111888
989,0.4253246753246754
990,0.5482017982017983
991,0.3906093906093906
992,0.517982017982018
993,0.3296703296703297
994,0.4038461538461538
995,0.43531468531468537
996,0.39160839160839167
997,0.38311688311688313
998,0.36463536463536467
999,0.4557942057942059
1000,0.42782217782217785
1001,0.44830169830169836
1002,0.3296703296703297
1003,0.40659340659340665
1004,0.3494005994005994
1005,0.4902597402597403
1006,0.2999500499500499
1007,0.43081918081918086
1008,0.4005994005994006
1009,0.4108391608391609
1010,0.41408591408591405
1011,0.382867132867133
1012,0.3461538461538462
1013,0.32292707292707296
1014,0.46553446553446565
1015,0.44480519480519487
1016,0.33866133866133863
1017,0.3788711288711289
1018,0.36338661338661354
1019,0.5149850149850149
1020,0.3206793206793207
1021,0.5124875124875127
1022,0.39660339660339666
1023,0.3204295704295705
1024,0.4572927072927073
1025,0.4433066933066933
1026,0.5604395604395606
1027,0.4280719280719282
1028,0.46953046953046956
1029,0.403846153846154
1030,0.41933066933066937
1031,0.39485514485514495
1032,0.39435564435564446
1033,0.5307192807192808
1034,0.42282717282717286
1035,0.32242757242757253
1036,0.4243256743256744
1037,0.302947052947053
1038,0.42382617382617394
1039,0.45979020979020985
1040,0.4777722277722278
1041,0.4455544455544456
1042,0.48351648351648363
1043,0.47402597402597396
1044,0.43331668331668327
1045,0.4940059940059941
1046,0.39360639360639366
1047,0.44605394605394616
1048,0.36913086913086923
1049,0.5506993006993007
1050,0.3231768231768232
1051,0.48576423576423583
1052,0.39885114885114886
1053,0.4205794205794207
1054,0.42132867132867136
1055,0.35289710289710297
1056,0.4213286713286714
1057,0.31043956043956056
1058,0.29520479520479526
1059,0.34115884115884115
1060,0.3266733266733267
1061,0.36988011988011993
1062,0.4128371628371629
1063,0.4053446553446554
1064,0.4438061938061938
1065,0.3823676323676324
1066,0.45529470529470534
1067,0.3748751248751249
1068,0.4150849150849151
1069,0.31218781218781216
1070,0.36363636363636365
1071,0.4145854145854146
1072,0.3703796203796204
1073,0.36588411588411596
1074,0.3776223776223776
1075,0.5277222777222778
1076,0.46178821178821183
1077,0.5352147852147853
1078,0.4128371628371629
1079,0.31318681318681324
1080,0.4745254745254745
1081,0.4208291708291708
1082,0.3501498501498502
1083,0.4250749250749251
1084,0.35039960039960055
1085,0.4652847152847154
1086,0.37137862137862143
1087,0.3818681318681319
1088,0.41433566433566443
1089,0.3926073926073927
1090,0.3406593406593408
1091,0.3828671328671329
1092,0.441808191808192
1093,0.3516483516483517
1094,0.4185814185814186
1095,0.3918581418581419
1096,0.3653846153846155
1097,0.4438061938061938
1098,0.4133366633366634
1099,0.35639360639360645
1100,0.3596403596403596
1101,0.36838161838161837
1102,0.4135864135864137
1103,0.4353146853146854
1104,0.4717782217782219
1105,0.46003996003996006
1106,0.37262737262737267
1107,0.30994005994005996
1108,0.425824175824176
1109,0.44005994005994004
1110,0.5634365634365636
1111,0.3474025974025975
1112,0.4827672327672328
1113,0.43631368631368633
1114,0.40359640359640364
1115,0.5299700299700301
1116,0.3801198801198802
1117,0.3638861138861138
1118,0.3431568431568433
1119,0.3801198801198802
1120,0.46578421578421586
1121,0.45504495504495507
1122,0.38186813186813195
1123,0.348901098901099
1124,0.4930069930069931
1125,0.36488511488511494
1126,0.37262737262737267
1127,0.33066933066933063
1128,0.3981018981018982
1129,0.4138361638361638
1130,0.3626373626373627
1131,0.4073426573426574
1132,0.47502497502497515
1133,0.3878621378621379
1134,0.3636363636363637
1135,0.5354645354645354
1136,0.4413086913086913
1137,0.38611388611388614
1138,0.36538461538461536
1139,0.43831168831168826
1140,0.42057942057942066
1141,0.44505494505494514
1142,0.512987012987013
1143,0.49450549450549464
1144,0.35564435564435565
1145,0.4617882117882119
1146,0.365884115884116
1147,0.45779220779220786
1148,0.3394105894105894
1149,0.37087912087912095
1150,0.44655344655344653
1151,0.41483516483516486
1152,0.45979020979020985
1153,0.3513986013986016
1154,0.42457542457542463
1155,0.4013486513486514
1156,0.4792707292707293
1157,0.3881118881118882
1158,0.3698801198801199
1159,0.3518981018981019
1160,0.28771228771228774
1161,0.3836163836163836
1162,0.39885114885114886
1163,0.37237762237762245
1164,0.4493006993006993
1165,0.5332167832167832
1166,0.3523976023976024
1167,0.37187812187812186
1168,0.33691308691308697
1169,0.3986013986013987
1170,0.3429070929070929
1171,0.35389610389610393
1172,0.38911088911088915
1173,0.4527972027972028
1174,0.5187312687312688
1175,0.45754245754245765
1176,0.4350649350649351
1177,0.35064935064935066
1178,0.4455544455544456
1179,0.4053446553446553
1180,0.4010989010989011
1181,0.38286713286713286
1182,0.43006993006993016
1183,0.39485514485514495
1184,0.3936063936063937
1185,0.35339660339660345
1186,0.42682317682317683
1187,0.3808691308691309
1188,0.44680319680319686
1189,0.4790209790209791
1190,0.3828671328671329
1191,0.3394105894105894
1192,0.3916083916083917
1193,0.4333166833166834
1194,0.37737262737262744
1195,0.5107392607392608
1196,0.29170829170829177
1197,0.507992007992008
1198,0.43606393606393606
1199,0.37162837162837176
1200,0.4000999000999002
1201,0.46653346653346656
1202,0.38961038961038963
1203,0.527972027972028
1204,0.4243256743256743
1205,0.42682317682317683
1206,0.2874625374625375
1207,0.3479020979020979
1208,0.41658341658341663
1209,0.32042957042957043
1210,0.25299700299700306
1211,0.5487012987012988
1212,0.48176823176823186
1213,0.4665334665334666
1214,0.47727272727272724
1215,0.38386613386613394
1216,0.5012487512487513
1217,0.3943556443556444
1218,0.36613386613386617
1219,0.4168331668331669
1220,0.4865134865134865
1221,0.44680319680319686
1222,0.344905094905095
1223,0.49150849150849163
1224,0.4018481518481519
1225,0.45929070929070936
1226,0.3701298701298702
1227,0.43581418581418585
1228,0.40184815184815187
1229,0.537962037962038
1230,0.3541458541458541
1231,0.3976023976023977
1232,0.2897102897102897
1233,0.3796203796203797
1234,0.3371628371628372
1235,0.3803696303696304
1236,0.47727272727272735
1237,0.4915084915084916
1238,0.3471528471528472
1239,0.39635364635364645
1240,0.5267232767232768
1241,0.40659340659340665
1242,0.5269730269730271
1243,0.4118381618381619
1244,0.3638861138861139
1245,0.5122377622377623
1246,0.3748751248751249
1247,0.5671828171828172
1248,0.45579420579420576
1249,0.33091908091908095
1250,0.4233266733266734
1251,0.4795204795204796
1252,0.517982017982018
1253,0.37462537462537465
1254,0.5394605394605396
1255,0.3838661338661339
1256,0.47527472527472536
1257,0.3516483516483517
1258,0.42607392607392613
1259,0.27472527472527475
1260,0.3943556443556444
1261,0.44580419580419584
1262,0.3948551448551449
1263,0.4295704295704296
1264,0.44680319680319686
1265,0.3863636363636364
1266,0.3846153846153847
1267,0.25999000999001004
1268,0.41608391608391615
1269,0.48026973026973035
1270,0.42882117882117887
1271,0.35489510489510495
1272,0.41333666333666336
1273,0.39010989010989017
1274,0.41708291708291717
1275,0.4745254745254745
1276,0.37962037962037964
1277,0.36563436563436563
1278,0.41983016983016996
1279,0.4727772227772228
1280,0.4115884115884117
1281,0.4268231768231769
1282,0.4063436563436564
1283,0.31543456543456544
1284,0.4310689310689311
1285,0.4827672327672328
1286,0.45979020979020974
1287,0.49000999000999
1288,0.3826173826173826
1289,0.4305694305694306
1290,0.5127372627372627
1291,0.4065934065934066
1292,0.3813686313686314
1293,0.3404095904095904
1294,0.41533466533466534
1295,0.5374625374625375
1296,0.4095904095904097
1297,0.4363136863136864
1298,0.4000999000999001
1299,0.4253246753246754
1300,0.4520479520479522
1301,0.4717782217782219
1302,0.3966033966033966
1303,0.46378621378621376
1304,0.4075924075924076
1305,0.40959040959040965
1306,0.4018481518481519
1307,0.38211788211788217
1308,0.4505494505494506
1309,0.513986013986014
1310,0.4592907092907093
1311,0.391858141858142
1312,0.4455544455544456
1313,0.4068431568431569
1314,0.361888111888112
1315,0.5012487512487513
1316,0.42032967032967034
1317,0.4023476523476524
1318,0.40734265734265734
1319,0.42407592407592415
1320,0.37587412587412594
1321,0.3566433566433567
1322,0.5207292707292708
1323,0.30994005994005996
1324,0.5252247752247753
1325,0.47952047952047966
1326,0.4368131868131869
1327,0.36888111888111885
1328,0.29545454545454547
1329,0.3781218781218781
1330,0.3256743256743257
1331,0.40434565434565434
1332,0.3971028971028972
1333,0.45904095904095904
1334,0.4195804195804197
1335,0.500999000999001
1336,0.4637862137862138
1337,0.3786213786213787
1338,0.3578921078921079
1339,0.4045954045954048
1340,0.29270729270729273
1341,0.3416583416583418
1342,0.4373126873126873
1343,0.38761238761238764
1344,0.3941058941058941
1345,0.4707792207792208
1346,0.3464035964035964
1347,0.44705294705294707
1348,0.4153346653346654
1349,0.3528971028971029
1350,0.3711288711288712
1351,0.4488011988011989
1352,0.4375624375624376
1353,0.4398101898101899
1354,0.5589410589410589
1355,0.49100899100899104
1356,0.3469030969030969
1357,0.3543956043956044
1358,0.367882117882118
1359,0.3616383616383617
1360,0.3791208791208792
1361,0.40034965034965037
1362,0.40059940059940063
1363,0.48026973026973035
1364,0.39010989010989017
1365,0.34415584415584427
1366,0.39335664335664333
1367,0.3371628371628372
1368,0.5322177822177823
1369,0.5289710289710291
1370,0.4230769230769231
1371,0.4880119880119881
1372,0.3803696303696304
1373,0.4368131868131869
1374,0.4448051948051948
1375,0.3933566433566434
1376,0.34390609390609395
1377,0.49900099900099903
1378,0.3591408591408591
1379,0.4178321678321679
1380,0.34415584415584416
1381,0.476023976023976
1382,0.4595404595404595
1383,0.4048451548451549
1384,0.3816183816183817
1385,0.40859140859140863
1386,0.47577422577422585
1387,0.42857142857142855
1388,0.41358641358641357
1389,0.3923576423576424
1390,0.4827672327672327
1391,0.4368131868131869
1392,0.4702797202797203
1393,0.3386613386613387
1394,0.42182817182817184
1395,0.4782717282717284
1396,0.39910089910089913
1397,0.315934065934066
1398,0.486013986013986
1399,0.36988011988011993
1400,0.3254245754245755
1401,0.34890109890109905
1402,0.40709290709290713
1403,0.34240759240759244
1404,0.38336663336663346
1405,0.34990009990009996
1406,0.3401598401598402
1407,0.41508491508491513
1408,0.3666333666333667
1409,0.4113386613386614
1410,0.4742757242757244
1411,0.31493506493506496
1412,0.3583916083916084
1413,0.3424075924075925
1414,0.4070929070929071
1415,0.6101398601398602
1416,0.4777722277722279
1417,0.4745254745254746
1418,0.274975024975025
1419,0.2907092907092907
1420,0.43881118881118886
1421,0.45154845154845163
1422,0.35339660339660345
1423,0.46578421578421586
1424,0.3933566433566434
1425,0.3386613386613387
1426,0.3541458541458543
1427,0.31818181818181823
1428,0.3256743256743257
1429,0.253996003996004
1430,0.42607392607392613
1431,0.3658841158841159
1432,0.4295704295704296
1433,0.3391608391608392
1434,0.37287712287712294
1435,0.38336663336663335
1436,0.39160839160839167
1437,0.30769230769230776
1438,0.3216783216783217
1439,0.3364135864135865
1440,0.43231768231768225
1441,0.38836163836163834
1442,0.3983516483516484
1443,0.5387112887112888
1444,0.26998001998002
1445,0.32192807192807205
1446,0.4827672327672329
1447,0.3673826173826174
1448,0.4215784215784216
1449,0.43956043956043966
1450,0.49000999000999
1451,0.4540459540459541
1452,0.33891108891108884
1453,0.40759240759240767
1454,0.33841158841158847
1455,0.5084915084915086
1456,0.4153346653346654
1457,0.39360639360639366
1458,0.3893606393606394
1459,0.5154845154845156
1460,0.3474025974025975
1461,0.4010989010989012
1462,0.3181818181818183
1463,0.41683316683316685
1464,0.32992007992007993
1465,0.35764235764235774
1466,0.34465534465534464
1467,0.3756243756243757
1468,0.3693806193806194
1469,0.385864135864136
1470,0.4230769230769231
1471,0.42757242757242764
1472,0.2772227772227773
1473,0.4912587412587413
1474,0.4243256743256744
1475,0.4665334665334666
1476,0.3553946053946055
1477,0.4278221778221779
1478,0.38536463536463544
1479,0.3164335664335665
1480,0.4512987012987013
1481,0.46853146853146865
1482,0.3641358641358642
1483,0.45829170829170834
1484,0.4438061938061938
1485,0.31143856143856147
1486,0.4298201798201799
1487,0.33441558441558444
1488,0.4183316683316684
1489,0.3523976023976024
1490,0.4108391608391609
1491,0.46753246753246763
1492,0.4560439560439561
1493,0.4752747252747253
1494,0.4253246753246754
1495,0.38261738261738254
1496,0.44105894105894106
1497,0.44580419580419584
1498,0.43706293706293703
1499,0.36663336663336665
1500,0.5182317682317683
1501,0.3808691308691309
1502,0.3741258741258741
1503,0.33941058941058955
1504,0.4115884115884116
1505,0.4807692307692308
1506,0.3441558441558442
1507,0.3656343656343656
1508,0.3648851148851149
1509,0.40084915084915085
1510,0.43281718281718284
1511,0.4318181818181818
1512,0.5814185814185814
1513,0.3336663336663337
1514,0.34090909090909094
1515,0.4238261738261739
1516,0.4448051948051949
1517,0.5219780219780221
1518,0.41483516483516486
1519,0.3254245754245755
1520,0.4383116883116883
1521,0.4610389610389611
1522,0.6116383616383618
1523,0.34790209790209786
1524,0.39885114885114886
1525,0.3766233766233768
1526,0.4180819180819181
1527,0.47252747252747257
1528,0.2604895104895105
1529,0.29695304695304703
1530,0.48751248751248755
1531,0.39735264735264736
1532,0.4258241758241758
1533,0.39160839160839167
1534,0.4200799200799201
1535,0.4865134865134865
1536,0.4495504495504496
1537,0.3903596403596405
1538,0.39835164835164844
1539,0.4997502497502498
1540,0.507992007992008
1541,0.3334165834165835
1542,0.40759240759240767
1543,0.47802197802197804
1544,0.4128371628371628
1545,0.4405594405594406
1546,0.4088411588411588
1547,0.3736263736263737
1548,0.5574425574425577
1549,0.390859140859141
1550,0.44880119880119895
1551,0.5574425574425574
1552,0.48076923076923084
1553,0.42257742257742253
1554,0.3763736263736265
1555,0.361888111888112
1556,0.4455544455544456
1557,0.3796203796203796
1558,0.3726273726273726
1559,0.5247252747252749
1560,0.39360639360639355
1561,0.3813686313686314
1562,0.3561438561438562
1563,0.4380619380619381
1564,0.45629370629370636
1565,0.4030969030969031
1566,0.4637862137862138
1567,0.5636863136863137
1568,0.4155844155844156
1569,0.4837662337662338
1570,0.5282217782217783
1571,0.434065934065934
1572,0.3568931068931069
1573,0.30319680319680326
1574,0.40584415584415584
1575,0.37512487512487513
1576,0.45004995004995013
1577,0.4917582417582419
1578,0.5067432567432568
1579,0.36138861138861145
1580,0.48126873126873126
1581,0.4542957042957044
1582,0.42482517482517496
1583,0.3196803196803197
1584,0.3344155844155844
1585,0.4208291708291709
1586,0.4607892107892109
1587,0.4600399600399601
1588,0.3966033966033967
1589,0.3351648351648352
1590,0.39885114885114886
1591,0.4942557442557442
1592,0.4305694305694306
1593,0.29120879120879134
1594,0.38811188811188824
1595,0.3923576423576423
1596,0.489010989010989
1597,0.34590409590409593
1598,0.5264735264735265
1599,0.5354645354645355
1600,0.40459540459540466
1601,0.43781218781218784
1602,0.41233766233766234
1603,0.34690309690309695
1604,0.343906093906094
1605,0.30044955044955046
1606,0.4105894105894106
1607,0.44855144855144863
1608,0.42632367632367646
1609,0.4075924075924076
1610,0.4320679320679321
1611,0.5264735264735265
1612,0.4872627372627373
1613,0.45779220779220786
1614,0.4130869130869131
1615,0.4155844155844156
1616,0.45629370629370636
1617,0.4960039960039961
1618,0.44655344655344653
1619,0.3751248751248752
1620,0.42957042957042957
1621,0.4128371628371629
1622,0.41933066933066937
1623,0.5242257742257743
1624,0.4950049950049951
1625,0.46728271728271736
1626,0.4145854145854146
1627,0.418831168831169
1628,0.3446553446553447
1629,0.44755244755244755
1630,0.37962037962037964
1631,0.4060939060939061
1632,0.39360639360639355
1633,0.4265734265734266
1634,0.5756743256743257
1635,0.5212287712287712
1636,0.43206793206793215
1637,0.48201798201798207
1638,0.3394105894105894
1639,0.45604395604395603
1640,0.48576423576423583
1641,0.41333666333666336
1642,0.40759240759240767
1643,0.35189810189810194
1644,0.3816183816183817
1645,0.32742257742257747
1646,0.41983016983016974
1647,0.5646853146853148
1648,0.4480519480519481
1649,0.32692307692307704
1650,0.25149850149850156
1651,0.40534465534465536
1652,0.34865134865134867
1653,0.2944555444555445
1654,0.41283716283716293
1655,0.37412587412587417
1656,0.367882117882118
1657,0.4310689310689311
1658,0.4415584415584416
1659,0.46728271728271736
1660,0.4845154845154845
1661,0.3943556443556444
1662,0.4955044955044956
1663,0.39360639360639366
1664,0.348901098901099
1665,0.4770229770229771
1666,0.36613386613386617
1667,0.4672827172827173
1668,0.36988011988011993
1669,0.2664835164835165
1670,0.3431568431568432
1671,0.3791208791208791
1672,0.41083916083916094
1673,0.3908591408591409
1674,0.32617382617382623
1675,0.4453046953046953
1676,0.44705294705294707
1677,0.46653346653346656
1678,0.3941058941058942
1679,0.5114885114885116
1680,0.4770229770229771
1681,0.40984015984015987
1682,0.40509490509490503
1683,0.46003996003996006
1684,0.40509490509490514
1685,0.3836163836163836
1686,0.4677822177822178
1687,0.3521478521478522
1688,0.40209790209790214
1689,0.3691308691308692
1690,0.4962537462537463
1691,0.5102397602397603
1692,0.47102897102897107
1693,0.38186813186813184
1694,0.5192307692307693
1695,0.34740259740259744
1696,0.4330669330669331
1697,0.300949050949051
1698,0.41108891108891116
1699,0.303946053946054
1700,0.35814185814185817
1701,0.4662837162837163
1702,0.38386613386613394
1703,0.5591908091908093
1704,0.4388111888111889
1705,0.302947052947053
1706,0.36338661338661343
1707,0.4910089910089911
1708,0.5457042957042958
1709,0.297952047952048
1710,0.3044455544455545
1711,0.3946053946053946
1712,0.3531468531468532
1713,0.39135864135864135
1714,0.4547952047952048
1715,0.35064935064935077
1716,0.40309690309690316
1717,0.40634365634365643
1718,0.40759240759240756
1719,0.46603396603396613
1720,0.4388111888111888
1721,0.4550449550449551
1722,0.511988011988012
1723,0.4600399600399601
1724,0.3526473526473527
1725,0.4670329670329671
1726,0.3361638361638362
1727,0.4008491508491509
1728,0.40184815184815176
1729,0.34965034965034963
1730,0.4740259740259741
1731,0.2724775224775225
1732,0.3833666333666334
1733,0.38586413586413587
1734,0.3231768231768232
1735,0.3041958041958042
1736,0.28971028971028984
1737,0.46753246753246763
1738,0.3346653346653347
1739,0.3768731268731269
1740,0.36713286713286714
1741,0.3114385614385616
1742,0.44905094905094906
1743,0.3911088911088911
1744,0.4950049950049951
1745,0.3803696303696305
1746,0.4857642357642358
1747,0.4735264735264736
1748,0.38236763236763244
1749,0.41358641358641357
1750,0.36238761238761236
1751,0.49900099900099903
1752,0.43881118881118886
1753,0.4797702297702298
1754,0.3201798201798202
1755,0.4760239760239761
1756,0.4155844155844156
1757,0.4695304695304695
1758,0.4707792207792208
1759,0.5506993006993007
1760,0.48326673326673336
1761,0.4582917082917084
1762,0.4642857142857143
1763,0.4175824175824176
1764,0.45179820179820185
1765,0.3296703296703297
1766,0.42607392607392613
1767,0.39735264735264736
1768,0.4150849150849152
1769,0.48676323676323685
1770,0.29295704295704306
1771,0.49025974025974034
1772,0.41508491508491513
1773,0.43381618381618386
1774,0.4428071928071929
1775,0.57992007992008
1776,0.4767732267732268
1777,0.4493006993006993
1778,0.4907592407592408
1779,0.44905094905094906
1780,0.3636363636363637
1781,0.4992507492507493
1782,0.3546453546453547
1783,0.5292207792207793
1784,0.3921078921078922
1785,0.2752247752247753
1786,0.5202297702297703
1787,0.5187312687312688
1788,0.4990009990009991
1789,0.4445554445554447
1790,0.44155844155844165
1791,0.28771228771228774
1792,0.5934065934065934
1793,0.482017982017982
1794,0.33516483516483525
1795,0.3791208791208791
1796,0.41433566433566443
1797,0.3873626373626374
1798,0.4902597402597403
1799,0.4210789210789211
1800,0.33666333666333675
1801,0.3566433566433567
1802,0.4580419580419581
1803,0.4547952047952049
1804,0.4440559440559441
1805,0.47077922077922085
1806,0.31468531468531474
1807,0.3968531468531468
1808,0.4023476523476524
1809,0.3863636363636364
1810,0.4235764235764236
1811,0.43306693306693306
1812,0.5174825174825176
1813,0.3826173826173827
1814,0.4667832167832168
1815,0.3943556443556444
1816,0.36663336663336665
1817,0.33091908091908095
1818,0.3459040959040959
1819,0.5172327672327672
1820,0.3121878121878122
1821,0.3611388611388612
1822,0.4490509490509491
1823,0.49575424575424576
1824,0.43431568431568435
1825,0.4030969030969031
1826,0.47952047952047966
1827,0.4008491508491509
1828,0.5074925074925075
1829,0.3731268731268732
1830,0.4223276723276724
1831,0.3826173826173826
1832,0.4243256743256743
1833,0.48701298701298706
1834,0.5252247752247752
1835,0.3296703296703297
1836,0.4035964035964036
1837,0.3911088911088912
1838,0.4712787212787214
1839,0.361888111888112
1840,0.3766233766233766
1841,0.36413586413586424
1842,0.44155844155844165
1843,0.3906093906093906
1844,0.39410589410589403
1845,0.4008491508491509
1846,0.4892607392607392
1847,0.45754245754245765
1848,0.4445554445554446
1849,0.4405594405594407
1850,0.47052947052947053
1851,0.41658341658341663
1852,0.39210789210789215
1853,0.48451548451548454
1854,0.3571428571428572
1855,0.4050949050949052
1856,0.48101898101898116
1857,0.525974025974026
1858,0.29195804195804204
1859,0.31768231768231775
1860,0.39735264735264736
1861,0.5239760239760239
1862,0.4625374625374626
1863,0.3703796203796204
1864,0.5012487512487513
1865,0.4732767232767233
1866,0.308941058941059
1867,0.3823676323676324
1868,0.5457042957042958
1869,0.4695304695304695
1870,0.37062937062937057
1871,0.5479520479520481
1872,0.36238761238761247
1873,0.3266733266733267
1874,0.30544455544455545
1875,0.3331668331668332
1876,0.37137862137862143
1877,0.44380619380619396
1878,0.4942557442557442
1879,0.2547452547452548
1880,0.501998001998002
1881,0.34415584415584416
1882,0.6278721278721279
1883,0.5107392607392608
1884,0.36313686313686316
1885,0.49575424575424576
1886,0.37662337662337675
1887,0.39035964035964044
1888,0.4532967032967033
1889,0.4350649350649351
1890,0.3901098901098901
1891,0.4747752247752249
1892,0.4532967032967034
1893,0.3376623376623376
1894,0.3948551448551449
1895,0.6296203796203796
1896,0.38536463536463544
1897,0.4395604395604396
1898,0.4318181818181818
1899,0.39960039960039967
1900,0.554945054945055
1901,0.30244755244755245
1902,0.3698801198801199
1903,0.3933566433566434
1904,0.4003496503496504
1905,0.3503996003996005
1906,0.3806193806193807
1907,0.3843656343656344
1908,0.361888111888112
1909,0.3456543456543457
1910,0.4722777222777224
1911,0.4350649350649351
1912,0.3424075924075924
1913,0.4458041958041959
1914,0.43381618381618386
1915,0.4185814185814186
1916,0.4572927072927074
1917,0.43931068931068934
1918,0.3668831168831169
1919,0.35264735264735275
1920,0.42632367632367635
1921,0.36788211788211794
1922,0.4155844155844156
1923,0.4333166833166834
1924,0.5064935064935067
1925,0.3898601398601399
1926,0.4785214785214786
1927,0.4540459540459541
1928,0.33616383616383627
1929,0.4113386613386614
1930,0.4675324675324676
1931,0.45654345654345657
1932,0.4630369630369631
1933,0.3871128871128871
1934,0.35539460539460543
1935,0.40509490509490503
1936,0.35314685314685323
1937,0.4240759240759241
1938,0.37062937062937057
1939,0.4465534465534466
1940,0.4198301698301699
1941,0.4038461538461539
1942,0.35414585414585414
1943,0.4183316683316684
1944,0.42982017982017995
1945,0.42057942057942066
1946,0.5324675324675325
1947,0.41708291708291717
1948,0.5147352647352648
1949,0.3164335664335664
1950,0.5816683316683317
1951,0.34715284715284717
1952,0.5082417582417583
1953,0.4025974025974027
1954,0.37287712287712294
1955,0.39135864135864135
1956,0.39110889110889113
1957,0.35664335664335667
1958,0.5199800199800201
1959,0.5022477522477522
1960,0.35739260739260753
1961,0.45329670329670335
1962,0.39435564435564435
1963,0.3761238761238762
1964,0.37587412587412594
1965,0.4725274725274726
1966,0.5342157842157843
1967,0.3691308691308692
1968,0.5157342657342657
1969,0.42182817182817184
1970,0.3661338661338661
1971,0.5252247752247753
1972,0.44580419580419584
1973,0.4043456543456544
1974,0.49325674325674335
1975,0.469030969030969
1976,0.3568931068931069
1977,0.44980019980019986
1978,0.250999000999001
1979,0.4100899100899101
1980,0.4642857142857143
1981,0.4580419580419581
1982,0.3953546453546454
1983,0.33191808191808203
1984,0.3406593406593407
1985,0.34990009990009996
1986,0.3551448551448552
1987,0.4410589410589411
1988,0.4747752247752248
1989,0.5197302697302698
1990,0.4600399600399601
1991,0.34040959040959035
1992,0.4105894105894107
1993,0.40584415584415584
1994,0.40459540459540466
1995,0.37737262737262733
1996,0.5424575424575425
1997,0.37662337662337675
1998,0.40159840159840154
1999,0.48126873126873126
2000,0.3793706293706295
2001,0.29595404595404595
2002,0.42757242757242764
2003,0.4420579420579421
2004,0.41133866133866137
2005,0.37987012987012986
2006,0.3381618381618382
2007,0.5636863136863137
2008,0.5252247752247753
2009,0.3991008991008992
2010,0.36188811188811193
2011,0.31393606393606394
2012,0.3823676323676325
2013,0.4825174825174826
2014,0.314935064935065
2015,0.46903096903096914
2016,0.5626873126873128
2017,0.4045954045954046
2018,0.3978521478521479
2019,0.390859140859141
2020,0.41333666333666336
2021,0.39010989010989017
2022,0.5589410589410589
2023,0.40334665334665337
2024,0.3866133866133866
2025,0.40884115884115885
2026,0.4200799200799201
2027,0.5202297702297703
2028,0.3416583416583416
2029,0.35914085914085925
2030,0.44380619380619385
2031,0.4735264735264736
2032,0.29345654345654354
2033,0.4383116883116884
2034,0.4922577422577422
2035,0.3536463536463537
2036,0.3811188811188812
2037,0.4250749250749251
2038,0.36163836163836166
2039,0.39560439560439564
2040,0.4962537462537463
2041,0.39335664335664333
2042,0.4240759240759241
2043,0.4208291708291709
2044,0.48176823176823186
2045,0.42607392607392613
2046,0.27022977022977024
2047,0.3461538461538462
2048,0.3953546453546454
2049,0.40409590409590423
2050,0.39960039960039956
2051,0.3853646353646355
2052,0.4033466533466535
2053,0.4063436563436564
2054,0.3399100899100899
2055,0.3896103896103895
2056,0.4243256743256744
2057,0.3933566433566434
2058,0.46578421578421586
2059,0.38836163836163845
2060,0.3571428571428572
2061,0.4657842157842159
2062,0.3911088911088912
2063,0.3374125874125874
2064,0.5689310689310692
2065,0.34490509490509497
2066,0.36213786213786214
2067,0.38611388611388614
2068,0.4527972027972028
2069,0.4535464535464536
2070,0.37987012987012997
2071,0.4725274725274726
2072,0.39785214785214784
2073,0.41083916083916083
2074,0.41458541458541465
2075,0.45429570429570443
2076,0.4835164835164836
2077,0.4550449550449551
2078,0.4060939060939061
2079,0.4143356643356643
2080,0.39485514485514495
2081,0.38036963036963034
2082,0.4208291708291709
2083,0.4235764235764236
2084,0.44955044955044965
2085,0.36938061938061933
2086,0.3646353646353648
2087,0.44430569430569433
2088,0.4363136863136864
2089,0.43556443556443564
2090,0.4448051948051948
2091,0.43506493506493504
2092,0.5082417582417583
2093,0.268981018981019
2094,0.5024975024975026
2095,0.42782217782217785
2096,0.5014985014985015
2097,0.44755244755244755
2098,0.32942057942057945
2099,0.46703296703296704
2100,0.38686313686313684
2101,0.4712787212787214
2102,0.3733766233766235
2103,0.4787712287712288
2104,0.46153846153846156
2105,0.3336663336663337
2106,0.3573926073926074
2107,0.4058441558441559
2108,0.4473026973026973
2109,0.3214285714285715
2110,0.3773726273726275
2111,0.35789210789210785
2112,0.5157342657342657
2113,0.3676323676323677
2114,0.34990009990009996
2115,0.3411588411588412
2116,0.3768731268731269
2117,0.4085914085914086
2118,0.47577422577422585
2119,0.47702297702297713
2120,0.32017982017982016
2121,0.4413086913086914
2122,0.3264235764235765
2123,0.3986013986013987
2124,0.448051948051948
2125,0.3324175824175825
2126,0.4240759240759241
2127,0.41658341658341663
2128,0.3886113886113886
2129,0.42282717282717286
2130,0.40909090909090917
2131,0.4010989010989012
2132,0.4507992007992008
2133,0.46053946053946054
2134,0.3261738261738262
2135,0.37012987012987014
2136,0.3386613386613387
2137,0.40884115884115896
2138,0.33966033966033965
2139,0.3893606393606394
2140,0.377872127872128
2141,0.4433066933066933
2142,0.37112887112887105
2143,0.4040959040959042
2144,0.3981018981018981
2145,0.5744255744255745
2146,0.4345654345654347
2147,0.498001998001998
2148,0.3209290709290709
2149,0.47652347652347665
2150,0.31918081918081925
2151,0.5104895104895105
2152,0.4115884115884116
2153,0.3898601398601399
2154,0.4118381618381619
2155,0.41783216783216787
2156,0.42832167832167845
2157,0.4060939060939061
2158,0.4717782217782219
2159,0.4353146853146853
2160,0.3613886113886115
2161,0.592907092907093
2162,0.4125874125874126
2163,0.42657342657342656
2164,0.5302197802197802
2165,0.38486513486513496
2166,0.36363636363636365
2167,0.2857142857142857
2168,0.39760239760239763
2169,0.39210789210789215
2170,0.4565434565434566
2171,0.38411588411588415
2172,0.512987012987013
2173,0.3828671328671329
2174,0.5232267732267734
2175,0.4465534465534466
2176,0.38286713286713286
2177,0.4305694305694306
2178,0.3753746253746254
2179,0.4522977022977024
2180,0.4595404595404596
2181,0.34765234765234776
2182,0.3843656343656345
2183,0.6096403596403598
2184,0.4253246753246754
2185,0.3573926073926074
2186,0.3938561438561439
2187,0.36613386613386617
2188,0.43281718281718284
2189,0.3856143856143856
2190,0.3474025974025974
2191,0.5467032967032969
2192,0.3516483516483517
2193,0.4930069930069931
2194,0.40159840159840166
2195,0.4705294705294706
2196,0.3746253746253747
2197,0.4078421578421579
2198,0.41908091908091916
2199,0.41683316683316685
2200,0.43056943056943064
2201,0.36088911088911096
2202,0.4145854145854146
2203,0.4917582417582418
2204,0.40084915084915096
2205,0.557942057942058
2206,0.455794205794206
2207,0.331918081918082
2208,0.4253246753246754
2209,0.4300699300699301
2210,0.3718781218781219
2211,0.44080919080919084
2212,0.4982517482517484
2213,0.4318181818181818
2214,0.3776223776223776
2215,0.4258241758241759
2216,0.37387612387612396
2217,0.4083416583416583
2218,0.3424075924075925
2219,0.4320679320679321
2220,0.5771728271728273
2221,0.31943056943056947
2222,0.47727272727272724
2223,0.44105894105894106
2224,0.3466533466533467
2225,0.4627872127872128
2226,0.5112387612387613
2227,0.38536463536463544
2228,0.41833166833166835
2229,0.35014985014985023
2230,0.4692807192807193
2231,0.4215784215784216
2232,0.3783716283716285
2233,0.2882117882117883
2234,0.4210789210789211
2235,0.32917082917082924
2236,0.297952047952048
2237,0.5122377622377623
2238,0.3668831168831169
2239,0.38711288711288716
2240,0.5342157842157843
2241,0.5639360639360641
2242,0.4253246753246754
2243,0.40209790209790214
2244,0.3194305694305694
2245,0.36663336663336665
2246,0.31718281718281727
2247,0.3241758241758242
2248,0.39585414585414586
2249,0.35539460539460555
2250,0.508991008991009
2251,0.41758241758241754
2252,0.30694305694305696
2253,0.39985014985014994
2254,0.42282717282717286
2255,0.4295704295704296
2256,0.3161838161838162
2257,0.36863136863136875
2258,0.41108891108891105
2259,0.4115884115884116
2260,0.5037462537462538
2261,0.27447552447552453
2262,0.5112387612387613
2263,0.40459540459540466
2264,0.38061938061938067
2265,0.4350649350649352
2266,0.3556443556443557
2267,0.44080919080919084
2268,0.39185814185814183
2269,0.3503996003996005
2270,0.4705294705294706
2271,0.4393106893106893
2272,0.42732267732267737
2273,0.49175824175824184
2274,0.3718781218781219
2275,0.39685314685314693
2276,0.34565434565434566
2277,0.3581418581418582
2278,0.38061938061938067
2279,0.4488011988011988
2280,0.5492007992007991
2281,0.5407092907092909
2282,0.514985014985015
2283,0.485014985014985
2284,0.382867132867133
2285,0.2894605394605395
2286,0.5262237762237763
2287,0.4660339660339661
2288,0.4672827172827173
2289,0.3496503496503496
2290,0.3623876123876125
2291,0.4145854145854146
2292,0.30044955044955046
2293,0.506993006993007
2294,0.38186813186813195
2295,0.41708291708291717
2296,0.39535464535464543
2297,0.4465534465534466
2298,0.44405594405594406
2299,0.29995004995005
2300,0.34890109890109894
2301,0.37212787212787213
2302,0.4268231768231769
2303,0.25374625374625376
2304,0.39235764235764253
2305,0.43631368631368633
2306,0.36413586413586424
2307,0.5504495504495506
2308,0.39560439560439564
2309,0.3533966033966034
2310,0.3866133866133867
2311,0.39710289710289715
2312,0.527972027972028
2313,0.42707292707292716
2314,0.47027972027972037
2315,0.36463536463536467
2316,0.4425574425574426
2317,0.5089910089910091
2318,0.40784215784215777
2319,0.41308691308691314
2320,0.527972027972028
2321,0.35039960039960044
2322,0.4253246753246754
2323,0.47952047952047966
2324,0.33041958041958047
2325,0.4702797202797203
2326,0.4645354645354646
2327,0.40884115884115885
2328,0.40709290709290713
2329,0.5571928071928072
2330,0.4213286713286714
2331,0.3691308691308692
2332,0.42932067932067935
2333,0.3216783216783217
2334,0.36363636363636365
2335,0.40609390609390605
2336,0.3786213786213787
2337,0.4018481518481519
2338,0.49875124875124877
2339,0.4183316683316684
2340,0.45529470529470534
2341,0.5302197802197802
2342,0.5247252747252749
2343,0.3281718281718282
2344,0.34440559440559443
2345,0.46903096903096914
2346,0.3631368631368633
2347,0.3746253746253747
2348,0.32092907092907097
2349,0.4852647352647354
2350,0.2594905094905095
2351,0.2607392607392608
2352,0.34490509490509497
2353,0.4785214785214786
2354,0.4128371628371629
2355,0.25074925074925075
2356,0.4507992007992008
2357,0.41008991008991014
2358,0.5492007992007991
2359,0.4288211788211788
2360,0.3064435564435564
2361,0.28146853146853146
2362,0.4922577422577423
2363,0.4315684315684316
2364,0.47002997002997005
2365,0.43281718281718284
2366,0.4992507492507494
2367,0.4080919080919082
2368,0.43156843156843155
2369,0.4023476523476524
2370,0.3164335664335664
2371,0.4008491508491509
2372,0.3289210789210789
2373,0.3049450549450549
2374,0.39385614385614387
2375,0.4055944055944057
2376,0.37162837162837165
2377,0.43356643356643365
2378,0.3703796203796204
2379,0.44480519480519487
2380,0.40859140859140863
2381,0.43131868131868123
2382,0.41708291708291717
2383,0.4952547452547453
2384,0.35414585414585414
2385,0.44430569430569433
2386,0.5122377622377623
2387,0.36813186813186816
2388,0.41058941058941073
2389,0.39735264735264736
2390,0.39135864135864135
2391,0.42532467532467544
2392,0.3489010989010989
2393,0.5159840159840161
2394,0.2924575424575425
2395,0.3064435564435565
2396,0.4393106893106893
2397,0.321928071928072
2398,0.37037962037962036
2399,0.3201798201798202
2400,0.4390609390609392
2401,0.35539460539460543
2402,0.40584415584415584
2403,0.5122377622377624
2404,0.45679320679320684
2405,0.44530469530469535
2406,0.41783216783216787
2407,0.48251748251748255
2408,0.43356643356643365
2409,0.44005994005994015
2410,0.4485514485514486
2411,0.5052447552447553
2412,0.544955044955045
2413,0.38536463536463544
2414,0.4807692307692309
2415,0.5114885114885116
2416,0.4383116883116883
2417,0.4762737262737263
2418,0.512987012987013
2419,0.557942057942058
2420,0.40959040959040965
2421,0.29620379620379633
2422,0.4038461538461539
2423,0.3961038961038961
2424,0.4010989010989012
2425,0.3386613386613387
2426,0.4907592407592408
2427,0.3998501498501499
2428,0.43781218781218784
2429,0.4562937062937063
2430,0.4150849150849152
2431,0.45904095904095904
2432,0.37162837162837165
2433,0.42132867132867136
2434,0.38711288711288716
2435,0.3598901098901099
2436,0.46228771228771237
2437,0.49700299700299705
2438,0.4245754245754246
2439,0.4632867132867133
2440,0.39385614385614387
2441,0.3823676323676324
2442,0.362887112887113
2443,0.3126873126873127
2444,0.3571428571428572
2445,0.5574425574425576
2446,0.47352647352647365
2447,0.31368631368631367
2448,0.489010989010989
2449,0.4975024975024975
2450,0.4290709290709291
2451,0.5407092907092909
2452,0.34665334665334674
2453,0.4727772227772228
2454,0.4210789210789212
2455,0.41183816183816185
2456,0.42332667332667334
2457,0.5162337662337663
2458,0.3881118881118882
2459,0.37912087912087916
2460,0.39785214785214784
2461,0.38061938061938067
2462,0.46653346653346656
2463,0.4602897102897104
2464,0.4023476523476524
2465,0.26998001998002
2466,0.42632367632367646
2467,0.4632867132867133
2468,0.29720279720279724
2469,0.5377122877122879
2470,0.47502497502497504
2471,0.40809190809190804
2472,0.3721278721278722
2473,0.3676323676323677
2474,0.4595404595404595
2475,0.47077922077922085
2476,0.5334665334665335
2477,0.3801198801198802
2478,0.300949050949051
2479,0.40859140859140863
2480,0.4418081918081918
2481,0.42932067932067935
2482,0.37412587412587417
2483,0.4070929070929071
2484,0.43331668331668327
2485,0.40384615384615385
2486,0.38811188811188807
2487,0.5002497502497503
2488,0.3643856143856144
2489,0.3658841158841159
2490,0.3911088911088912
2491,0.39360639360639355
2492,0.3531468531468533
2493,0.40509490509490503
2494,0.37037962037962047
2495,0.34190809190809196
2496,0.4595404595404596
2497,0.46128871128871135
2498,0.37062937062937074
2499,0.463036963036963
2500,0.5022477522477524
2501,0.3499000999001
2502,0.36063936063936064
2503,0.3833666333666334
2504,0.4730269730269731
2505,0.42107892107892114
2506,0.40234765234765246
2507,0.3986013986013986
2508,0.33516483516483514
2509,0.4440559440559441
2510,0.3908591408591409
2511,0.4797702297702298
2512,0.390859140859141
2513,0.3531468531468532
2514,0.43456543456543456
2515,0.4712787212787214
2516,0.3274225774225775
2517,0.4737762237762238
2518,0.43106893106893107
2519,0.3351648351648352
2520,0.39160839160839167
2521,0.41133866133866137
2522,0.41758241758241754
2523,0.4283216783216784
2524,0.3698801198801199
2525,0.446053946053946
2526,0.3963536463536465
2527,0.3576423576423577
2528,0.4795204795204796
2529,0.4265734265734266
2530,0.4510489510489511
2531,0.4463036963036963
2532,0.32842157842157843
2533,0.3961038961038962
2534,0.43281718281718284
2535,0.4030969030969032
2536,0.481018981018981
2537,0.36613386613386617
2538,0.3763736263736264
2539,0.33441558441558455
2540,0.5184815184815185
2541,0.3141858141858142
2542,0.4475524475524475
2543,0.4288211788211789
2544,0.42707292707292716
2545,0.4208291708291709
2546,0.48251748251748255
2547,0.6081418581418582
2548,0.4512987012987013
2549,0.4105894105894107
2550,0.4040959040959041
2551,0.49250749250749265
2552,0.46553446553446554
2553,0.42507492507492517
2554,0.3239260739260739
2555,0.4670329670329671
2556,0.4115884115884116
2557,0.4850149850149851
2558,0.4962537462537463
2559,0.4478021978021978
2560,0.44430569430569433
2561,0.31193806193806195
2562,0.4860139860139861
2563,0.41608391608391615
2564,0.5684315684315685
2565,0.297952047952048
2566,0.300949050949051
2567,0.5317182817182818
2568,0.3851148851148852
2569,0.3576423576423577
2570,0.47277722277722284
2571,0.5064935064935066
2572,0.3948551448551449
2573,0.44830169830169836
2574,0.36788211788211783
2575,0.43081918081918086
2576,0.41883116883116883
2577,0.44505494505494525
2578,0.580919080919081
2579,0.4103396603396604
2580,0.41383616383616395
2581,0.4977522477522478
2582,0.4872627372627373
2583,0.42632367632367635
2584,0.4298201798201799
2585,0.45854145854145856
2586,0.3676323676323677
2587,0.278971028971029
2588,0.4517982017982018
2589,0.4168331668331669
2590,0.4343156843156844
2591,0.4468031968031968
2592,0.5084915084915085
2593,0.554945054945055
2594,0.3813686313686314
2595,0.41733266733266733
2596,0.40659340659340665
2597,0.49475524475524474
2598,0.4008491508491509
2599,0.5059940059940061
2600,0.4722777222777223
2601,0.5154845154845156
2602,0.4383116883116884
2603,0.4957542457542458
2604,0.43681318681318676
2605,0.4792707292707293
2606,0.5012487512487513
2607,0.434065934065934
2608,0.4390609390609392
2609,0.42632367632367635
2610,0.4670329670329671
2611,0.3763736263736264
2612,0.44830169830169836
2613,0.45204795204795206
2614,0.4960039960039961
2615,0.3723776223776225
2616,0.40209790209790214
2617,0.5237262737262738
2618,0.4440559440559441
2619,0.2904595404595405
2620,0.568931068931069
2621,0.4463036963036964
2622,0.44280719280719294
2623,0.4073426573426574
2624,0.47727272727272724
2625,0.4258241758241758
2626,0.38461538461538464
2627,0.42682317682317683
2628,0.44730269730269734
2629,0.32142857142857134
2630,0.3179320679320679
2631,0.3993506493506494
2632,0.4198301698301699
2633,0.3953546453546454
2634,0.4907592407592408
2635,0.45379620379620383
2636,0.3603896103896104
2637,0.5154845154845156
2638,0.4600399600399601
2639,0.3456543456543457
2640,0.4098401598401598
2641,0.4313186813186814
2642,0.38561438561438566
2643,0.4662837162837163
2644,0.4932567432567433
2645,0.3773726273726275
2646,0.4602897102897103
2647,0.31268731268731276
2648,0.34865134865134867
2649,0.5746753246753248
2650,0.343906093906094
2651,0.3451548451548452
2652,0.4175824175824176
2653,0.43931068931068934
2654,0.3296703296703297
2655,0.3376623376623377
2656,0.49775224775224786
2657,0.31793206793206796
2658,0.3246753246753248
2659,0.3441558441558442
2660,0.34515484515484524
2661,0.5122377622377623
2662,0.3588911088911089
2663,0.37912087912087916
2664,0.40359640359640364
2665,0.5017482517482518
2666,0.48751248751248755
2667,0.4065934065934066
2668,0.4055944055944055
2669,0.4030969030969031
2670,0.42607392607392613
2671,0.23501498501498505
2672,0.41858141858141856
2673,0.4310689310689311
2674,0.285964035964036
2675,0.4910089910089911
2676,0.396853146853147
2677,0.4338161838161838
2678,0.4233266733266734
2679,0.43131868131868145
2680,0.48326673326673336
2681,0.3216783216783217
2682,0.3813686313686314
2683,0.4515484515484515
2684,0.42282717282717286
2685,0.503996003996004
2686,0.4365634365634366
2687,0.3673826173826174
2688,0.407842157842158
2689,0.36588411588411596
2690,0.5289710289710291
2691,0.3586413586413587
2692,0.5232267732267734
2693,0.36588411588411596
2694,0.46428571428571436
2695,0.4413086913086914
2696,0.3666333666333666
2697,0.3788711288711289
2698,0.4105894105894107
2699,0.3771228771228771
2700,0.4338161838161839
2701,0.469030969030969
2702,0.39760239760239763
2703,0.4675324675324676
2704,0.35989010989010983
2705,0.42932067932067935
2706,0.30094905094905094
2707,0.4817682317682319
2708,0.4023476523476524
2709,0.3324175824175825
2710,0.36563436563436563
2711,0.39010989010989017
2712,0.4592907092907093
2713,0.4602897102897103
2714,0.4020979020979022
2715,0.49100899100899115
2716,0.4398101898101899
2717,0.41783216783216787
2718,0.38361638361638367
2719,0.3853646353646355
2720,0.38211788211788217
2721,0.3943556443556444
2722,0.42632367632367646
2723,0.38936063936063936
2724,0.33041958041958047
2725,0.5479520479520479
2726,0.4777722277722278
2727,0.4837662337662338
2728,0.5402097902097903
2729,0.4205794205794206
2730,0.4120879120879121
2731,0.3394105894105895
2732,0.42257742257742265
2733,0.36238761238761247
2734,0.5044955044955045
2735,0.39210789210789215
2736,0.5144855144855145
2737,0.404845154845155
2738,0.3521478521478522
2739,0.39710289710289715
2740,0.40209790209790214
2741,0.35639360639360645
2742,0.48426573426573427
2743,0.4675324675324676
2744,0.4170829170829172
2745,0.4917582417582418
2746,0.3479020979020979
2747,0.39860139860139865
2748,0.3518981018981019
2749,0.41233766233766245
2750,0.43156843156843167
2751,0.44355644355644364
2752,0.4068431568431569
2753,0.37987012987012986
2754,0.3553946053946055
2755,0.41733266733266744
2756,0.5541958041958043
2757,0.547952047952048
2758,0.35089910089910087
2759,0.3546453546453546
2760,0.4193306693306694
2761,0.3366633366633366
2762,0.36288711288711306
2763,0.36613386613386617
2764,0.3706293706293707
2765,0.44355644355644364
2766,0.37612387612387616
2767,0.4133366633366634
2768,0.4033466533466535
2769,0.4160839160839162
2770,0.3858641358641358
2771,0.37637362637362637
2772,0.5841658341658341
2773,0.2904595404595405
2774,0.43231768231768236
2775,0.4063436563436563
2776,0.33291708291708283
2777,0.4370629370629372
2778,0.40209790209790214
2779,0.4025974025974026
2780,0.441058941058941
2781,0.3651348651348652
2782,0.49375624375624383
2783,0.46853146853146865
2784,0.32217782217782226
2785,0.37687312687312696
2786,0.330919080919081
2787,0.550949050949051
2788,0.3046953046953047
2789,0.3846153846153846
2790,0.36963036963036966
2791,0.3998501498501499
2792,0.43031968031968043
2793,0.5114885114885117
2794,0.44830169830169836
2795,0.38061938061938067
2796,0.353896103896104
2797,0.4280719280719281
2798,0.40884115884115896
2799,0.3821178821178822
2800,0.4542957042957044
2801,0.4073426573426575
2802,0.40559440559440557
2803,0.30244755244755245
2804,0.5202297702297703
2805,0.45004995004995013
2806,0.39660339660339666
2807,0.32342657342657344
2808,0.4418081918081918
2809,0.4730269730269731
2810,0.47902097902097907
2811,0.4440559440559441
2812,0.36413586413586424
2813,0.31668331668331673
2814,0.5497002997002997
2815,0.45679320679320684
2816,0.38061938061938067
2817,0.47927072927072933
2818,0.44155844155844154
2819,0.41133866133866137
2820,0.4922577422577423
2821,0.45354645354645357
2822,0.4163336663336663
2823,0.37512487512487513
2824,0.4185814185814187
2825,0.4215784215784216
2826,0.3926073926073927
2827,0.4070929070929071
2828,0.47252747252747257
2829,0.4837662337662338
2830,0.4023476523476524
2831,0.3361638361638362
2832,0.35714285714285715
2833,0.3886113886113886
2834,0.3513986013986014
2835,0.4817682317682318
2836,0.49350649350649356
2837,0.3818681318681319
2838,0.4562937062937063
2839,0.41458541458541465
2840,0.38311688311688313
2841,0.38786213786213797
2842,0.3316683316683317
2843,0.4130869130869131
2844,0.35439560439560447
2845,0.4010989010989011
2846,0.38886113886113893
2847,0.34265734265734266
2848,0.24950049950049952
2849,0.41458541458541465
2850,0.49350649350649356
2851,0.48601398601398615
2852,0.4735264735264737
2853,0.4043456543456544
2854,0.49400599400599404
2855,0.38011988011988007
2856,0.39535464535464543
2857,0.5387112887112887
2858,0.45879120879120894
2859,0.5074925074925074
2860,0.3838661338661339
2861,0.4395604395604396
2862,0.5541958041958043
2863,0.37512487512487525
2864,0.5227272727272728
2865,0.42182817182817184
2866,0.3938561438561438
2867,0.4268231768231769
2868,0.4433066933066935
2869,0.5194805194805195
2870,0.34815184815184813
2871,0.39985014985014994
2872,0.4108391608391609
2873,0.2844655344655345
2874,0.5254745254745256
2875,0.3998501498501499
2876,0.3671328671328672
2877,0.39385614385614387
2878,0.3693806193806194
2879,0.2897102897102897
2880,0.4098401598401599
2881,0.39610389610389624
2882,0.5042457542457544
2883,0.31693306693306694
2884,0.358891108891109
2885,0.43781218781218795
2886,0.4408091908091909
2887,0.3933566433566435
2888,0.41483516483516497
2889,0.420829170829171
2890,0.3733766233766234
2891,0.3593906093906094
2892,0.46278721278721285
2893,0.35814185814185817
2894,0.4023476523476523
2895,0.3688811188811189
2896,0.3846153846153847
2897,0.32567432567432564
2898,0.37637362637362637
2899,0.40959040959040954
2900,0.3711288711288713
2901,0.29745254745254746
2902,0.4305694305694306
2903,0.3681318681318681
2904,0.49475524475524485
2905,0.4020979020979021
2906,0.4675324675324677
2907,0.44730269730269734
2908,0.4520479520479522
2909,0.38061938061938067
2910,0.39660339660339666
2911,0.3788711288711289
2912,0.6141358641358642
2913,0.33066933066933074
2914,0.3976023976023976
2915,0.3743756243756244
2916,0.43531468531468537
2917,0.4727772227772228
2918,0.4430569430569431
2919,0.49025974025974034
2920,0.4183316683316684
2921,0.35739260739260736
2922,0.3081918081918082
2923,0.4333166833166833
2924,0.4095904095904096
2925,0.52997002997003
2926,0.43756243756243757
2927,0.41133866133866137
2928,0.48351648351648363
2929,0.34990009990009996
2930,0.47477522477522477
2931,0.4625374625374626
2932,0.45854145854145856
2933,0.4073426573426574
2934,0.49100899100899104
2935,0.44180819180819186
2936,0.38586413586413587
2937,0.35889110889110887
2938,0.27347652347652346
2939,0.4665334665334666
2940,0.5531968031968033
2941,0.44930069930069944
2942,0.2999500499500499
2943,0.37362637362637363
2944,0.39710289710289715
2945,0.2527472527472528
2946,0.5034965034965035
2947,0.4210789210789211
2948,0.4168331668331669
2949,0.6008991008991009
2950,0.5277222777222778
2951,0.2977022977022978
2952,0.40959040959040965
2953,0.43631368631368644
2954,0.4502997002997004
2955,0.4373126873126874
2956,0.4565434565434566
2957,0.38211788211788206
2958,0.47752247752247756
2959,0.4363136863136864
2960,0.3229270729270729
2961,0.49900099900099903
2962,0.3304195804195804
2963,0.5796703296703297
2964,0.4433066933066934
2965,0.390859140859141
2966,0.5004995004995005
2967,0.3056943056943057
2968,0.48626373626373637
2969,0.4323176823176823
2970,0.35889110889110887
2971,0.41683316683316696
2972,0.39435564435564435
2973,0.33841158841158847
2974,0.3688811188811189
2975,0.37962037962037964
2976,0.3429070929070929
2977,0.5012487512487513
2978,0.5172327672327673
2979,0.32992007992008
2980,0.3491508491508492
2981,0.4390609390609392
2982,0.4428071928071929
2983,0.5039960039960041
2984,0.5127372627372627
2985,0.5197302697302698
2986,0.3593906093906094
2987,0.44305694305694315
2988,0.40509490509490514
2989,0.3733766233766235
2990,0.3813686313686314
2991,0.33866133866133863
2992,0.41058941058941073
2993,0.49275724275724286
2994,0.4245754245754247
2995,0.4355644355644356
2996,0.43381618381618386
2997,0.40059940059940063
2998,0.3536463536463536
2999,0.40059940059940063
3000,0.3781218781218782
3001,0.48526473526473535
3002,0.3781218781218782
3003,0.4265734265734267
3004,0.4118381618381619
3005,0.4630369630369632
3006,0.46578421578421586
3007,0.2507492507492507
3008,0.45754245754245765
3009,0.373876123876124
3010,0.4675324675324676
3011,0.33491508491508487
3012,0.40884115884115885
3013,0.5107392607392607
3014,0.41308691308691314
3015,0.4045954045954047
3016,0.43581418581418585
3017,0.39460539460539473
3018,0.43631368631368633
3019,0.3364135864135865
3020,0.48401598401598406
3021,0.5531968031968032
3022,0.5109890109890108
3023,0.4355644355644356
3024,0.4827672327672327
3025,0.4090909090909091
3026,0.39735264735264736
3027,0.3461538461538462
3028,0.34515484515484524
3029,0.5886613386613389
3030,0.36413586413586424
3031,0.3499000999001
3032,0.3666333666333666
3033,0.5869130869130869
3034,0.3591408591408592
3035,0.44830169830169825
3036,0.36013986013986027
3037,0.42682317682317683
3038,0.3459040959040959
3039,0.5119880119880121
3040,0.45054945054945067
3041,0.32492507492507494
3042,0.39260739260739264
3043,0.4450549450549451
3044,0.4687812187812188
3045,0.45529470529470534
3046,0.49475524475524485
3047,0.3169330669330669
3048,0.3803696303696304
3049,0.2997002997002997
3050,0.5217282717282717
3051,0.5124875124875125
3052,0.3861138861138862
3053,0.4405594405594405
3054,0.3711288711288712
3055,0.4712787212787214
3056,0.37287712287712294
3057,0.3943556443556444
3058,0.2982017982017982
3059,0.4483016983016984
3060,0.4805194805194805
3061,0.4697802197802199
3062,0.5474525474525475
3063,0.4305694305694306
3064,0.4140859140859141
3065,0.4525474525474526
3066,0.41208791208791207
3067,0.45054945054945067
3068,0.3518981018981019
3069,0.5337162837162837
3070,0.4240759240759241
3071,0.40909090909090917
3072,0.44205794205794213
3073,0.4662837162837163
3074,0.3578921078921079
3075,0.37837162837162847
3076,0.39635364635364645
3077,0.38161838161838163
3078,0.4268231768231768
3079,0.4480519480519481
3080,0.377872127872128
3081,0.37987012987012986
3082,0.40259740259740256
3083,0.5062437562437564
3084,0.43506493506493504
3085,0.4258241758241758
3086,0.4095904095904096
3087,0.45854145854145856
3088,0.5909090909090909
3089,0.43506493506493504
3090,0.5012487512487513
3091,0.47402597402597413
3092,0.4682817182817183
3093,0.41708291708291717
3094,0.4527972027972029
3095,0.3229270729270729
3096,0.3056943056943057
3097,0.41533466533466534
3098,0.3638861138861139
3099,0.6263736263736265
3100,0.3021978021978023
3101,0.46353646353646355
3102,0.44905094905094917
3103,0.4488011988011988
3104,0.5294705294705296
3105,0.44930069930069927
3106,0.36363636363636376
3107,0.34865134865134867
3108,0.45004995004995013
3109,0.4830169830169831
3110,0.4765234765234766
3111,0.4328171828171828
3112,0.3499000999001
3113,0.33816183816183815
3114,0.5044955044955045
3115,0.4200799200799202
3116,0.507992007992008
3117,0.3046953046953047
3118,0.4797702297702299
3119,0.42257742257742253
3120,0.4305694305694306
3121,0.4473026973026974
3122,0.5002497502497503
3123,0.4373126873126874
3124,0.38111888111888115
3125,0.5182317682317683
3126,0.48801198801198803
3127,0.4255744255744256
3128,0.41183816183816185
3129,0.3603896103896104
3130,0.36938061938061945
3131,0.5000000000000001
3132,0.34915084915084915
3133,0.4110889110889112
3134,0.3326673326673327
3135,0.3893606393606394
3136,0.42482517482517484
3137,0.33791208791208804
3138,0.44855144855144863
3139,0.4090909090909091
3140,0.41208791208791207
3141,0.4685314685314686
3142,0.42207792207792216
3143,0.45179820179820185
3144,0.4370629370629371
3145,0.6341158841158842
3146,0.4493006993006993
3147,0.5247252747252749
3148,0.46678321678321677
3149,0.36313686313686316
3150,0.47927072927072933
3151,0.3461538461538461
3152,0.4073426573426574
3153,0.43806193806193805
3154,0.4013486513486515
3155,0.3706293706293707
3156,0.42107892107892114
3157,0.28121878121878124
3158,0.535964035964036
3159,0.4083416583416584
3160,0.4315684315684316
3161,0.39110889110889113
3162,0.4223276723276724
3163,0.477022977022977
3164,0.4215784215784217
3165,0.36163836163836166
3166,0.3938561438561439
3167,0.4945054945054945
3168,0.46103896103896114
3169,0.4842657342657345
3170,0.4133366633366634
3171,0.40009990009990004
3172,0.4880119880119881
3173,0.38536463536463533
3174,0.41908091908091905
3175,0.33441558441558455
3176,0.3134365634365635
3177,0.39935064935064946
3178,0.4265734265734266
3179,0.39210789210789215
3180,0.3751248751248752
3181,0.4110889110889112
3182,0.3461538461538462
3183,0.43931068931068934
3184,0.4158341658341659
3185,0.5024975024975026
3186,0.35489510489510495
3187,0.527972027972028
3188,0.4637862137862138
3189,0.39510489510489516
3190,0.30344655344655347
3191,0.4398101898101898
3192,0.49050949050949055
3193,0.39510489510489516
3194,0.45029970029970035
3195,0.3224275724275724
3196,0.3976023976023977
3197,0.44405594405594406
3198,0.4735264735264737
3199,0.3826173826173827
3200,0.34290709290709304
3201,0.39360639360639366
3202,0.33016983016983026
3203,0.3886113886113887
3204,0.44505494505494514
3205,0.3174325674325674
3206,0.43856143856143875
3207,0.3384115884115884
3208,0.44855144855144863
3209,0.35864135864135865
3210,0.3244255744255744
3211,0.4440559440559442
3212,0.27622377622377625
3213,0.5132367632367633
3214,0.4495504495504496
3215,0.4230769230769231
3216,0.3474025974025974
3217,0.4143356643356645
3218,0.3768731268731269
3219,0.43181818181818193
3220,0.3926073926073927
3221,0.4857642357642358
3222,0.4273226773226773
3223,0.43606393606393606
3224,0.48076923076923084
3225,0.4223276723276724
3226,0.34965034965034975
3227,0.3214285714285715
3228,0.44980019980019986
3229,0.3399100899100899
3230,0.33891108891108895
3231,0.3386613386613387
3232,0.42207792207792216
3233,0.41458541458541454
3234,0.32167832167832167
3235,0.4622877122877123
3236,0.36438561438561445
3237,0.5561938061938062
3238,0.41133866133866137
3239,0.4787712287712288
3240,0.5711788211788212
3241,0.4025974025974026
3242,0.34090909090909094
3243,0.40334665334665337
3244,0.3693806193806194
3245,0.4483016983016984
3246,0.43106893106893107
3247,0.35964035964035973
3248,0.4360639360639361
3249,0.44805194805194803
3250,0.471028971028971
3251,0.4138361638361639
3252,0.4662837162837163
3253,0.5332167832167832
3254,0.3553946053946055
3255,0.3566433566433567
3256,0.4068431568431569
3257,0.4073426573426574
3258,0.350899100899101
3259,0.46678321678321694
3260,0.33566433566433573
3261,0.3866133866133867
3262,0.4822677322677324
3263,0.3868631368631369
3264,0.4557942057942059
3265,0.3471528471528472
3266,0.3628871128871129
3267,0.3826173826173827
3268,0.3948551448551449
3269,0.4418081918081918
3270,0.37712287712287723
3271,0.4520479520479522
3272,0.39135864135864146
3273,0.32017982017982016
3274,0.42207792207792216
3275,0.4478021978021979
3276,0.4383116883116884
3277,0.3808691308691309
3278,0.4635364635364637
3279,0.37312687312687315
3280,0.4905094905094906
3281,0.3244255744255744
3282,0.4510489510489511
3283,0.36188811188811193
3284,0.42157842157842174
3285,0.46778221778221785
3286,0.4020979020979022
3287,0.2814685314685315
3288,0.44455544455544466
3289,0.35414585414585426
3290,0.4025974025974027
3291,0.39760239760239763
3292,0.47077922077922085
3293,0.3523976023976025
3294,0.4897602397602398
3295,0.3998501498501498
3296,0.2532467532467533
3297,0.3581418581418582
3298,0.48026973026973035
3299,0.49600399600399614
3300,0.4055944055944057
3301,0.37037962037962036
3302,0.48301698301698304
3303,0.41658341658341663
3304,0.4328171828171828
3305,0.4493006993006993
3306,0.4380619380619381
3307,0.46178821178821183
3308,0.33416583416583423
3309,0.4375624375624376
3310,0.41658341658341674
3311,0.4120879120879121
3312,0.3396603396603397
3313,0.354895104895105
3314,0.47077922077922085
3315,0.4835164835164836
3316,0.5084915084915086
3317,0.4685314685314686
3318,0.40584415584415584
3319,0.5556943056943057
3320,0.5024975024975026
3321,0.4895104895104896
3322,0.5017482517482518
3323,0.3526473526473527
3324,0.4328171828171828
3325,0.47427572427572434
3326,0.4557942057942058
3327,0.4682817182817183
3328,0.42157842157842174
3329,0.28596403596403597
3330,0.40934065934065933
3331,0.26873126873126874
3332,0.37262737262737267
3333,0.4338161838161838
3334,0.513986013986014
3335,0.38711288711288716
3336,0.40509490509490514
3337,0.5422077922077924
3338,0.44980019980019986
3339,0.5112387612387613
3340,0.4777722277722278
3341,0.4835164835164836
3342,0.5002497502497503
3343,0.32992007992007993
3344,0.5027472527472528
3345,0.4413086913086914
3346,0.3951048951048951
3347,0.3846153846153847
3348,0.3653846153846154
3349,0.49325674325674335
3350,0.4752747252747253
3351,0.4925074925074925
3352,0.4507992007992008
3353,0.45379620379620383
3354,0.4313186813186813
3355,0.3753746253746254
3356,0.48551448551448556
3357,0.3104395604395605
3358,0.308941058941059
3359,0.45504495504495507
3360,0.47502497502497504
3361,0.6111388611388612
3362,0.40434565434565434
3363,0.4360639360639362
3364,0.3803696303696305
3365,0.276973026973027
3366,0.4220779220779221
3367,0.3911088911088912
3368,0.43681318681318687
3369,0.34590409590409593
3370,0.47952047952047955
3371,0.5322177822177824
3372,0.4300699300699301
3373,0.4620379620379621
3374,0.43031968031968043
3375,0.43406593406593413
3376,0.5319680319680321
3377,0.3991008991008992
3378,0.3578921078921079
3379,0.48151848151848153
3380,0.48176823176823186
3381,0.46553446553446554
3382,0.34315684315684314
3383,0.48376623376623373
3384,0.37337662337662353
3385,0.3826173826173827
3386,0.257992007992008
3387,0.41658341658341663
3388,0.3816183816183817
3389,0.3593906093906094
3390,0.3703796203796204
3391,0.45404595404595405
3392,0.4160839160839161
3393,0.37362637362637363
3394,0.42532467532467544
3395,0.43706293706293714
3396,0.37387612387612396
3397,0.4780219780219781
3398,0.5032467532467534
3399,0.34865134865134867
3400,0.41633366633366636
3401,0.34265734265734277
3402,0.45754245754245765
3403,0.3339160839160839
3404,0.4547952047952048
3405,0.31668331668331673
3406,0.3641358641358642
3407,0.4223276723276723
3408,0.34965034965034963
3409,0.366883116883117
3410,0.35314685314685323
3411,0.40809190809190815
3412,0.3553946053946055
3413,0.506993006993007
3414,0.4847652347652348
3415,0.41283716283716293
3416,0.385864135864136
3417,0.5492007992007993
3418,0.4238261738261739
3419,0.4083416583416584
3420,0.39260739260739264
3421,0.36113886113886123
3422,0.44855144855144863
3423,0.35439560439560447
3424,0.4880119880119881
3425,0.3626373626373627
3426,0.41383616383616395
3427,0.4453046953046953
3428,0.372877122877123
3429,0.4612887112887113
3430,0.4230769230769232
3431,0.34665334665334674
3432,0.3501498501498502
3433,0.39360639360639355
3434,0.41708291708291706
3435,0.515984015984016
3436,0.4515484515484515
3437,0.36563436563436574
3438,0.3124375624375625
3439,0.41908091908091905
3440,0.3961038961038961
3441,0.37362637362637363
3442,0.4532967032967034
3443,0.4078421578421579
3444,0.39635364635364645
3445,0.46978021978021983
3446,0.3916083916083916
3447,0.42507492507492517
3448,0.3931068931068932
3449,0.3963536463536464
3450,0.3571428571428572
3451,0.4530469530469531
3452,0.3983516483516483
3453,0.3141858141858142
3454,0.41208791208791207
3455,0.35064935064935066
3456,0.41783216783216787
3457,0.4690309690309692
3458,0.5067432567432568
3459,0.43956043956043966
3460,0.315934065934066
3461,0.5452047952047953
3462,0.41183816183816185
3463,0.22077922077922077
3464,0.41508491508491513
3465,0.47802197802197804
3466,0.43856143856143864
3467,0.5392107892107892
3468,0.4572927072927073
3469,0.4093406593406595
3470,0.29970029970029965
3471,0.42207792207792216
3472,0.38536463536463544
3473,0.3406593406593408
3474,0.5619380619380621
3475,0.4577922077922078
3476,0.36238761238761236
3477,0.368881118881119
3478,0.48301698301698304
3479,0.44755244755244755
3480,0.38186813186813195
3481,0.33541458541458546
3482,0.46553446553446565
3483,0.37512487512487513
3484,0.43006993006993005
3485,0.37137862137862143
3486,0.3813686313686314
3487,0.43206793206793215
3488,0.35339660339660345
3489,0.40984015984015987
3490,0.38361638361638367
3491,0.40509490509490514
3492,0.36513486513486526
3493,0.48101898101898105
3494,0.4687812187812188
3495,0.3409090909090909
3496,0.5252247752247752
3497,0.6276223776223777
3498,0.40084915084915096
3499,0.4338161838161839
3500,0.35214785214785216
3501,0.33541458541458546
3502,0.39160839160839167
3503,0.4265734265734266
3504,0.4055944055944057
3505,0.4510489510489511
3506,0.4495504495504496
3507,0.32617382617382623
3508,0.41458541458541465
3509,0.40709290709290713
3510,0.4807692307692308
3511,0.4093406593406594
3512,0.4992507492507494
3513,0.531968031968032
3514,0.4118381618381619
3515,0.44405594405594406
3516,0.31168831168831174
3517,0.4035964035964036
3518,0.33466533466533466
3519,0.43231768231768236
3520,0.3748751248751248
3521,0.43181818181818193
3522,0.47027972027972037
3523,0.42707292707292716
3524,0.37187812187812197
3525,0.4592907092907094
3526,0.3041958041958043
3527,0.4685314685314685
3528,0.3361638361638362
3529,0.4640359640359641
3530,0.4652847152847152
3531,0.27247752247752255
3532,0.5212287712287712
3533,0.4115884115884116
3534,0.49125874125874125
3535,0.3531468531468532
3536,0.4060939060939061
3537,0.43456543456543467
3538,0.4060939060939062
3539,0.49250749250749254
3540,0.4243256743256744
3541,0.4155844155844157
3542,0.47152847152847166
3543,0.48451548451548465
3544,0.3966033966033966
3545,0.4777722277722278
3546,0.5014985014985016
3547,0.49125874125874125
3548,0.3963536463536464
3549,0.4530469530469531
3550,0.5731768231768232
3551,0.4897602397602399
3552,0.4135864135864137
3553,0.3591408591408593
3554,0.43906093906093907
3555,0.36763236763236773
3556,0.32842157842157843
3557,0.4370629370629372
3558,0.5531968031968033
3559,0.4383116883116883
3560,0.3833666333666334
3561,0.43581418581418585
3562,0.3933566433566434
3563,0.42257742257742265
3564,0.45229770229770233
3565,0.4228271728271729
3566,0.36513486513486526
3567,0.3906093906093906
3568,0.45904095904095904
3569,0.4493006993006993
3570,0.4433066933066933
3571,0.3763736263736264
3572,0.35039960039960044
3573,0.4373126873126873
3574,0.3658841158841159
3575,0.3961038961038961
3576,0.3146853146853147
3577,0.3444055944055945
3578,0.4290709290709292
3579,0.42057942057942066
3580,0.4755244755244755
3581,0.4293206793206794
3582,0.5187312687312687
3583,0.4895104895104896
3584,0.4510489510489511
3585,0.38786213786213786
3586,0.5142357642357644
3587,0.42507492507492506
3588,0.43781218781218795
3589,0.4350649350649351
3590,0.4602897102897103
3591,0.44755244755244755
3592,0.3866133866133867
3593,0.36063936063936064
3594,0.4747752247752248
3595,0.3409090909090909
3596,0.3943556443556444
3597,0.36038961038961054
3598,0.39760239760239763
3599,0.4660339660339661
3600,0.493006993006993
3601,0.2922077922077922
3602,0.36313686313686316
3603,0.39760239760239763
3604,0.43906093906093907
3605,0.43331668331668344
3606,0.4278221778221779
3607,0.481018981018981
3608,0.39310689310689323
3609,0.3741258741258741
3610,0.33591408591408595
3611,0.3821178821178822
3612,0.38936063936063936
3613,0.4760239760239762
3614,0.46528471528471543
3615,0.4425574425574426
3616,0.4110889110889112
3617,0.4228271728271729
3618,0.3603896103896104
3619,0.46278721278721285
3620,0.4180819180819181
3621,0.4752747252747253
3622,0.38111888111888115
3623,0.5222277722277724
3624,0.4115884115884117
3625,0.43781218781218784
3626,0.4777722277722279
3627,0.3916083916083916
3628,0.4230769230769231
3629,0.40909090909090917
3630,0.4835164835164835
3631,0.581918081918082
3632,0.31068931068931077
3633,0.5004995004995006
3634,0.4455544455544456
3635,0.4413086913086914
3636,0.5132367632367634
3637,0.4028471528471528
3638,0.5262237762237763
3639,0.3601398601398601
3640,0.3641358641358642
3641,0.45129870129870137
3642,0.3653846153846155
3643,0.534965034965035
3644,0.5472027972027972
3645,0.643856143856144
3646,0.553946053946054
3647,0.40284715284715295
3648,0.49350649350649356
3649,0.4023476523476524
3650,0.43356643356643365
3651,0.5107392607392608
3652,0.4408091908091909
3653,0.3763736263736265
3654,0.3216783216783217
3655,0.4093406593406594
3656,0.4403096903096904
3657,0.3434065934065935
3658,0.40709290709290713
3659,0.3196803196803197
3660,0.4630369630369631
3661,0.530969030969031
3662,0.44905094905094906
3663,0.49225774225774227
3664,0.3588911088911089
3665,0.36338661338661343
3666,0.4577922077922078
3667,0.38686313686313695
3668,0.38786213786213786
3669,0.5534465534465535
3670,0.38336663336663346
3671,0.31618381618381625
3672,0.3988511488511489
3673,0.3671328671328672
3674,0.39635364635364645
3675,0.3988511488511489
3676,0.3336663336663337
3677,0.4795204795204796
3678,0.46403596403596403
3679,0.3961038961038962
3680,0.37012987012987014
3681,0.37237762237762245
3682,0.5144855144855146
3683,0.3723776223776224
3684,0.3014485514485515
3685,0.5337162837162838
3686,0.4560439560439561
3687,0.47177822177822193
3688,0.4398101898101899
3689,0.5924075924075926
3690,0.42332667332667345
3691,0.37912087912087916
3692,0.44480519480519487
3693,0.32342657342657344
3694,0.3474025974025975
3695,0.4802697302697303
3696,0.47352647352647353
3697,0.46178821178821183
3698,0.4507992007992009
3699,0.3359140859140859
3700,0.3881118881118882
3701,0.4393106893106894
3702,0.47002997002997005
3703,0.3851148851148851
3704,0.3881118881118882
3705,0.31868131868131877
3706,0.36588411588411596
3707,0.3921078921078922
3708,0.3171828171828172
3709,0.48226773226773234
3710,0.35964035964035973
3711,0.4330669330669331
3712,0.4275724275724276
3713,0.4363136863136864
3714,0.4475524475524476
3715,0.45454545454545464
3716,0.3586413586413587
3717,0.32217782217782226
3718,0.40659340659340676
3719,0.3731268731268732
3720,0.35639360639360645
3721,0.40884115884115896
3722,0.3116883116883118
3723,0.4275724275724276
3724,0.3516483516483518
3725,0.3801198801198802
3726,0.3494005994005994
3727,0.397852147852148
3728,0.3391608391608392
3729,0.3616383616383616
3730,0.38086913086913093
3731,0.41183816183816185
3732,0.4243256743256744
3733,0.5267232767232768
3734,0.44030969030969036
3735,0.46953046953046956
3736,0.3833666333666334
3737,0.3816183816183817
3738,0.4025974025974027
3739,0.4000999000999002
3740,0.504995004995005
3741,0.45279720279720287
3742,0.4455544455544456
3743,0.4587912087912088
3744,0.377872127872128
3745,0.3706293706293707
3746,0.46253746253746264
3747,0.41483516483516486
3748,0.5364635364635365
3749,0.530969030969031
3750,0.3861138861138862
3751,0.27347652347652357
3752,0.3104395604395605
3753,0.3241758241758242
3754,0.3686313686313686
3755,0.44780219780219793
3756,0.47652347652347654
3757,0.42707292707292716
3758,0.43706293706293703
3759,0.39710289710289715
3760,0.4320679320679321
3761,0.41183816183816196
3762,0.40534465534465536
3763,0.5429570429570431
3764,0.44430569430569433
3765,0.4000999000999001
3766,0.4008491508491509
3767,0.504995004995005
3768,0.36588411588411585
3769,0.4135864135864136
3770,0.46278721278721285
3771,0.40009990009990004
3772,0.35414585414585426
3773,0.3476523476523477
3774,0.4248251748251749
3775,0.41808191808191814
3776,0.3988511488511488
3777,0.40484515484515493
3778,0.3419080919080919
3779,0.48501498501498513
3780,0.31943056943056947
3781,0.3718781218781219
3782,0.5282217782217782
3783,0.46778221778221785
3784,0.3591408591408592
3785,0.44180819180819186
3786,0.38211788211788217
3787,0.4615384615384616
3788,0.4530469530469531
3789,0.5501998001998003
3790,0.4425574425574426
3791,0.508991008991009
3792,0.42032967032967045
3793,0.31168831168831174
3794,0.4910089910089911
3795,0.3334165834165836
3796,0.41083916083916083
3797,0.41258741258741266
3798,0.40909090909090906
3799,0.4110889110889112
3800,0.45554445554445566
3801,0.48851148851148857
3802,0.3201798201798202
3803,0.42182817182817184
3804,0.3046953046953047
3805,0.3391608391608392
3806,0.3556443556443557
3807,0.47277722277722295
3808,0.508991008991009
3809,0.48101898101898116
3810,0.41658341658341663
3811,0.45429570429570426
3812,0.39210789210789215
3813,0.3926073926073927
3814,0.5134865134865135
3815,0.4797702297702298
3816,0.4507992007992008
3817,0.4235764235764237
3818,0.41333666333666336
3819,0.5009990009990011
3820,0.38611388611388614
3821,0.4515484515484515
3822,0.46178821178821183
3823,0.3918581418581419
3824,0.4215784215784216
3825,0.4647852147852149
3826,0.44355644355644364
3827,0.3771228771228771
3828,0.40934065934065933
3829,0.3693806193806194
3830,0.3818681318681319
3831,0.4423076923076924
3832,0.46053946053946054
3833,0.47352647352647365
3834,0.3346653346653347
3835,0.43281718281718284
3836,0.31918081918081925
3837,0.29545454545454547
3838,0.4260739260739261
3839,0.37937062937062943
3840,0.3696303696303697
3841,0.45179820179820185
3842,0.5009990009990011
3843,0.3681318681318682
3844,0.5369630369630369
3845,0.45479520479520497
3846,0.3638861138861139
3847,0.4073426573426574
3848,0.5092407592407594
3849,0.4378121878121878
3850,0.3933566433566434
3851,0.45404595404595405
3852,0.453046953046953
3853,0.4745254745254746
3854,0.5374625374625375
3855,0.3648851148851149
3856,0.3851148851148851
3857,0.3064435564435565
3858,0.4305694305694306
3859,0.3808691308691309
3860,0.34990009990009996
3861,0.3778721278721279
3862,0.536963036963037
3863,0.4478021978021979
3864,0.3531468531468533
3865,0.3494005994005995
3866,0.42407592407592415
3867,0.42857142857142855
3868,0.43781218781218784
3869,0.3041958041958042
3870,0.47577422577422585
3871,0.4335664335664336
3872,0.44780219780219793
3873,0.48026973026973035
3874,0.36438561438561445
3875,0.4483016983016984
3876,0.46928071928071935
3877,0.33041958041958047
3878,0.47027972027972026
3879,0.3503996003996005
3880,0.46153846153846156
3881,0.43306693306693317
3882,0.4060939060939061
3883,0.49700299700299705
3884,0.37212787212787213
3885,0.5147352647352649
3886,0.5107392607392608
3887,0.3903596403596405
3888,0.33191808191808203
3889,0.4073426573426574
3890,0.3851148851148851
3891,0.3568931068931069
3892,0.43881118881118886
3893,0.42532467532467544
3894,0.4290709290709291
3895,0.30319680319680326
3896,0.4677822177822178
3897,0.35789210789210796
3898,0.4580419580419582
3899,0.48551448551448556
3900,0.4433066933066933
3901,0.3993506493506494
3902,0.4328171828171828
3903,0.3381618381618382
3904,0.4153346653346654
3905,0.3663836163836164
3906,0.4378121878121878
3907,0.41133866133866137
3908,0.4542957042957044
3909,0.4080919080919082
3910,0.46953046953046956
3911,0.24150849150849157
3912,0.4133366633366634
3913,0.37087912087912095
3914,0.4952547452547453
3915,0.5394605394605395
3916,0.4463036963036963
3917,0.43081918081918086
3918,0.4000999000999002
3919,0.4550449550449551
3920,0.46203796203796216
3921,0.42782217782217796
3922,0.3611388611388612
3923,0.3399100899100899
3924,0.21078921078921084
3925,0.41058941058941073
3926,0.39910089910089913
3927,0.4650349650349651
3928,0.5114885114885115
3929,0.45354645354645357
3930,0.45604395604395614
3931,0.42282717282717286
3932,0.5042457542457542
3933,0.39060939060939065
3934,0.34215784215784223
3935,0.4290709290709292
3936,0.45029970029970035
3937,0.2857142857142857
3938,0.39835164835164844
3939,0.40334665334665337
3940,0.41683316683316696
3941,0.43606393606393606
3942,0.40609390609390605
3943,0.4545454545454546
3944,0.4275724275724277
3945,0.4687812187812188
3946,0.4390609390609392
3947,0.2707292707292707
3948,0.33341658341658337
3949,0.47802197802197816
3950,0.38211788211788217
3951,0.40659340659340665
3952,0.38161838161838163
3953,0.3543956043956044
3954,0.3866133866133866
3955,0.4125874125874126
3956,0.44405594405594406
3957,0.4443056943056943
3958,0.31868131868131877
3959,0.5337162837162838
3960,0.3021978021978023
3961,0.2977022977022977
3962,0.5267232767232769
3963,0.3521478521478522
3964,0.4180819180819181
3965,0.4425574425574426
3966,0.49725274725274726
3967,0.4652847152847153
3968,0.32142857142857145
3969,0.39510489510489516
3970,0.33791208791208793
3971,0.33216783216783213
3972,0.32767232767232773
3973,0.3384115884115884
3974,0.44655344655344653
3975,0.4687812187812188
3976,0.3511488511488512
3977,0.42832167832167833
3978,0.4280719280719282
3979,0.3851148851148852
3980,0.5324675324675325
3981,0.3041958041958042
3982,0.3976023976023977
3983,0.4700299700299701
3984,0.4213286713286715
3985,0.5142357642357642
3986,0.30994005994005996
3987,0.3523976023976024
3988,0.3651348651348652
3989,0.44505494505494514
3990,0.5229770229770231
3991,0.45254745254745254
3992,0.44580419580419584
3993,0.3513986013986014
3994,0.43681318681318676
3995,0.37937062937062943
3996,0.45029970029970035
3997,0.34690309690309695
3998,0.45129870129870137
3999,0.3511488511488512
4000,0.4652847152847153
4001,0.3603896103896104
4002,0.4233266733266733
4003,0.3623876123876125
4004,0.34365634365634373
4005,0.4025974025974027
4006,0.38761238761238775
4007,0.3756243756243757
4008,0.4465534465534466
4009,0.45854145854145856
4010,0.4630369630369632
4011,0.3341658341658342
4012,0.3316683316683317
4013,0.3983516483516483
4014,0.4068431568431569
4015,0.35164835164835173
4016,0.3376623376623376
4017,0.4912587412587413
4018,0.39235764235764237
4019,0.43306693306693317
4020,0.3736263736263737
4021,0.38361638361638367
4022,0.37137862137862143
4023,0.5032467532467534
4024,0.46603396603396613
4025,0.3516483516483517
4026,0.37837162837162835
4027,0.33216783216783213
4028,0.39460539460539457
4029,0.32292707292707296
4030,0.3773726273726274
4031,0.355894105894106
4032,0.4532967032967034
4033,0.41208791208791207
4034,0.4143356643356643
4035,0.44605394605394605
4036,0.35039960039960044
4037,0.3294205794205794
4038,0.43881118881118886
4039,0.545954045954046
4040,0.4063436563436564
4041,0.2784715284715285
4042,0.5037462537462537
4043,0.42607392607392613
4044,0.3161838161838163
4045,0.4450549450549451
4046,0.5147352647352649
4047,0.40134865134865144
4048,0.3094405594405594
4049,0.43306693306693317
4050,0.3953546453546454
4051,0.3733766233766235
4052,0.3723776223776224
4053,0.4293206793206794
4054,0.4293206793206794
4055,0.5052447552447553
4056,0.3506493506493507
4057,0.5032467532467534
4058,0.3661338661338663
4059,0.27147852147852153
4060,0.4000999000999001
4061,0.41533466533466534
4062,0.5244755244755245
4063,0.4365634365634366
4064,0.5024975024975025
4065,0.4595404595404596
4066,0.38311688311688324
4067,0.33041958041958047
4068,0.41258741258741266
4069,0.4093406593406594
4070,0.5000000000000001
4071,0.46728271728271725
4072,0.4270729270729271
4073,0.3668831168831169
4074,0.45329670329670335
4075,0.35339660339660345
4076,0.40484515484515493
4077,0.4333166833166833
4078,0.2897102897102898
4079,0.38936063936063947
4080,0.5212287712287712
4081,0.44205794205794213
4082,0.36338661338661343
4083,0.4982517482517483
4084,0.556943056943057
4085,0.4073426573426574
4086,0.4932567432567433
4087,0.4517982017982019
4088,0.3573926073926074
4089,0.40309690309690316
4090,0.3821178821178822
4091,0.47102897102897107
4092,0.41258741258741266
4093,0.43681318681318676
4094,0.3866133866133867
4095,0.4742757242757243
4096,0.3691308691308692
4097,0.4502997002997004
4098,0.48026973026973035
4099,0.45379620379620395
4100,0.46578421578421586
4101,0.5132367632367633
4102,0.4225774225774227
4103,0.4747752247752248
4104,0.3301698301698302
4105,0.5664335664335666
4106,0.34040959040959046
4107,0.4453046953046953
4108,0.3588911088911089
4109,0.44830169830169847
4110,0.5017482517482519
4111,0.44830169830169836
4112,0.40709290709290713
4113,0.4198301698301699
4114,0.3903596403596404
4115,0.4198301698301699
4116,0.4215784215784216
4117,0.49625374625374624
4118,0.39710289710289715
4119,0.3756243756243757
4120,0.36613386613386617
4121,0.38911088911088915
4122,0.3374125874125875
4123,0.5164835164835165
4124,0.3836163836163836
4125,0.5152347652347652
4126,0.4173326673326674
4127,0.2594905094905095
4128,0.375874125874126
4129,0.4545454545454546
4130,0.4373126873126874
4131,0.314935064935065
4132,0.38836163836163834
4133,0.3711288711288712
4134,0.47027972027972037
4135,0.38086913086913105
4136,0.26223776223776224
4137,0.26923076923076933
4138,0.3638861138861139
4139,0.4935064935064936
4140,0.46128871128871135
4141,0.37637362637362637
4142,0.32842157842157843
4143,0.4290709290709291
4144,0.518981018981019
4145,0.46378621378621393
4146,0.37987012987012986
4147,0.5147352647352649
4148,0.4530469530469531
4149,0.38986013986013984
4150,0.4413086913086914
4151,0.30094905094905094
4152,0.45279720279720287
4153,0.4975024975024975
4154,0.3791208791208792
4155,0.4110889110889112
4156,0.4328171828171829
4157,0.5437062937062939
4158,0.42682317682317683
4159,0.4173326673326675
4160,0.4383116883116883
4161,0.48201798201798207
4162,0.4842657342657343
4163,0.44355644355644364
4164,0.4982517482517483
4165,0.4572927072927073
4166,0.5232267732267732
4167,0.313936063936064
4168,0.420829170829171
4169,0.401848151848152
4170,0.4213286713286714
4171,0.4987512487512488
4172,0.39635364635364645
4173,0.41408591408591416
4174,0.3971028971028971
4175,0.39435564435564435
4176,0.5259740259740261
4177,0.45029970029970035
4178,0.2847152847152848
4179,0.4085914085914087
4180,0.47402597402597413
4181,0.36588411588411596
4182,0.3466533466533467
4183,0.33591408591408595
4184,0.40459540459540466
4185,0.3978521478521479
4186,0.5042457542457542
4187,0.36863136863136875
4188,0.35964035964035973
4189,0.44830169830169825
4190,0.35989010989010994
4191,0.5691808191808192
4192,0.2914585414585415
4193,0.4190809190809191
4194,0.5526973026973028
4195,0.3971028971028971
4196,0.3489010989010989
4197,0.47502497502497504
4198,0.31993006993006995
4199,0.49500499500499506
4200,0.3813686313686314
4201,0.41558441558441567
4202,0.36563436563436563
4203,0.5159840159840161
4204,0.42132867132867136
4205,0.3543956043956044
4206,0.47052947052947053
4207,0.40109890109890106
4208,0.31618381618381625
4209,0.3726273726273726
4210,0.44530469530469535
4211,0.3886113886113887
4212,0.3901098901098901
4213,0.4350649350649351
4214,0.5009990009990011
4215,0.3161838161838162
4216,0.4040959040959042
4217,0.5716783216783217
4218,0.5074925074925074
4219,0.4910089910089911
4220,0.3501498501498502
4221,0.277972027972028
4222,0.35289710289710297
4223,0.4622877122877123
4224,0.4355644355644356
4225,0.3186813186813187
4226,0.46553446553446554
4227,0.5112387612387612
4228,0.5004995004995006
4229,0.4278221778221779
4230,0.506993006993007
4231,0.38461538461538464
4232,0.5444555444555446
4233,0.27797202797202797
4234,0.2884615384615385
4235,0.43706293706293714
4236,0.26023976023976025
4237,0.5152347652347653
4238,0.5224775224775225
4239,0.4670329670329671
4240,0.5864135864135865
4241,0.3786213786213787
4242,0.3861138861138862
4243,0.4273226773226774
4244,0.5109890109890111
4245,0.4405594405594406
4246,0.45054945054945067
4247,0.4063436563436564
4248,0.4260739260739261
4249,0.3256743256743257
4250,0.4580419580419581
4251,0.46003996003996
4252,0.4395604395604396
4253,0.4135864135864136
4254,0.33441558441558444
4255,0.44805194805194815
4256,0.523976023976024
4257,0.4095904095904097
4258,0.41058941058941073
4259,0.4715284715284715
4260,0.42782217782217785
4261,0.4380619380619381
4262,0.31293706293706297
4263,0.3114385614385614
4264,0.39560439560439564
4265,0.5062437562437563
4266,0.4373126873126874
4267,0.4742757242757243
4268,0.5314685314685316
4269,0.5392107892107892
4270,0.48526473526473535
4271,0.5184815184815185
4272,0.4507992007992009
4273,0.34965034965034963
4274,0.4540459540459541
4275,0.29645354645354643
4276,0.4977522477522478
4277,0.39035964035964044
4278,0.3916083916083917
4279,0.4040959040959041
4280,0.331918081918082
4281,0.45179820179820185
4282,0.36663336663336665
4283,0.3646353646353647
4284,0.4632867132867133
4285,0.3344155844155844
4286,0.3868631368631369
4287,0.3756243756243757
4288,0.4205794205794206
4289,0.41833166833166835
4290,0.42557442557442565
4291,0.4490509490509491
4292,0.4800199800199801
4293,0.4290709290709291
4294,0.39510489510489527
4295,0.5501998001998004
4296,0.44580419580419584
4297,0.3953546453546453
4298,0.48576423576423583
4299,0.28846153846153844
4300,0.4670329670329671
4301,0.5034965034965037
4302,0.5701798201798202
4303,0.4223276723276723
4304,0.4200799200799202
4305,0.39835164835164844
4306,0.454045954045954
4307,0.4158341658341659
4308,0.3171828171828172
4309,0.49025974025974034
4310,0.42107892107892114
4311,0.3636363636363637
4312,0.48176823176823186
4313,0.43781218781218784
4314,0.38586413586413587
4315,0.3386613386613387
4316,0.46978021978021983
4317,0.5134865134865135
4318,0.45279720279720287
4319,0.3918581418581419
4320,0.45254745254745254
4321,0.44505494505494514
4322,0.4430569430569431
4323,0.4972527472527473
4324,0.31068931068931077
4325,0.4682817182817183
4326,0.4208291708291709
4327,0.5274725274725275
4328,0.4547952047952049
4329,0.3833666333666335
4330,0.5264735264735266
4331,0.5487012987012988
4332,0.41883116883116894
4333,0.38936063936063936
4334,0.3966033966033966
4335,0.47052947052947064
4336,0.43331668331668344
4337,0.36363636363636365
4338,0.48826173826173835
4339,0.5352147852147853
4340,0.47302697302697316
4341,0.31818181818181823
4342,0.5067432567432567
4343,0.5139860139860141
4344,0.4775224775224775
4345,0.4055944055944057
4346,0.4290709290709292
4347,0.3241758241758242
4348,0.41908091908091916
4349,0.43956043956043966
4350,0.5337162837162838
4351,0.5644355644355644
4352,0.402847152847153
4353,0.4278221778221779
4354,0.44730269730269734
4355,0.4143356643356643
4356,0.5012487512487512
4357,0.4557942057942058
4358,0.4258241758241758
4359,0.37387612387612396
4360,0.4597902097902099
4361,0.44155844155844154
4362,0.4320679320679322
4363,0.4170829170829172
4364,0.45054945054945067
4365,0.39435564435564446
4366,0.47027972027972037
4367,0.36688311688311703
4368,0.2617382617382618
4369,0.482017982017982
4370,0.45054945054945056
4371,0.4158341658341658
4372,0.4458041958041958
4373,0.4338161838161838
4374,0.4200799200799201
4375,0.4288211788211789
4376,0.37512487512487513
4377,0.4522977022977024
4378,0.4717782217782219
4379,0.43531468531468537
4380,0.4060939060939061
4381,0.43556443556443564
4382,0.3673826173826174
4383,0.5387112887112887
4384,0.46278721278721285
4385,0.4205794205794207
4386,0.44055944055944074
4387,0.3486513486513486
4388,0.41483516483516497
4389,0.4350649350649351
4390,0.4300699300699301
4391,0.36863136863136864
4392,0.3374125874125875
4393,0.5217282717282716
4394,0.4083416583416584
4395,0.4455544455544456
4396,0.32292707292707296
4397,0.4248251748251749
4398,0.5174825174825175
4399,0.3948551448551449
4400,0.44355644355644364
4401,0.41008991008991014
4402,0.4303196803196803
4403,0.5639360639360641
4404,0.3898601398601399
4405,0.3743756243756245
4406,0.5164835164835165
4407,0.3301698301698301
4408,0.4425574425574426
4409,0.31493506493506496
4410,0.4230769230769232
4411,0.564935064935065
4412,0.5347152847152847
4413,0.5112387612387612
4414,0.4742757242757243
4415,0.39460539460539473
4416,0.4075924075924076
4417,0.3756243756243757
4418,0.40909090909090917
4419,0.4755244755244756
4420,0.4015984015984016
4421,0.5746753246753248
4422,0.4108391608391609
4423,0.3941058941058941
4424,0.3521478521478522
4425,0.39460539460539473
4426,0.34765234765234776
4427,0.513986013986014
4428,0.42782217782217785
4429,0.4090909090909091
4430,0.338911088911089
4431,0.34865134865134867
4432,0.38661338661338673
4433,0.4165834165834167
4434,0.45404595404595416
4435,0.34465534465534464
4436,0.48151848151848153
4437,0.4215784215784216
4438,0.30319680319680326
4439,0.32042957042957043
4440,0.5447052947052948
4441,0.4125874125874126
4442,0.44480519480519476
4443,0.39860139860139865
4444,0.37162837162837165
4445,0.591908091908092
4446,0.48976023976023975
4447,0.37037962037962047
4448,0.4498001998001998
4449,0.41908091908091916
4450,0.36188811188811193
4451,0.341908091908092
4452,0.42732267732267737
4453,0.36613386613386617
4454,0.4275724275724277
4455,0.24050949050949053
4456,0.49750249750249764
4457,0.5686813186813188
4458,0.31843156843156845
4459,0.45054945054945067
4460,0.4562937062937063
4461,0.4083416583416583
4462,0.29120879120879123
4463,0.26148851148851154
4464,0.4877622377622378
4465,0.35489510489510495
4466,0.44655344655344653
4467,0.35114885114885114
4468,0.3031968031968032
4469,0.507992007992008
4470,0.5207292707292709
4471,0.36738261738261746
4472,0.29270729270729273
4473,0.4860139860139861
4474,0.544955044955045
4475,0.3916083916083916
4476,0.42182817182817184
4477,0.3978521478521479
4478,0.4158341658341659
4479,0.31843156843156845
4480,0.396853146853147
4481,0.50999000999001
4482,0.5132367632367633
4483,0.32292707292707296
4484,0.4173326673326674
4485,0.3556443556443557
4486,0.3883616383616384
4487,0.5432067932067933
4488,0.5531968031968032
4489,0.5464535464535465
4490,0.26973026973026976
4491,0.3876123876123877
4492,0.47152847152847155
4493,0.38311688311688324
4494,0.4325674325674327
4495,0.2989510489510489
4496,0.4660339660339661
4497,0.3598901098901099
4498,0.3616383616383617
4499,0.3706293706293707
4500,0.39035964035964044
4501,0.35089910089910087
4502,0.4415584415584416
4503,0.4173326673326674
4504,0.39135864135864135
4505,0.36313686313686316
4506,0.5399600399600402
4507,0.4627872127872128
4508,0.41783216783216787
4509,0.4547952047952049
4510,0.41033966033966035
4511,0.43756243756243757
4512,0.3616383616383617
4513,0.3786213786213787
4514,0.38686313686313684
4515,0.2867132867132868
4516,0.46878121878121887
4517,0.521978021978022
4518,0.4198301698301699
4519,0.46003996003996017
4520,0.38711288711288716
4521,0.4465534465534466
4522,0.37712287712287706
4523,0.34265734265734277
4524,0.41883116883116883
4525,0.32642357642357644
4526,0.38111888111888115
4527,0.42507492507492506
4528,0.33341658341658353
4529,0.44030969030969036
4530,0.5067432567432568
4531,0.29520479520479526
4532,0.41458541458541465
4533,0.4228271728271729
4534,0.4140859140859141
4535,0.4433066933066934
4536,0.5551948051948054
4537,0.407092907092907
4538,0.4495504495504496
4539,0.42657342657342673
4540,0.4680319680319681
4541,0.5194805194805194
4542,0.3766233766233767
4543,0.4265734265734266
4544,0.44530469530469535
4545,0.4080919080919081
4546,0.3703796203796204
4547,0.44530469530469535
4548,0.36738261738261746
4549,0.4208291708291709
4550,0.49675324675324684
4551,0.41483516483516486
4552,0.48701298701298706
4553,0.37162837162837176
4554,0.4190809190809191
4555,0.4537962037962037
4556,0.4348151848151849
4557,0.5192307692307693
4558,0.38786213786213786
4559,0.3783716283716284
4560,0.3424075924075924
4561,0.38111888111888115
4562,0.45179820179820185
4563,0.4325674325674327
4564,0.43356643356643365
4565,0.4133366633366634
4566,0.43681318681318687
4567,0.4258241758241758
4568,0.3788711288711289
4569,0.36013986013986027
4570,0.44455544455544466
4571,0.34565434565434566
4572,0.26148851148851154
4573,0.5304695304695305
4574,0.40359640359640364
4575,0.38761238761238764
4576,0.3893606393606394
4577,0.49025974025974034
4578,0.37962037962037964
4579,0.4260739260739261
4580,0.5099900099900101
4581,0.38736263736263743
4582,0.3496503496503497
4583,0.41033966033966035
4584,0.3736263736263737
4585,0.44355644355644364
4586,0.37137862137862143
4587,0.4060939060939061
4588,0.4705294705294706
4589,0.41533466533466534
4590,0.36738261738261746
4591,0.46653346653346656
4592,0.42807192807192823
4593,0.383866133866134
4594,0.5267232767232768
4595,0.49350649350649356
4596,0.5202297702297703
4597,0.40784215784215777
4598,0.36388611388611397
4599,0.47152847152847155
4600,0.43781218781218784
4601,0.45504495504495507
4602,0.4582917082917084
4603,0.49900099900099903
4604,0.46653346653346656
4605,0.3883616383616385
4606,0.42282717282717286
4607,0.42107892107892114
4608,0.44805194805194803
4609,0.45979020979020985
4610,0.5566933066933067
4611,0.350899100899101
4612,0.34065934065934067
4613,0.40909090909090906
4614,0.3628871128871129
4615,0.3441558441558442
4616,0.3384115884115884
4617,0.4188311688311689
4618,0.303946053946054
4619,0.4068431568431569
4620,0.5092407592407594
4621,0.4450549450549452
4622,0.4135864135864136
4623,0.4910089910089911
4624,0.38311688311688313
4625,0.48851148851148857
4626,0.407842157842158
4627,0.3074425574425575
4628,0.4125874125874126
4629,0.37887112887112895
4630,0.3991008991008992
4631,0.3776223776223776
4632,0.48176823176823186
4633,0.4852647352647353
4634,0.3641358641358642
4635,0.4510489510489511
4636,0.4135864135864136
4637,0.47752247752247756
4638,0.37737262737262744
4639,0.2814685314685315
4640,0.40984015984015987
4641,0.4350649350649351
4642,0.36963036963036966
4643,0.5149850149850151
4644,0.40284715284715295
4645,0.5447052947052947
4646,0.32742257742257747
4647,0.47102897102897107
4648,0.3663836163836164
4649,0.4420579420579421
4650,0.5544455544455545
4651,0.3708791208791209
4652,0.31768231768231775
4653,0.3931068931068932
4654,0.3601398601398601
4655,0.5002497502497503
4656,0.43256743256743263
4657,0.32942057942057945
4658,0.44480519480519487
4659,0.24200799200799203
4660,0.5417082917082917
4661,0.5482017982017983
4662,0.40959040959040965
4663,0.40659340659340665
4664,0.4018481518481519
4665,0.35939060939060946
4666,0.5786713286713289
4667,0.4775224775224777
4668,0.41433566433566443
4669,0.4650349650349651
4670,0.5841658341658341
4671,0.43806193806193816
4672,0.397852147852148
4673,0.3746253746253747
4674,0.3698801198801199
4675,0.4190809190809191
4676,0.47327672327672327
4677,0.323926073926074
4678,0.4310689310689311
4679,0.4298201798201799
4680,0.41333666333666336
4681,0.4243256743256743
4682,0.5157342657342657
4683,0.5501998001998004
4684,0.3603896103896105
4685,0.3454045954045955
4686,0.47452547452547467
4687,0.38986013986013984
4688,0.38411588411588415
4689,0.43681318681318687
4690,0.5387112887112887
4691,0.43231768231768236
4692,0.31568431568431576
4693,0.4230769230769231
4694,0.4530469530469531
4695,0.4545454545454546
4696,0.4155844155844156
4697,0.4045954045954046
4698,0.39960039960039967
4699,0.3124375624375625
4700,0.3471528471528472
4701,0.5656843156843158
4702,0.44980019980019986
4703,0.4428071928071928
4704,0.43231768231768236
4705,0.4193306693306694
4706,0.4375624375624376
4707,0.40209790209790214
4708,0.3901098901098901
4709,0.43481518481518483
4710,0.44530469530469535
4711,0.5314685314685316
4712,0.39135864135864135
4713,0.3603896103896104
4714,0.4952547452547452
4715,0.36563436563436563
4716,0.4143356643356643
4717,0.33091908091908095
4718,0.35089910089910087
4719,0.33991008991009003
4720,0.3376623376623377
4721,0.3823676323676324
4722,0.38186813186813195
4723,0.5067432567432568
4724,0.47902097902097907
4725,0.41808191808191814
4726,0.3506493506493507
4727,0.44780219780219793
4728,0.4920079920079921
4729,0.43181818181818193
4730,0.355894105894106
4731,0.3536463536463538
4732,0.523976023976024
4733,0.4360639360639361
4734,0.3548951048951049
4735,0.3201798201798202
4736,0.44830169830169836
4737,0.3671328671328672
4738,0.3961038961038961
4739,0.3896103896103897
4740,0.38486513486513496
4741,0.5394605394605396
4742,0.49125874125874136
4743,0.48626373626373637
4744,0.43181818181818177
4745,0.5604395604395604
4746,0.4238261738261739
4747,0.4647852147852148
4748,0.4245754245754246
4749,0.3766233766233766
4750,0.47252747252747257
4751,0.4542957042957044
4752,0.3758741258741259
4753,0.2602397602397603
4754,0.37087912087912095
4755,0.4438061938061938
4756,0.5024975024975025
4757,0.40784215784215794
4758,0.47027972027972037
4759,0.4143356643356645
4760,0.4318181818181818
4761,0.5252247752247753
4762,0.37512487512487513
4763,0.38086913086913093
4764,0.48251748251748255
4765,0.5581918081918082
4766,0.5164835164835165
4767,0.48101898101898105
4768,0.5591908091908092
4769,0.3998501498501499
4770,0.3583916083916084
4771,0.4607892107892109
4772,0.4600399600399601
4773,0.406843156843157
4774,0.4967532467532468
4775,0.43681318681318676
4776,0.49100899100899115
4777,0.5452047952047953
4778,0.35914085914085925
4779,0.5197302697302698
4780,0.39035964035964044
4781,0.3833666333666334
4782,0.4557942057942059
4783,0.266983016983017
4784,0.44380619380619385
4785,0.46903096903096914
4786,0.40609390609390605
4787,0.3808691308691309
4788,0.41958041958041964
4789,0.3956043956043957
4790,0.45629370629370636
4791,0.49425574425574437
4792,0.39635364635364645
4793,0.45829170829170834
4794,0.42482517482517496
4795,0.5382117882117883
4796,0.43781218781218784
4797,0.42032967032967034
4798,0.4687812187812188
4799,0.4213286713286713
4800,0.4200799200799202
4801,0.3224275724275724
4802,0.38786213786213786
4803,0.4585414585414586
4804,0.4183316683316684
4805,0.4498001998001998
4806,0.4135864135864137
4807,0.48101898101898105
4808,0.40634365634365643
4809,0.4880119880119881
4810,0.4433066933066933
4811,0.3638861138861139
4812,0.3296703296703297
4813,0.5032467532467534
4814,0.4320679320679321
4815,0.4455544455544456
4816,0.42507492507492506
4817,0.3608891108891109
4818,0.4887612387612389
4819,0.3901098901098901
4820,0.39185814185814205
4821,0.45854145854145856
4822,0.4313186813186813
4823,0.5119880119880119
4824,0.29270729270729273
4825,0.47727272727272735
4826,0.3568931068931069
4827,0.41658341658341663
4828,0.4410589410589411
4829,0.4877622377622378
4830,0.3494005994005994
4831,0.37537462537462546
4832,0.3988511488511488
4833,0.4565434565434566
4834,0.41333666333666336
4835,0.5382117882117883
4836,0.4120879120879121
4837,0.3851148851148852
4838,0.4450549450549451
4839,0.4870129870129872
4840,0.5012487512487513
4841,0.38636363636363635
4842,0.5002497502497504
4843,0.33641358641358643
4844,0.469030969030969
4845,0.4040959040959041
4846,0.46353646353646355
4847,0.3513986013986014
4848,0.4562937062937063
4849,0.46828171828171833
4850,0.3826173826173826
4851,0.4802697302697303
4852,0.4935064935064935
4853,0.37962037962037964
4854,0.36938061938061945
4855,0.38186813186813195
4856,0.4493006993006993
4857,0.3636363636363637
4858,0.40084915084915096
4859,0.3863636363636364
4860,0.4428071928071929
4861,0.33116883116883117
4862,0.47077922077922085
4863,0.4235764235764236
4864,0.4195804195804196
4865,0.5192307692307694
4866,0.4345654345654347
4867,0.38786213786213786
4868,0.3653846153846155
4869,0.469030969030969
4870,0.4652847152847153
4871,0.25624375624375634
4872,0.41083916083916083
4873,0.282967032967033
4874,0.4003496503496504
4875,0.4488011988011988
4876,0.4967532467532467
4877,0.2867132867132868
4878,0.4175824175824176
4879,0.4050949050949052
4880,0.32592407592407596
4881,0.44230769230769235
4882,0.4547952047952049
4883,0.48726273726273733
4884,0.38061938061938067
4885,0.35039960039960044
4886,0.4180819180819181
4887,0.39360639360639366
4888,0.38611388611388614
4889,0.4572927072927073
4890,0.34915084915084915
4891,0.3703796203796204
4892,0.4662837162837164
4893,0.4575424575424577
4894,0.5044955044955046
4895,0.5307192807192809
4896,0.3586413586413587
4897,0.3683816183816183
4898,0.36888111888111885
4899,0.4488011988011989
4900,0.45779220779220786
4901,0.41083916083916083
4902,0.40284715284715295
4903,0.327922077922078
4904,0.32242757242757253
4905,0.39660339660339666
4906,0.47302697302697305
4907,0.3666333666333666
4908,0.33891108891108895
4909,0.5307192807192809
4910,0.4777722277722279
4911,0.3976023976023977
4912,0.45154845154845163
4913,0.4268231768231769
4914,0.5172327672327672
4915,0.4542957042957044
4916,0.3841158841158841
4917,0.4035964035964036
4918,0.3503996003996005
4919,0.4143356643356643
4920,0.29570429570429574
4921,0.4413086913086913
4922,0.3903596403596405
4923,0.4135864135864136
4924,0.49500499500499506
4925,0.2657342657342658
4926,0.4552947052947052
4927,0.46553446553446565
4928,0.30394605394605395
4929,0.5169830169830171
4930,0.36363636363636365
4931,0.4537962037962039
4932,0.30119880119880127
4933,0.41733266733266733
4934,0.30294705294705293
4935,0.335914085914086
4936,0.4223276723276724
4937,0.4885114885114886
4938,0.3803696303696304
4939,0.45704295704295717
4940,0.38386613386613394
4941,0.32192807192807205
4942,0.3354145854145854
4943,0.3743756243756243
4944,0.41708291708291717
4945,0.4885114885114885
4946,0.46578421578421597
4947,0.4325674325674326
4948,0.5174825174825176
4949,0.37712287712287706
4950,0.47852147852147864
4951,0.40084915084915085
4952,0.3958541458541459
4953,0.5192307692307694
4954,0.38961038961038963
4955,0.35639360639360645
4956,0.4827672327672329
4957,0.40984015984015987
4958,0.4393106893106893
4959,0.4463036963036963
4960,0.33191808191808203
4961,0.38986013986014
4962,0.42507492507492506
4963,0.3044455544455545
4964,0.41733266733266733
4965,0.39135864135864146
4966,0.4165834165834165
4967,0.3786213786213786
4968,0.3603896103896104
4969,0.39135864135864146
4970,0.5362137862137862
4971,0.43206793206793215
4972,0.4238261738261739
4973,0.32942057942057945
4974,0.3991008991008992
4975,0.3414085914085914
4976,0.48076923076923084
4977,0.508991008991009
4978,0.4170829170829172
4979,0.4690309690309692
4980,0.48701298701298706
4981,0.3536463536463537
4982,0.332917082917083
4983,0.48526473526473535
4984,0.53996003996004
4985,0.41258741258741277
4986,0.29520479520479526
4987,0.4640359640359642
4988,0.3786213786213787
4989,0.47677322677322687
4990,0.4682817182817184
4991,0.6690809190809192
4992,0.3174325674325675
4993,0.4495504495504496
4994,0.49475524475524485
4995,0.3743756243756243
4996,0.4105894105894106
4997,0.38161838161838174
4998,0.4385614385614386
4999,0.48076923076923084
5000,0.34190809190809196
5001,0.33441558441558444
5002,0.39885114885114886
5003,0.34415584415584416
5004,0.4405594405594406
5005,0.49275724275724275
5006,0.4847652347652348
5007,0.4752747252747253
5008,0.5322177822177823
5009,0.45929070929070936
5010,0.4662837162837163
5011,0.3708791208791209
5012,0.38636363636363635
5013,0.4223276723276725
5014,0.5197302697302698
5015,0.33191808191808203
5016,0.4110889110889112
5017,0.4977522477522478
5018,0.30894105894105894
5019,0.35614385614385613
5020,0.40084915084915085
5021,0.49475524475524485
5022,0.564935064935065
5023,0.3274225774225775
5024,0.44330669330669326
5025,0.4885114885114886
5026,0.4622877122877123
5027,0.4433066933066934
5028,0.47377622377622386
5029,0.4602897102897104
5030,0.38786213786213786
5031,0.294955044955045
5032,0.3801198801198801
5033,0.4373126873126874
5034,0.4313186813186814
5035,0.38411588411588415
5036,0.3286713286713287
5037,0.37762237762237766
5038,0.4358141858141859
5039,0.44405594405594406
5040,0.38061938061938067
5041,0.4050949050949052
5042,0.5711788211788212
5043,0.4345654345654347
5044,0.35989010989010994
5045,0.3851148851148851
5046,0.24050949050949058
5047,0.45779220779220786
5048,0.530969030969031
5049,0.354895104895105
5050,0.39160839160839156
5051,0.4040959040959041
5052,0.3451548451548452
5053,0.47202797202797214
5054,0.5044955044955045
5055,0.3923576423576424
5056,0.43956043956043966
5057,0.4428071928071928
5058,0.3958541458541459
5059,0.3981018981018982
5060,0.4987512487512488
5061,0.4188311688311689
5062,0.364885114885115
5063,0.43781218781218784
5064,0.48176823176823186
5065,0.34640359640359647
5066,0.3961038961038961
5067,0.42607392607392613
5068,0.49050949050949066
5069,0.5277222777222778
5070,0.43706293706293714
5071,0.42107892107892114
5072,0.3993506493506494
5073,0.3943556443556444
5074,0.3703796203796204
5075,0.3866133866133867
5076,0.3753746253746254
5077,0.38961038961038963
5078,0.37387612387612396
5079,0.4960039960039961
5080,0.315934065934066
5081,0.45079920079920077
5082,0.43231768231768236
5083,0.3786213786213786
5084,0.35189810189810194
5085,0.37087912087912095
5086,0.47252747252747257
5087,0.30094905094905094
5088,0.5257242757242758
5089,0.26823176823176825
5090,0.36713286713286714
5091,0.5069930069930072
5092,0.48876123876123884
5093,0.3583916083916084
5094,0.4582917082917084
5095,0.4745254745254745
5096,0.3851148851148851
5097,0.4373126873126874
5098,0.3868631368631369
5099,0.3843656343656344
5100,0.5631868131868133
5101,0.4917582417582419
5102,0.43381618381618386
5103,0.4725274725274726
5104,0.5142357642357643
5105,0.4390609390609392
5106,0.6231268731268733
5107,0.47652347652347654
5108,0.33991008991009003
5109,0.2587412587412588
5110,0.40534465534465536
5111,0.5324675324675324
5112,0.37462537462537465
5113,0.3513986013986014
5114,0.43531468531468537
5115,0.520979020979021
5116,0.5064935064935066
5117,0.36988011988011993
5118,0.35664335664335667
5119,0.4180819180819181
5120,0.4303196803196804
5121,0.41983016983016996
5122,0.32092907092907097
5123,0.4550449550449551
5124,0.337912087912088
5125,0.42057942057942066
5126,0.28346653346653344
5127,0.4000999000999001
5128,0.46928071928071935
5129,0.36563436563436563
5130,0.31168831168831174
5131,0.3034465534465535
5132,0.4470529470529471
5133,0.41083916083916083
5134,0.606893106893107
5135,0.3501498501498502
5136,0.32917082917082924
5137,0.34240759240759244
5138,0.40859140859140863
5139,0.4293206793206794
5140,0.4428071928071929
5141,0.44930069930069927
5142,0.37287712287712294
5143,0.3454045954045955
5144,0.4235764235764237
5145,0.46778221778221785
5146,0.504995004995005
5147,0.5357142857142858
5148,0.3681318681318682
5149,0.4652847152847152
5150,0.48301698301698304
5151,0.43756243756243757
5152,0.3821178821178822
5153,0.4410589410589411
5154,0.4615384615384616
5155,0.2804695304695305
5156,0.33041958041958036
5157,0.40034965034965037
5158,0.4303196803196804
5159,0.41508491508491513
5160,0.3888611388611389
5161,0.5457042957042958
5162,0.44180819180819186
5163,0.30894105894105894
5164,0.48876123876123884
5165,0.44080919080919084
5166,0.3723776223776224
5167,0.40984015984015987
5168,0.4333166833166833
5169,0.4975024975024976
5170,0.32117882117882124
5171,0.35164835164835173
5172,0.4448051948051948
5173,0.4188311688311689
5174,0.5157342657342657
5175,0.42107892107892114
5176,0.36813186813186816
5177,0.308941058941059
5178,0.42882117882117887
5179,0.3391608391608392
5180,0.42882117882117876
5181,0.32042957042957043
5182,0.39135864135864146
5183,0.5129870129870131
5184,0.46878121878121887
5185,0.4348151848151848
5186,0.40709290709290713
5187,0.3978521478521479
5188,0.5784215784215785
5189,0.4927572427572428
5190,0.45104895104895115
5191,0.3853646353646355
5192,0.37737262737262744
5193,0.47377622377622386
5194,0.40809190809190815
5195,0.3941058941058941
5196,0.37762237762237766
5197,0.4507992007992008
5198,0.4692807192807193
5199,0.27397602397602405
5200,0.3776223776223776
5201,0.38136863136863136
5202,0.46853146853146865
5203,0.3476523476523477
5204,0.40959040959040965
5205,0.4787712287712288
5206,0.3976023976023977
5207,0.4430569430569431
5208,0.40884115884115885
5209,0.4385614385614386
5210,0.4290709290709291
5211,0.4178321678321678
5212,0.45104895104895115
5213,0.40284715284715283
5214,0.5207292707292709
5215,0.6066433566433567
5216,0.4645354645354646
5217,0.5082417582417583
5218,0.4857642357642359
5219,0.40334665334665337
5220,0.39760239760239763
5221,0.26348651348651353
5222,0.3206793206793207
5223,0.3031968031968032
5224,0.25299700299700306
5225,0.4065934065934066
5226,0.5184815184815185
5227,0.3998501498501499
5228,0.36188811188811193
5229,0.43056943056943064
5230,0.38161838161838163
5231,0.3513986013986014
5232,0.34890109890109894
5233,0.5457042957042958
5234,0.3681318681318682
5235,0.3586413586413587
5236,0.40459540459540466
5237,0.39760239760239763
5238,0.32942057942057945
5239,0.4293206793206794
5240,0.38436563436563437
5241,0.4957542457542458
5242,0.39835164835164844
5243,0.3339160839160839
5244,0.3871128871128872
5245,0.4507992007992008
5246,0.47352647352647365
5247,0.4555444555444556
5248,0.4520479520479522
5249,0.5227272727272727
5250,0.38961038961038963
5251,0.5314685314685316
5252,0.4655344655344656
5253,0.4420579420579421
5254,0.33591408591408595
5255,0.39035964035964044
5256,0.4115884115884116
5257,0.4108391608391609
5258,0.34240759240759244
5259,0.4557942057942058
5260,0.44730269730269734
5261,0.45104895104895115
5262,0.4860139860139861
5263,0.46678321678321694
5264,0.40509490509490514
5265,0.48726273726273733
5266,0.42282717282717286
5267,0.37062937062937074
5268,0.41658341658341663
5269,0.4580419580419581
5270,0.46753246753246763
5271,0.42632367632367646
5272,0.4428071928071929
5273,0.39810189810189817
5274,0.37162837162837165
5275,0.3526473526473527
5276,0.3831168831168831
5277,0.39060939060939065
5278,0.4837662337662338
5279,0.42632367632367624
5280,0.40584415584415595
5281,0.3334165834165835
5282,0.390859140859141
5283,0.38636363636363635
5284,0.5734265734265734
5285,0.36238761238761247
5286,0.36638361638361644
5287,0.458041958041958
5288,0.3881118881118882
5289,0.44805194805194803
5290,0.4240759240759241
5291,0.4762737262737264
5292,0.43056943056943064
5293,0.36638361638361644
5294,0.3611388611388612
5295,0.30444555444555454
5296,0.5047452547452549
5297,0.37887112887112895
5298,0.4802697302697303
5299,0.2722277722277723
5300,0.3991008991008992
5301,0.47177822177822193
5302,0.3626373626373626
5303,0.42657342657342656
5304,0.3756243756243757
5305,0.4825174825174825
5306,0.3673826173826174
5307,0.4243256743256744
5308,0.4495504495504496
5309,0.3236763236763237
5310,0.36638361638361644
5311,0.3411588411588412
5312,0.41108891108891116
5313,0.4250749250749251
5314,0.44730269730269734
5315,0.4235764235764237
5316,0.4485514485514487
5317,0.4672827172827173
5318,0.4787712287712288
5319,0.5357142857142858
5320,0.36563436563436563
5321,0.3743756243756244
5322,0.4475524475524476
5323,0.3506493506493506
5324,0.4675324675324676
5325,0.321928071928072
5326,0.4850149850149851
5327,0.5289710289710291
5328,0.4540459540459541
5329,0.5402097902097902
5330,0.3711288711288712
5331,0.45904095904095915
5332,0.4265734265734267
5333,0.4153346653346654
5334,0.296953046953047
5335,0.4505494505494506
5336,0.41958041958041964
5337,0.4942557442557443
5338,0.36438561438561445
5339,0.41133866133866137
5340,0.3491508491508492
5341,0.46678321678321677
5342,0.4577922077922078
5343,0.47602397602397606
5344,0.3718781218781219
5345,0.46453546453546457
5346,0.5487012987012988
5347,0.42682317682317683
5348,0.5242257742257743
5349,0.5244755244755245
5350,0.5252247752247753
5351,0.37412587412587417
5352,0.44155844155844154
5353,0.4210789210789211
5354,0.40209790209790214
5355,0.4510489510489511
5356,0.4790209790209791
5357,0.47902097902097907
5358,0.4115884115884117
5359,0.5172327672327672
5360,0.3906093906093906
5361,0.4547952047952049
5362,0.35714285714285715
5363,0.4300699300699301
5364,0.37862137862137873
5365,0.40709290709290713
5366,0.4248251748251749
5367,0.44430569430569433
5368,0.4170829170829172
5369,0.39285714285714285
5370,0.4587912087912089
5371,0.35089910089910104
5372,0.37012987012987025
5373,0.3556443556443557
5374,0.4315684315684316
5375,0.4687812187812189
5376,0.37712287712287723
5377,0.501998001998002
5378,0.3621378621378622
5379,0.4645354645354646
5380,0.3998501498501499
5381,0.3963536463536465
5382,0.4133366633366635
5383,0.5551948051948051
5384,0.3444055944055945
5385,0.44505494505494514
5386,0.42882117882117887
5387,0.39610389610389607
5388,0.45429570429570443
5389,0.3334165834165835
5390,0.35289710289710297
5391,0.4622877122877123
5392,0.290959040959041
5393,0.37162837162837176
5394,0.3898601398601399
5395,0.5616883116883117
5396,0.5194805194805195
5397,0.35989010989010994
5398,0.5864135864135865
5399,0.3541458541458541
5400,0.5167332667332668
5401,0.5082417582417583
5402,0.314935064935065
5403,0.4235764235764236
5404,0.48801198801198803
5405,0.41433566433566443
5406,0.45779220779220786
5407,0.3501498501498502
5408,0.43406593406593413
5409,0.3513986013986015
5410,0.3978521478521479
5411,0.28421578421578425
5412,0.5204795204795205
5413,0.5324675324675325
5414,0.4507992007992009
5415,0.3494005994005995
5416,0.42857142857142855
5417,0.3868631368631369
5418,0.5349650349650351
5419,0.3941058941058941
5420,0.4580419580419581
5421,0.3866133866133867
5422,0.3691308691308692
5423,0.40584415584415584
5424,0.36488511488511494
5425,0.4273226773226773
5426,0.44355644355644364
5427,0.3264235764235765
5428,0.3096903096903097
5429,0.34465534465534464
5430,0.4080919080919081
5431,0.42707292707292716
5432,0.41633366633366636
5433,0.5362137862137863
5434,0.41458541458541465
5435,0.36063936063936064
5436,0.4015984015984016
5437,0.4220779220779222
5438,0.4085914085914087
5439,0.32517482517482527
5440,0.5759240759240759
5441,0.4927572427572428
5442,0.5007492507492508
5443,0.5482017982017983
5444,0.4100899100899102
5445,0.5129870129870131
5446,0.4133366633366634
5447,0.4043456543456544
5448,0.458041958041958
5449,0.3371628371628372
5450,0.4318181818181818
5451,0.4520479520479522
5452,0.3831168831168831
5453,0.41133866133866137
5454,0.4318181818181818
5455,0.3908591408591409
5456,0.48326673326673325
5457,0.3101898101898102
5458,0.317932067932068
5459,0.30044955044955046
5460,0.46778221778221785
5461,0.45079920079920077
5462,0.4145854145854146
5463,0.40159840159840166
5464,0.30169830169830175
5465,0.53996003996004
5466,0.44755244755244766
5467,0.3898601398601399
5468,0.3688811188811189
5469,0.49675324675324684
5470,0.32692307692307704
5471,0.41108891108891116
5472,0.41808191808191814
5473,0.43281718281718284
5474,0.4453046953046953
5475,0.36813186813186816
5476,0.4158341658341659
5477,0.43431568431568435
5478,0.39260739260739264
5479,0.4465534465534467
5480,0.5194805194805195
5481,0.3591408591408591
5482,0.4957542457542458
5483,0.4782717282717283
5484,0.42107892107892114
5485,0.36888111888111885
5486,0.42257742257742253
5487,0.3743756243756243
5488,0.42107892107892114
5489,0.2972027972027972
5490,0.45654345654345646
5491,0.4597902097902099
5492,0.4398101898101899
5493,0.3386613386613387
5494,0.38536463536463533
5495,0.33591408591408595
5496,0.44655344655344653
5497,0.43431568431568435
5498,0.4235764235764236
5499,0.5297202797202798
5500,0.337912087912088
5501,0.5114885114885116
5502,0.47077922077922085
5503,0.4105894105894106
5504,0.5004995004995005
5505,0.44355644355644364
5506,0.4080919080919082
5507,0.4892607392607394
5508,0.35614385614385624
5509,0.3688811188811189
5510,0.3429070929070929
5511,0.2724775224775225
5512,0.45604395604395614
5513,0.4450549450549452
5514,0.3783716283716284
5515,0.48676323676323685
5516,0.41483516483516486
5517,0.41283716283716293
5518,0.45404595404595416
5519,0.35789210789210796
5520,0.4308191808191809
5521,0.3611388611388612
5522,0.3711288711288712
5523,0.45504495504495507
5524,0.4058441558441559
5525,0.38561438561438566
5526,0.4280719280719281
5527,0.5224775224775225
5528,0.4577922077922078
5529,0.4230769230769231
5530,0.4795204795204796
5531,0.4897602397602399
5532,0.4637862137862139
5533,0.33566433566433573
5534,0.4405594405594407
5535,0.32517482517482516
5536,0.34890109890109894
5537,0.4435564435564437
5538,0.5017482517482518
5539,0.3336663336663337
5540,0.47252747252747257
5541,0.3833666333666334
5542,0.37637362637362637
5543,0.3988511488511489
5544,0.3978521478521479
5545,0.3698801198801199
5546,0.3936063936063937
5547,0.3953546453546454
5548,0.3873626373626374
5549,0.4767732267732268
5550,0.46828171828171833
5551,0.4435564435564436
5552,0.28221778221778226
5553,0.48551448551448567
5554,0.47977022977022976
5555,0.5541958041958043
5556,0.35514485514485516
5557,0.40809190809190815
5558,0.37762237762237766
5559,0.3643856143856144
5560,0.40509490509490514
5561,0.3471528471528472
5562,0.49175824175824184
5563,0.4328171828171829
5564,0.35964035964035973
5565,0.42732267732267737
5566,0.36013986013986016
5567,0.3606393606393607
5568,0.4448051948051948
5569,0.3523976023976024
5570,0.4183316683316684
5571,0.39710289710289715
5572,0.4148351648351648
5573,0.39435564435564435
5574,0.5067432567432568
5575,0.4430569430569431
5576,0.41233766233766245
5577,0.47527472527472536
5578,0.4488011988011989
5579,0.35789210789210796
5580,0.4757742257742259
5581,0.3941058941058942
5582,0.46003996003996
5583,0.4175824175824176
5584,0.3499000999001
5585,0.5112387612387613
5586,0.4083416583416583
5587,0.41283716283716293
5588,0.5781718281718282
5589,0.39160839160839167
5590,0.40509490509490526
5591,0.4505494505494506
5592,0.4268231768231769
5593,0.5009990009990011
5594,0.5999000999001
5595,0.4812687312687313
5596,0.44980019980019986
5597,0.4083416583416585
5598,0.43681318681318687
5599,0.2727272727272728
5600,0.3646353646353647
5601,0.4605394605394606
5602,0.44130869130869127
5603,0.3886113886113886
5604,0.33691308691308697
5605,0.48076923076923084
5606,0.5267232767232767
5607,0.3668831168831169
5608,0.37337662337662353
5609,0.46353646353646355
5610,0.5364635364635365
5611,0.3883616383616384
5612,0.5144855144855144
5613,0.5114885114885116
5614,0.40884115884115896
5615,0.4313186813186814
5616,0.37937062937062943
5617,0.4977522477522478
5618,0.37937062937062943
5619,0.5614385614385615
5620,0.3901098901098901
5621,0.4465534465534466
5622,0.3543956043956044
5623,0.36263736263736274
5624,0.4100899100899102
5625,0.35814185814185817
5626,0.4025974025974027
5627,0.3961038961038961
5628,0.46428571428571436
5629,0.4065934065934066
5630,0.4195804195804197
5631,0.38286713286713286
5632,0.32667332667332666
5633,0.41708291708291717
5634,0.3121878121878123
5635,0.3838661338661339
5636,0.4740259740259742
5637,0.3771228771228771
5638,0.41208791208791223
5639,0.3981018981018982
5640,0.40484515484515493
5641,0.4353146853146853
5642,0.3456543456543457
5643,0.4175824175824176
5644,0.3743756243756244
5645,0.5154845154845156
5646,0.44680319680319686
5647,0.4670329670329671
5648,0.4318181818181818
5649,0.5846653346653347
5650,0.3196803196803196
5651,0.38111888111888115
5652,0.3196803196803197
5653,0.46203796203796216
5654,0.4038461538461538
5655,0.3928571428571429
5656,0.3404095904095904
5657,0.4530469530469531
5658,0.43256743256743263
5659,0.4160839160839161
5660,0.36563436563436574
5661,0.43181818181818193
5662,0.48651348651348664
5663,0.37237762237762245
5664,0.4200799200799202
5665,0.42707292707292716
5666,0.43356643356643365
5667,0.4455544455544457
5668,0.42982017982017984
5669,0.42857142857142866
5670,0.2817182817182818
5671,0.38911088911088915
5672,0.4205794205794206
5673,0.39335664335664333
5674,0.5896603396603396
5675,0.45479520479520474
5676,0.43606393606393606
5677,0.3546453546453547
5678,0.43631368631368644
5679,0.4522977022977024
5680,0.3901098901098901
5681,0.42957042957042957
5682,0.33416583416583423
5683,0.4215784215784216
5684,0.5032467532467534
5685,0.4108391608391609
5686,0.4200799200799201
5687,0.5149850149850151
5688,0.4308191808191809
5689,0.35189810189810194
5690,0.391858141858142
5691,0.4650349650349651
5692,0.5536963036963037
5693,0.44380619380619385
5694,0.3673826173826174
5695,0.53996003996004
5696,0.5541958041958043
5697,0.3491508491508492
5698,0.38486513486513496
5699,0.4712787212787214
5700,0.5274725274725276
5701,0.4465534465534466
5702,0.4288211788211788
5703,0.4727772227772228
5704,0.48926073926073926
5705,0.4095904095904096
5706,0.36988011988011993
5707,0.40809190809190815
5708,0.40809190809190815
5709,0.30694305694305696
5710,0.44855144855144863
5711,0.49850149850149855
5712,0.476023976023976
5713,0.4438061938061938
5714,0.3981018981018982
5715,0.36488511488511494
5716,0.41283716283716293
5717,0.4860139860139861
5718,0.3691308691308691
5719,0.3276723276723277
5720,0.5019980019980019
5721,0.3409090909090909
5722,0.3883616383616384
5723,0.4547952047952049
5724,0.4475524475524476
5725,0.47177822177822176
5726,0.4935064935064935
5727,0.40584415584415584
5728,0.45254745254745254
5729,0.42007992007992007
5730,0.5397102897102897
5731,0.3886113886113887
5732,0.3966033966033966
5733,0.39485514485514495
5734,0.44080919080919084
5735,0.4080919080919081
5736,0.38386613386613394
5737,0.33916083916083917
5738,0.34015984015984013
5739,0.4885114885114887
5740,0.5134865134865135
5741,0.4220779220779221
5742,0.4098401598401599
5743,0.3823676323676324
5744,0.42132867132867136
5745,0.29420579420579424
5746,0.5207292707292708
5747,0.4128371628371629
5748,0.5087412587412589
5749,0.41108891108891116
5750,0.4300699300699301
5751,0.30519480519480524
5752,0.4622877122877123
5753,0.46878121878121876
5754,0.4185814185814186
5755,0.33966033966033965
5756,0.4208291708291709
5757,0.4260739260739262
5758,0.33141858141858144
5759,0.5009990009990011
5760,0.47927072927072933
5761,0.5114885114885116
5762,0.40584415584415584
5763,0.4662837162837164
5764,0.3881118881118882
5765,0.41083916083916083
5766,0.5856643356643357
5767,0.4620379620379621
5768,0.4445554445554446
5769,0.46953046953046956
5770,0.4488011988011989
5771,0.33016983016983026
5772,0.4567932067932069
5773,0.4315684315684316
5774,0.4343156843156844
5775,0.37737262737262744
5776,0.3656343656343658
5777,0.5064935064935066
5778,0.41583416583416594
5779,0.2874625374625374
5780,0.38786213786213797
5781,0.40909090909090917
5782,0.41483516483516486
5783,0.40059940059940063
5784,0.4500499500499501
5785,0.4732767232767233
5786,0.5367132867132868
5787,0.4420579420579421
5788,0.5631868131868132
5789,0.4782717282717284
5790,0.507992007992008
5791,0.4258241758241759
5792,0.38536463536463544
5793,0.4073426573426574
5794,0.38036963036963034
5795,0.4215784215784217
5796,0.41108891108891116
5797,0.4003496503496504
5798,0.39935064935064934
5799,0.3414085914085914
5800,0.40184815184815187
5801,0.45329670329670335
5802,0.3414085914085914
5803,0.5267232767232768
5804,0.37312687312687315
5805,0.4108391608391609
5806,0.32092907092907097
5807,0.4383116883116884
5808,0.4413086913086913
5809,0.4275724275724277
5810,0.5424575424575425
5811,0.4507992007992009
5812,0.4463036963036964
5813,0.3793706293706295
5814,0.5374625374625375
5815,0.3611388611388611
5816,0.4390609390609391
5817,0.5264735264735265
5818,0.3454045954045954
5819,0.35664335664335667
5820,0.5611888111888113
5821,0.3791208791208791
5822,0.47902097902097907
5823,0.4473026973026974
5824,0.4640359640359642
5825,0.4003496503496504
5826,0.500999000999001
5827,0.4365634365634366
5828,0.3134365634365635
5829,0.45929070929070936
5830,0.38836163836163845
5831,0.32467532467532473
5832,0.3638861138861139
5833,0.3893606393606395
5834,0.4038461538461539
5835,0.44580419580419584
5836,0.3531468531468532
5837,0.4085914085914087
5838,0.4817682317682318
5839,0.3733766233766233
5840,0.3973526473526475
5841,0.3931068931068931
5842,0.5721778221778223
5843,0.4335664335664337
5844,0.30669330669330674
5845,0.4060939060939062
5846,0.42207792207792216
5847,0.3596403596403596
5848,0.4607892107892109
5849,0.3928571428571429
5850,0.35914085914085925
5851,0.40534465534465536
5852,0.3311688311688313
5853,0.32892107892107897
5854,0.4545454545454546
5855,0.26223776223776224
5856,0.48826173826173835
5857,0.3671328671328672
5858,0.5536963036963037
5859,0.40209790209790214
5860,0.4805194805194806
5861,0.4365634365634366
5862,0.32417582417582425
5863,0.43456543456543467
5864,0.3339160839160839
5865,0.4935064935064936
5866,0.2962037962037963
5867,0.3656343656343656
5868,0.2972027972027972
5869,0.3978521478521479
5870,0.43206793206793204
5871,0.311938061938062
5872,0.46278721278721274
5873,0.3986013986013987
5874,0.40984015984015987
5875,0.4335664335664336
5876,0.36188811188811193
5877,0.44980019980019986
5878,0.4350649350649352
5879,0.4435564435564436
5880,0.5329670329670331
5881,0.37262737262737267
5882,0.4525474525474526
5883,0.4228271728271728
5884,0.3081918081918082
5885,0.44905094905094906
5886,0.43106893106893107
5887,0.41933066933066937
5888,0.45029970029970035
5889,0.32242757242757253
5890,0.4298201798201799
5891,0.3721278721278722
5892,0.40584415584415595
5893,0.4390609390609392
5894,0.37762237762237766
5895,0.4488011988011989
5896,0.3254245754245754
5897,0.30669330669330674
5898,0.33891108891108895
5899,0.29870129870129875
5900,0.4972527472527474
5901,0.48201798201798207
5902,0.344905094905095
5903,0.2847152847152848
5904,0.4405594405594406
5905,0.45154845154845163
5906,0.4355644355644356
5907,0.3134365634365635
5908,0.41083916083916083
5909,0.33891108891108895
5910,0.40509490509490514
5911,0.3778721278721279
5912,0.4230769230769231
5913,0.40234765234765246
5914,0.31693306693306694
5915,0.31543456543456555
5916,0.45379620379620383
5917,0.4398101898101898
5918,0.46453546453546457
5919,0.4253246753246754
5920,0.3286713286713287
5921,0.4585414585414586
5922,0.4910089910089911
5923,0.3174325674325674
5924,0.4630369630369631
5925,0.3643856143856143
5926,0.34415584415584416
5927,0.5387112887112888
5928,0.3668831168831169
5929,0.48576423576423583
5930,0.4025974025974027
5931,0.5474525474525476
5932,0.5492007992007993
5933,0.4505494505494506
5934,0.4475524475524476
5935,0.38961038961038963
5936,0.46178821178821183
5937,0.3636363636363637
5938,0.3474025974025975
5939,0.48701298701298706
5940,0.35614385614385624
5941,0.4070929070929071
5942,0.30244755244755245
5943,0.290959040959041
5944,0.46328671328671334
5945,0.40734265734265745
5946,0.34915084915084915
5947,0.45854145854145856
5948,0.43256743256743263
5949,0.4710289710289711
5950,0.5132367632367634
5951,0.4278221778221779
5952,0.48476523476523486
5953,0.4365634365634366
5954,0.4433066933066933
5955,0.368881118881119
5956,0.38811188811188824
5957,0.42182817182817184
5958,0.3279220779220779
5959,0.43656343656343655
5960,0.45129870129870137
5961,0.36188811188811193
5962,0.48576423576423583
5963,0.39860139860139865
5964,0.38061938061938067
5965,0.4085914085914087
5966,0.49400599400599404
5967,0.3938561438561439
5968,0.37737262737262744
5969,0.46028971028971044
5970,0.3204295704295705
5971,0.4625374625374626
5972,0.4365634365634366
5973,0.5104895104895105
5974,0.3918581418581419
5975,0.4645354645354646
5976,0.3581418581418582
5977,0.43681318681318687
5978,0.5032467532467534
5979,0.3334165834165835
5980,0.4507992007992009
5981,0.3346653346653347
5982,0.33891108891108895
5983,0.4662837162837164
5984,0.44255744255744256
5985,0.3751248751248752
5986,0.4522977022977023
5987,0.5044955044955046
5988,0.547952047952048
5989,0.4105894105894105
5990,0.3763736263736264
5991,0.4910089910089911
5992,0.42332667332667334
5993,0.4143356643356643
5994,0.44430569430569433
5995,0.3878621378621379
5996,0.4168331668331669
5997,0.324925074925075
5998,0.4507992007992008
5999,0.5024975024975026
6000,0.43631368631368644
6001,0.3336663336663337
6002,0.3786213786213786
6003,0.4405594405594407
6004,0.34690309690309695
6005,0.3471528471528472
6006,0.4265734265734267
6007,0.5267232767232768
6008,0.3843656343656344
6009,0.463036963036963
6010,0.38811188811188807
6011,0.38561438561438566
6012,0.37062937062937074
6013,0.5437062937062939
6014,0.46878121878121887
6015,0.3826173826173827
6016,0.2874625374625375
6017,0.43031968031968043
6018,0.4278221778221779
6019,0.38436563436563437
6020,0.47127872127872134
6021,0.4877622377622378
6022,0.3978521478521479
6023,0.37137862137862143
6024,0.3691308691308692
6025,0.5184815184815186
6026,0.41433566433566427
6027,0.3416583416583417
6028,0.38086913086913093
6029,0.3621378621378622
6030,0.38311688311688313
6031,0.45404595404595405
6032,0.3294205794205794
6033,0.580919080919081
6034,0.38411588411588415
6035,0.40359640359640364
6036,0.30319680319680326
6037,0.4138361638361639
6038,0.4465534465534466
6039,0.4235764235764236
6040,0.3416583416583417
6041,0.47577422577422585
6042,0.4318181818181818
6043,0.40234765234765246
6044,0.32742257742257747
6045,0.33341658341658353
6046,0.44680319680319697
6047,0.3536463536463537
6048,0.34065934065934067
6049,0.4580419580419581
6050,0.47177822177822176
6051,0.35664335664335667
6052,0.3923576423576423
6053,0.41008991008991014
6054,0.4085914085914087
6055,0.38136863136863136
6056,0.36738261738261746
6057,0.3926073926073927
6058,0.4338161838161838
6059,0.3981018981018982
6060,0.4105894105894105
6061,0.5157342657342657
6062,0.45754245754245765
6063,0.29995004995005
6064,0.4473026973026974
6065,0.3868631368631369
6066,0.45104895104895115
6067,0.4220779220779221
6068,0.5454545454545456
6069,0.3221778221778222
6070,0.4105894105894106
6071,0.3673826173826174
6072,0.4795204795204796
6073,0.3963536463536464
6074,0.4153346653346654
6075,0.3688811188811189
6076,0.3264235764235765
6077,0.25799200799200805
6078,0.37537462537462535
6079,0.38136863136863136
6080,0.44780219780219793
6081,0.483016983016983
6082,0.4285714285714287
6083,0.338911088911089
6084,0.33366633366633375
6085,0.37687312687312685
6086,0.49050949050949055
6087,0.3866133866133867
6088,0.5139860139860141
6089,0.3983516483516484
6090,0.3064435564435565
6091,0.32517482517482516
6092,0.36663336663336665
6093,0.4128371628371629
6094,0.4158341658341658
6095,0.49550449550449555
6096,0.4005994005994006
6097,0.44605394605394616
6098,0.32417582417582425
6099,0.4488011988011988
6100,0.5167332667332668
6101,0.3856143856143857
6102,0.47302697302697305
6103,0.4920079920079921
6104,0.3758741258741259
6105,0.31693306693306694
6106,0.49425574425574437
6107,0.3364135864135865
6108,0.512987012987013
6109,0.2842157842157843
6110,0.44205794205794213
6111,0.4735264735264736
6112,0.30769230769230776
6113,0.41208791208791207
6114,0.3986013986013987
6115,0.4770229770229771
6116,0.43256743256743263
6117,0.41383616383616395
6118,0.41208791208791223
6119,0.3578921078921079
6120,0.3429070929070929
6121,0.46603396603396613
6122,0.3928571428571429
6123,0.36263736263736274
6124,0.49050949050949066
6125,0.5402097902097902
6126,0.4388111888111889
6127,0.37937062937062954
6128,0.504995004995005
6129,0.583916083916084
6130,0.3676323676323677
6131,0.44580419580419595
6132,0.372877122877123
6133,0.3399100899100899
6134,0.33666333666333675
6135,0.40209790209790214
6136,0.3294205794205795
6137,0.42882117882117887
6138,0.41658341658341663
6139,0.4587912087912089
6140,0.5084915084915086
6141,0.5092407592407594
6142,0.3743756243756243
6143,0.5492007992007992
6144,0.39135864135864135
6145,0.5079920079920079
6146,0.4872627372627374
6147,0.435064935064935
6148,0.3976023976023977
6149,0.3843656343656345
6150,0.37237762237762245
6151,0.4243256743256744
6152,0.3399100899100899
6153,0.49350649350649356
6154,0.535964035964036
6155,0.5000000000000001
6156,0.46503496503496505
6157,0.41083916083916094
6158,0.3883616383616384
6159,0.39510489510489516
6160,0.38536463536463555
6161,0.39060939060939065
6162,0.5744255744255744
6163,0.37662337662337675
6164,0.3446553446553447
6165,0.37812187812187814
6166,0.38136863136863147
6167,0.42132867132867136
6168,0.34990009990009996
6169,0.5506993006993007
6170,0.264985014985015
6171,0.32092907092907097
6172,0.39685314685314693
6173,0.323926073926074
6174,0.44030969030969036
6175,0.41108891108891116
6176,0.3943556443556444
6177,0.41433566433566443
6178,0.4835164835164835
6179,0.48526473526473535
6180,0.49100899100899104
6181,0.3821178821178822
6182,0.5144855144855145
6183,0.42707292707292716
6184,0.36063936063936064
6185,0.42707292707292716
6186,0.43606393606393606
6187,0.3364135864135865
6188,0.3956043956043956
6189,0.5964035964035964
6190,0.3998501498501499
6191,0.4048451548451549
6192,0.35264735264735264
6193,0.3518981018981019
6194,0.46803196803196806
6195,0.38886113886113893
6196,0.4353146853146854
6197,0.2984515484515485
6198,0.4305694305694306
6199,0.4173326673326674
6200,0.31518481518481517
6201,0.3761238761238762
6202,0.3808691308691308
6203,0.3766233766233767
6204,0.4612887112887113
6205,0.35064935064935066
6206,0.48501498501498513
6207,0.4178321678321678
6208,0.5047452547452548
6209,0.35339660339660345
6210,0.48901098901098905
6211,0.40359640359640364
6212,0.45204795204795206
6213,0.31318681318681324
6214,0.3923576423576424
6215,0.5646853146853147
6216,0.4430569430569431
6217,0.393856143856144
6218,0.4490509490509491
6219,0.39635364635364645
6220,0.3581418581418582
6221,0.4547952047952049
6222,0.4577922077922079
6223,0.4310689310689311
6224,0.3941058941058942
6225,0.33916083916083917
6226,0.3331668331668331
6227,0.323926073926074
6228,0.3971028971028972
6229,0.31143856143856147
6230,0.34190809190809196
6231,0.41458541458541465
6232,0.3286713286713287
6233,0.42707292707292716
6234,0.3923576423576424
6235,0.3626373626373626
6236,0.3923576423576424
6237,0.3461538461538462
6238,0.30544455544455545
6239,0.33791208791208793
6240,0.47027972027972037
6241,0.4343156843156843
6242,0.5134865134865135
6243,0.5054945054945056
6244,0.5322177822177824
6245,0.3961038961038961
6246,0.4360639360639361
6247,0.4522977022977024
6248,0.5234765234765235
6249,0.38811188811188824
6250,0.4368131868131869
6251,0.48076923076923084
6252,0.5267232767232768
6253,0.38136863136863136
6254,0.48101898101898116
6255,0.4987512487512488
6256,0.29545454545454547
6257,0.35664335664335667
6258,0.3863636363636364
6259,0.3451548451548452
6260,0.3691308691308692
6261,0.37987012987012997
6262,0.4295704295704296
6263,0.41708291708291706
6264,0.4555444555444556
6265,0.535964035964036
6266,0.3908591408591408
6267,0.4637862137862139
6268,0.44605394605394616
6269,0.3941058941058942
6270,0.337912087912088
6271,0.4595404595404595
6272,0.5027472527472527
6273,0.2847152847152848
6274,0.4233266733266734
6275,0.35089910089910087
6276,0.37387612387612396
6277,0.33766233766233766
6278,0.4105894105894107
6279,0.4053446553446553
6280,0.4130869130869131
6281,0.3758741258741259
6282,0.41658341658341663
6283,0.4068431568431569
6284,0.46028971028971044
6285,0.47002997002997005
6286,0.5467032967032968
6287,0.49500499500499506
6288,0.39110889110889113
6289,0.42732267732267737
6290,0.5062437562437563
6291,0.38761238761238764
6292,0.3256743256743258
6293,0.37237762237762245
6294,0.46703296703296715
6295,0.4143356643356643
6296,0.4940059940059941
6297,0.6266233766233766
6298,0.3566433566433567
6299,0.42757242757242764
6300,0.332917082917083
6301,0.4485514485514486
6302,0.5414585414585416
6303,0.3758741258741259
6304,0.4315684315684316
6305,0.3861138861138862
6306,0.331918081918082
6307,0.3788711288711289
6308,0.3668831168831169
6309,0.41133866133866137
6310,0.3701298701298702
6311,0.4075924075924076
6312,0.42182817182817184
6313,0.3643856143856145
6314,0.4185814185814186
6315,0.45504495504495507
6316,0.31943056943056947
6317,0.4565434565434566
6318,0.3606393606393607
6319,0.326923076923077
6320,0.48826173826173835
6321,0.4787712287712288
6322,0.34840159840159846
6323,0.378871128871129
6324,0.43456543456543467
6325,0.3706293706293707
6326,0.43881118881118886
6327,0.3536463536463537
6328,0.3993506493506494
6329,0.36738261738261746
6330,0.4890109890109891
6331,0.34490509490509497
6332,0.42182817182817184
6333,0.4850149850149851
6334,0.3996003996003997
6335,0.4053446553446554
6336,0.42957042957042957
6337,0.4932567432567433
6338,0.4807692307692308
6339,0.41708291708291717
6340,0.37262737262737267
6341,0.3786213786213786
6342,0.4283216783216784
6343,0.4737762237762238
6344,0.4433066933066933
6345,0.44105894105894106
6346,0.39685314685314693
6347,0.41033966033966035
6348,0.3361638361638362
6349,0.4215784215784217
6350,0.5234765234765234
6351,0.40259740259740256
6352,0.3741258741258741
6353,0.3843656343656345
6354,0.32042957042957043
6355,0.43031968031968043
6356,0.39335664335664344
6357,0.38211788211788217
6358,0.47702297702297713
6359,0.41358641358641357
6360,0.38311688311688313
6361,0.3513986013986014
6362,0.4038461538461538
6363,0.49500499500499506
6364,0.37487512487512487
6365,0.3958541458541459
6366,0.30769230769230765
6367,0.3661338661338661
6368,0.5377122877122879
6369,0.4827672327672328
6370,0.44280719280719294
6371,0.4433066933066934
6372,0.44830169830169836
6373,0.43206793206793215
6374,0.37987012987012986
6375,0.4537962037962039
6376,0.3314185814185815
6377,0.3818681318681319
6378,0.3733766233766235
6379,0.4655344655344655
6380,0.4465534465534466
6381,0.4780219780219781
6382,0.5514485514485515
6383,0.4248251748251749
6384,0.48176823176823186
6385,0.5222277722277723
6386,0.4200799200799201
6387,0.5756743256743257
6388,0.36013986013986016
6389,0.4073426573426574
6390,0.29345654345654343
6391,0.40034965034965037
6392,0.3773726273726275
6393,0.3096903096903097
6394,0.38461538461538464
6395,0.41908091908091905
6396,0.37837162837162835
6397,0.3723776223776225
6398,0.39560439560439564
6399,0.4525474525474526
6400,0.3841158841158842
6401,0.4890109890109891
6402,0.3948551448551449
6403,0.4410589410589411
6404,0.35239760239760237
6405,0.4852647352647353
6406,0.47527472527472525
6407,0.4155844155844156
6408,0.45429570429570426
6409,0.342907092907093
6410,0.3593906093906094
6411,0.45154845154845163
6412,0.4867632367632368
6413,0.3703796203796204
6414,0.3901098901098901
6415,0.43281718281718284
6416,0.3803696303696304
6417,0.36588411588411596
6418,0.49075924075924077
6419,0.4175824175824177
6420,0.46453546453546457
6421,0.3983516483516484
6422,0.48701298701298706
6423,0.4662837162837164
6424,0.36588411588411596
6425,0.47977022977022976
6426,0.36538461538461536
6427,0.2914585414585415
6428,0.38761238761238775
6429,0.4395604395604396
6430,0.5207292707292707
6431,0.3331668331668332
6432,0.38311688311688313
6433,0.5132367632367633
6434,0.47502497502497515
6435,0.3953546453546454
6436,0.4777722277722278
6437,0.35564435564435565
6438,0.43406593406593424
6439,0.3776223776223776
6440,0.41633366633366636
6441,0.42732267732267737
6442,0.5174825174825176
6443,0.3906093906093906
6444,0.4722777222777223
6445,0.5059940059940061
6446,0.4388111888111888
6447,0.38611388611388614
6448,0.37037962037962036
6449,0.4777722277722279
6450,0.5114885114885116
6451,0.45704295704295717
6452,0.48476523476523475
6453,0.4435564435564436
6454,0.46978021978021983
6455,0.4353146853146853
6456,0.508991008991009
6457,0.42707292707292716
6458,0.49100899100899104
6459,0.42982017982017995
6460,0.47277722277722295
6461,0.4208291708291708
6462,0.343906093906094
6463,0.37537462537462546
6464,0.45979020979020974
6465,0.3983516483516483
6466,0.28646353646353656
6467,0.41758241758241754
6468,0.4403096903096904
6469,0.3304195804195805
6470,0.4410589410589412
6471,0.4045954045954047
6472,0.4035964035964037
6473,0.3506493506493507
6474,0.46578421578421597
6475,0.4333166833166833
6476,0.268981018981019
6477,0.3071928071928073
6478,0.38236763236763244
6479,0.44580419580419584
6480,0.5014985014985015
6481,0.4105894105894106
6482,0.32642357642357644
6483,0.4333166833166834
6484,0.38961038961038963
6485,0.2672327672327673
6486,0.34015984015984013
6487,0.31793206793206796
6488,0.49550449550449555
6489,0.45004995004995013
6490,0.40734265734265745
6491,0.42732267732267737
6492,0.32342657342657344
6493,0.46153846153846156
6494,0.4115884115884116
6495,0.3851148851148852
6496,0.43531468531468537
6497,0.36863136863136864
6498,0.3511488511488512
6499,0.4845154845154846
6500,0.48726273726273733
6501,0.30669330669330674
6502,0.3848651348651349
6503,0.38211788211788217
6504,0.3941058941058942
6505,0.4115884115884117
6506,0.3843656343656344
6507,0.42732267732267737
6508,0.42707292707292716
6509,0.3853646353646355
6510,0.43631368631368633
6511,0.2517482517482518
6512,0.5122377622377623
6513,0.42182817182817184
6514,0.39160839160839167
6515,0.41508491508491524
6516,0.4070929070929071
6517,0.42782217782217785
6518,0.3466533466533467
6519,0.36488511488511494
6520,0.38386613386613383
6521,0.42882117882117887
6522,0.4642857142857144
6523,0.3941058941058942
6524,0.4310689310689311
6525,0.4008491508491509
6526,0.43581418581418585
6527,0.29295704295704306
6528,0.4380619380619381
6529,0.370879120879121
6530,0.40684315684315686
6531,0.3878621378621378
6532,0.2922077922077922
6533,0.4060939060939062
6534,0.3351648351648352
6535,0.4855144855144856
6536,0.38711288711288716
6537,0.3981018981018982
6538,0.4632867132867133
6539,0.4775224775224776
6540,0.41733266733266733
6541,0.4428071928071927
6542,0.40759240759240767
6543,0.4095904095904097
6544,0.39035964035964044
6545,0.4340659340659342
6546,0.37537462537462535
6547,0.48426573426573427
6548,0.5309690309690309
6549,0.48401598401598406
6550,0.4842657342657343
6551,0.5324675324675325
6552,0.574925074925075
6553,0.4128371628371629
6554,0.4283216783216784
6555,0.4488011988011988
6556,0.3676323676323676
6557,0.33991008991008986
6558,0.4313186813186814
6559,0.47502497502497515
6560,0.44805194805194803
6561,0.3998501498501499
6562,0.38236763236763244
6563,0.4183316683316684
6564,0.37212787212787213
6565,0.4045954045954047
6566,0.36213786213786214
6567,0.3586413586413587
6568,0.4555444555444556
6569,0.4757742257742259
6570,0.4178321678321679
6571,0.30119880119880127
6572,0.38386613386613383
6573,0.37037962037962047
6574,0.44730269730269734
6575,0.40859140859140863
6576,0.4652847152847154
6577,0.46328671328671334
6578,0.5199800199800201
6579,0.5636863136863137
6580,0.4115884115884116
6581,0.4545454545454546
6582,0.3701298701298702
6583,0.46003996003996006
6584,0.3976023976023977
6585,0.4045954045954047
6586,0.4240759240759241
6587,0.34115884115884126
6588,0.5162337662337663
6589,0.4228271728271729
6590,0.47027972027972037
6591,0.3931068931068932
6592,0.381868131868132
6593,0.4228271728271729
6594,0.46178821178821183
6595,0.39635364635364645
6596,0.434065934065934
6597,0.38811188811188807
6598,0.42682317682317683
6599,0.4225774225774227
6600,0.39660339660339666
6601,0.4705294705294706
6602,0.4430569430569431
6603,0.43581418581418585
6604,0.32992007992008
6605,0.6233766233766235
6606,0.4073426573426574
6607,0.37462537462537465
6608,0.3803696303696305
6609,0.41608391608391615
6610,0.360889110889111
6611,0.3311688311688313
6612,0.4765234765234766
6613,0.402097902097902
6614,0.311938061938062
6615,0.35939060939060946
6616,0.364135864135864
6617,0.49900099900099903
6618,0.39485514485514495
6619,0.512987012987013
6620,0.4992507492507493
6621,0.4008491508491509
6622,0.37137862137862143
6623,0.5262237762237763
6624,0.4073426573426574
6625,0.360889110889111
6626,0.38311688311688324
6627,0.48201798201798207
6628,0.3733766233766234
6629,0.38836163836163845
6630,0.35989010989010994
6631,0.3071928071928072
6632,0.42782217782217785
6633,0.482017982017982
6634,0.4478021978021978
6635,0.3291708291708292
6636,0.40759240759240767
6637,0.48026973026973024
6638,0.3459040959040959
6639,0.38836163836163834
6640,0.4000999000999001
6641,0.3121878121878123
6642,0.4405594405594407
6643,0.49575424575424576
6644,0.38461538461538464
6645,0.35914085914085925
6646,0.4063436563436563
6647,0.458041958041958
6648,0.41283716283716293
6649,0.39160839160839167
6650,0.4602897102897103
6651,0.5427072927072928
6652,0.4005994005994006
6653,0.44505494505494514
6654,0.35414585414585426
6655,0.4712787212787214
6656,0.4547952047952049
6657,0.4168331668331668
6658,0.42832167832167833
6659,0.4168331668331669
6660,0.37287712287712294
6661,0.4108391608391609
6662,0.39710289710289715
6663,0.24550449550449552
6664,0.3691308691308693
6665,0.4453046953046954
6666,0.3808691308691309
6667,0.40959040959040965
6668,0.47202797202797203
6669,0.37087912087912095
6670,0.44380619380619385
6671,0.40659340659340665
6672,0.4255744255744256
6673,0.35839160839160844
6674,0.4248251748251749
6675,0.36038961038961037
6676,0.5534465534465535
6677,0.5254745254745256
6678,0.4393106893106894
6679,0.3933566433566434
6680,0.4512987012987013
6681,0.37787212787212787
6682,0.4205794205794207
6683,0.43631368631368633
6684,0.48776223776223776
6685,0.43706293706293703
6686,0.4310689310689312
6687,0.45554445554445566
6688,0.5154845154845156
6689,0.4233266733266734
6690,0.36863136863136864
6691,0.3186813186813186
6692,0.45404595404595405
6693,0.41033966033966035
6694,0.3698801198801199
6695,0.3466533466533467
6696,0.32467532467532473
6697,0.3768731268731269
6698,0.3349150849150849
6699,0.44030969030969036
6700,0.5169830169830171
6701,0.36663336663336665
6702,0.38911088911088915
6703,0.4150849150849152
6704,0.3986013986013987
6705,0.3736263736263737
6706,0.40884115884115885
6707,0.3931068931068931
6708,0.4133366633366634
6709,0.5227272727272727
6710,0.39510489510489516
6711,0.44430569430569433
6712,0.3606393606393607
6713,0.38086913086913093
6714,0.45554445554445555
6715,0.46803196803196806
6716,0.4055944055944057
6717,0.43256743256743263
6718,0.4198301698301699
6719,0.5896603396603396
6720,0.44980019980019986
6721,0.3466533466533467
6722,0.34815184815184813
6723,0.44030969030969036
6724,0.3808691308691309
6725,0.303946053946054
6726,0.38236763236763244
6727,0.43531468531468537
6728,0.43381618381618386
6729,0.3431568431568432
6730,0.44980019980019986
6731,0.501998001998002
6732,0.5494505494505495
6733,0.33616383616383627
6734,0.525974025974026
6735,0.40509490509490514
6736,0.3816183816183817
6737,0.4760239760239761
6738,0.49225774225774227
6739,0.4592907092907093
6740,0.3521478521478522
6741,0.5322177822177824
6742,0.4070929070929072
6743,0.3464035964035964
6744,0.3626373626373627
6745,0.4490509490509491
6746,0.3783716283716284
6747,0.5059940059940061
6748,0.37387612387612396
6749,0.4208291708291708
6750,0.3816183816183817
6751,0.29920079920079923
6752,0.46653346653346656
6753,0.3376623376623376
6754,0.3888611388611389
6755,0.47802197802197816
6756,0.4068431568431569
6757,0.41208791208791207
6758,0.47027972027972026
6759,0.5059940059940061
6760,0.48226773226773234
6761,0.42782217782217796
6762,0.44530469530469535
6763,0.48676323676323685
6764,0.40709290709290713
6765,0.45679320679320684
6766,0.40284715284715295
6767,0.5057442557442557
6768,0.32042957042957043
6769,0.5841658341658343
6770,0.41358641358641357
6771,0.4597902097902099
6772,0.5032467532467534
6773,0.36113886113886123
6774,0.3331668331668332
6775,0.3906093906093907
6776,0.3886113886113886
6777,0.36188811188811193
6778,0.34615384615384626
6779,0.48551448551448545
6780,0.5397102897102897
6781,0.3376623376623377
6782,0.5534465534465535
6783,0.4115884115884116
6784,0.4238261738261739
6785,0.35489510489510495
6786,0.42182817182817184
6787,0.5432067932067932
6788,0.4700299700299701
6789,0.48701298701298706
6790,0.44155844155844154
6791,0.42607392607392613
6792,0.4705294705294706
6793,0.4850149850149851
6794,0.366883116883117
6795,0.33366633366633375
6796,0.4817682317682318
6797,0.4692807192807193
6798,0.36563436563436574
6799,0.3658841158841159
6800,0.51998001998002
6801,0.2774725274725275
6802,0.35589410589410597
6803,0.31143856143856147
6804,0.3916083916083916
6805,0.4997502497502498
6806,0.3906093906093907
6807,0.40209790209790214
6808,0.31143856143856147
6809,0.4975024975024975
6810,0.4480519480519481
6811,0.385864135864136
6812,0.44230769230769235
6813,0.32992007992007993
6814,0.4010989010989011
6815,0.47427572427572423
6816,0.4495504495504497
6817,0.372877122877123
6818,0.3611388611388611
6819,0.5359640359640361
6820,0.343906093906094
6821,0.49275724275724286
6822,0.41008991008991014
6823,0.4003496503496504
6824,0.3998501498501499
6825,0.4697802197802199
6826,0.4355644355644356
6827,0.37462537462537465
6828,0.5282217782217783
6829,0.4158341658341658
6830,0.40434565434565434
6831,0.41133866133866137
6832,0.4915084915084916
6833,0.4038461538461539
6834,0.48701298701298706
6835,0.49825174825174834
6836,0.49875124875124877
6837,0.2834665334665335
6838,0.3778721278721279
6839,0.4100899100899101
6840,0.4880119880119881
6841,0.4510489510489511
6842,0.28321678321678323
6843,0.45529470529470534
6844,0.4450549450549451
6845,0.508991008991009
6846,0.36738261738261746
6847,0.2989510489510489
6848,0.41608391608391615
6849,0.40084915084915096
6850,0.43956043956043966
6851,0.4218281718281718
6852,0.38186813186813195
6853,0.4767732267732268
6854,0.4303196803196804
6855,0.4390609390609391
6856,0.3321678321678322
6857,0.3843656343656344
6858,0.373876123876124
6859,0.3768731268731269
6860,0.4435564435564436
6861,0.48001998001998014
6862,0.4168331668331669
6863,0.35214785214785216
6864,0.35964035964035973
6865,0.4018481518481519
6866,0.4677822177822178
6867,0.3963536463536464
6868,0.4512987012987014
6869,0.3716283716283716
6870,0.4405594405594406
6871,0.47127872127872134
6872,0.41258741258741255
6873,0.3756243756243757
6874,0.4875124875124876
6875,0.43431568431568446
6876,0.35639360639360634
6877,0.4760239760239761
6878,0.4200799200799201
6879,0.4018481518481519
6880,0.39185814185814183
6881,0.46178821178821183
6882,0.4083416583416584
6883,0.4690309690309692
6884,0.37962037962037964
6885,0.4055944055944057
6886,0.3429070929070929
6887,0.42707292707292716
6888,0.41333666333666347
6889,0.3171828171828172
6890,0.39760239760239763
6891,0.4223276723276724
6892,0.4430569430569431
6893,0.44355644355644364
6894,0.4537962037962039
6895,0.5152347652347653
6896,0.3808691308691308
6897,0.541958041958042
6898,0.4250749250749251
6899,0.5084915084915086
6900,0.3628871128871129
6901,0.37762237762237766
6902,0.3431568431568432
6903,0.34565434565434566
6904,0.38686313686313684
6905,0.4448051948051948
6906,0.4430569430569431
6907,0.3898601398601399
6908,0.36613386613386617
6909,0.55994005994006
6910,0.39335664335664344
6911,0.34340659340659346
6912,0.4967532467532468
6913,0.4290709290709292
6914,0.3256743256743257
6915,0.4115884115884116
6916,0.3953546453546455
6917,0.45554445554445555
6918,0.36913086913086923
6919,0.37487512487512487
6920,0.3573926073926074
6921,0.36813186813186816
6922,0.47952047952047966
6923,0.3833666333666334
6924,0.43881118881118886
6925,0.4310689310689311
6926,0.31043956043956056
6927,0.4712787212787214
6928,0.5
6929,0.41033966033966035
6930,0.3211788211788212
6931,0.4760239760239761
6932,0.342907092907093
6933,0.4575424575424577
6934,0.2667332667332668
6935,0.5244755244755246
6936,0.32892107892107897
6937,0.46103896103896114
6938,0.44980019980020003
6939,0.39535464535464543
6940,0.5147352647352649
6941,0.3651348651348652
6942,0.45679320679320684
6943,0.4368131868131869
6944,0.3843656343656344
6945,0.4478021978021978
6946,0.5237262737262738
6947,0.4445554445554447
6948,0.4383116883116884
6949,0.3643856143856145
6950,0.35989010989010994
6951,0.4108391608391609
6952,0.4060939060939061
6953,0.36938061938061956
6954,0.40434565434565434
6955,0.38961038961038963
6956,0.283966033966034
6957,0.33766233766233766
6958,0.43056943056943053
6959,0.3506493506493507
6960,0.3386613386613387
6961,0.44830169830169836
6962,0.3796203796203797
6963,0.3196803196803198
6964,0.41683316683316685
6965,0.3194305694305694
6966,0.39660339660339666
6967,0.3848651348651349
6968,0.47877122877122885
6969,0.28871128871128876
6970,0.40084915084915085
6971,0.4705294705294706
6972,0.3571428571428572
6973,0.3786213786213787
6974,0.3878621378621379
6975,0.4355644355644356
6976,0.33216783216783224
6977,0.36738261738261746
6978,0.5127372627372628
6979,0.36063936063936064
6980,0.29945054945054944
6981,0.36663336663336665
6982,0.3371628371628372
6983,0.4565434565434566
6984,0.4173326673326674
6985,0.3791208791208792
6986,0.3721278721278722
6987,0.37037962037962047
6988,0.2757242757242758
6989,0.49350649350649356
6990,0.4532967032967034
6991,0.3314185814185815
6992,0.4333166833166834
6993,0.4547952047952048
6994,0.44005994005994004
6995,0.39110889110889113
6996,0.4715284715284716
6997,0.42532467532467544
6998,0.40309690309690316
6999,0.40634365634365643
7000,0.3496503496503497
7001,0.337912087912088
7002,0.4440559440559442
7003,0.4782717282717283
7004,0.37687312687312685
7005,0.5274725274725276
7006,0.4672827172827173
7007,0.41033966033966035
7008,0.4670329670329671
7009,0.46203796203796216
7010,0.4677822177822178
7011,0.3206793206793207
7012,0.3356643356643357
7013,0.4415584415584416
7014,0.4113386613386614
7015,0.46278721278721285
7016,0.4268231768231769
7017,0.5124875124875126
7018,0.39235764235764237
7019,0.35039960039960055
7020,0.5766733266733267
7021,0.37387612387612396
7022,0.36113886113886123
7023,0.3503996003996005
7024,0.45904095904095904
7025,0.47002997002997005
7026,0.3396603396603397
7027,0.41683316683316685
7028,0.48101898101898105
7029,0.4692807192807194
7030,0.4310689310689312
7031,0.47002997002997005
7032,0.4610389610389611
7033,0.41608391608391615
7034,0.3381618381618382
7035,0.39585414585414597
7036,0.2534965034965035
7037,0.4238261738261739
7038,0.47602397602397606
7039,0.495004995004995
7040,0.4063436563436564
7041,0.23876123876123878
7042,0.3788711288711289
7043,0.432817182817183
7044,0.47377622377622386
7045,0.3888611388611389
7046,0.3626373626373627
7047,0.38111888111888126
7048,0.38811188811188824
7049,0.3961038961038961
7050,0.42182817182817184
7051,0.3958541458541459
7052,0.44105894105894106
7053,0.41208791208791207
7054,0.40284715284715295
7055,0.4460539460539462
7056,0.35914085914085925
7057,0.3646353646353647
7058,0.34990009990009996
7059,0.3566433566433568
7060,0.4323176823176823
7061,0.36313686313686316
7062,0.5082417582417583
7063,0.325924075924076
7064,0.5032467532467532
7065,0.5
7066,0.38486513486513496
7067,0.38811188811188807
7068,0.40559440559440557
7069,0.42382617382617394
7070,0.41908091908091916
7071,0.5462037962037962
7072,0.4755244755244756
7073,0.28621378621378624
7074,0.5504495504495505
7075,0.41633366633366636
7076,0.37587412587412594
7077,0.47652347652347654
7078,0.33991008991009003
7079,0.4040959040959041
7080,0.4135864135864137
7081,0.47452547452547467
7082,0.47077922077922085
7083,0.35089910089910087
7084,0.393856143856144
7085,0.3986013986013987
7086,0.45179820179820185
7087,0.39035964035964044
7088,0.3993506493506494
7089,0.4790209790209792
7090,0.2544955044955045
7091,0.36963036963036966
7092,0.4975024975024976
7093,0.4707792207792208
7094,0.46403596403596403
7095,0.4088411588411588
7096,0.4935064935064935
7097,0.3793706293706295
7098,0.43231768231768236
7099,0.3736263736263737
7100,0.39485514485514495
7101,0.35189810189810194
7102,0.45454545454545464
7103,0.5549450549450551
7104,0.5297202797202799
7105,0.4198301698301699
7106,0.4423076923076924
7107,0.41883116883116883
7108,0.33691308691308697
7109,0.45979020979020985
7110,0.5337162837162838
7111,0.4922577422577423
7112,0.4080919080919081
7113,0.3821178821178822
7114,0.3983516483516484
7115,0.4235764235764236
7116,0.4263236763236763
7117,0.5324675324675326
7118,0.33841158841158847
7119,0.3881118881118882
7120,0.25674325674325676
7121,0.3756243756243757
7122,0.46578421578421575
7123,0.4557942057942058
7124,0.3593906093906094
7125,0.3988511488511489
7126,0.5204795204795205
7127,0.4517982017982019
7128,0.3426573426573428
7129,0.4183316683316684
7130,0.4942557442557444
7131,0.4895104895104896
7132,0.32592407592407596
7133,0.4547952047952048
7134,0.4030969030969031
7135,0.38336663336663346
7136,0.48776223776223787
7137,0.4068431568431569
7138,0.4358141858141859
7139,0.42532467532467544
7140,0.3778721278721279
7141,0.3688811188811189
7142,0.4023476523476524
7143,0.38286713286713286
7144,0.4215784215784216
7145,0.28571428571428575
7146,0.3873626373626374
7147,0.46503496503496505
7148,0.44080919080919084
7149,0.4133366633366634
7150,0.2292707292707293
7151,0.34590409590409604
7152,0.5054945054945056
7153,0.4043456543456544
7154,0.3608891108891109
7155,0.3736263736263737
7156,0.5214785214785215
7157,0.3578921078921079
7158,0.4500499500499502
7159,0.3826173826173826
7160,0.31468531468531474
7161,0.3873626373626374
7162,0.4567932067932069
7163,0.32842157842157854
7164,0.3941058941058942
7165,0.3711288711288711
7166,0.40184815184815176
7167,0.31793206793206796
7168,0.44680319680319686
7169,0.5372127872127873
7170,0.41483516483516486
7171,0.40109890109890106
7172,0.366883116883117
7173,0.42882117882117887
7174,0.37287712287712294
7175,0.4857642357642359
7176,0.4927572427572428
7177,0.3803696303696304
7178,0.4535464535464535
7179,0.3206793206793207
7180,0.46153846153846156
7181,0.4258241758241759
7182,0.5202297702297703
7183,0.4485514485514485
7184,0.4760239760239761
7185,0.4420579420579421
7186,0.4642857142857144
7187,0.2712287712287713
7188,0.5821678321678323
7189,0.38036963036963034
7190,0.4907592407592408
7191,0.40959040959040965
7192,0.4945054945054946
7193,0.4105894105894106
7194,0.46728271728271736
7195,0.47527472527472536
7196,0.515984015984016
7197,0.5077422577422578
7198,0.34465534465534464
7199,0.46778221778221785
7200,0.4205794205794206
7201,0.2907092907092907
7202,0.4727772227772228
7203,0.484015984015984
7204,0.4010989010989011
7205,0.3701298701298702
7206,0.500999000999001
7207,0.44005994005994004
7208,0.4133366633366634
7209,0.4433066933066933
7210,0.4428071928071929
7211,0.396853146853147
7212,0.507992007992008
7213,0.4363136863136864
7214,0.4068431568431569
7215,0.43531468531468537
7216,0.42182817182817184
7217,0.3708791208791209
7218,0.45604395604395614
7219,0.42782217782217785
7220,0.5874125874125875
7221,0.34765234765234754
7222,0.49425574425574437
7223,0.3896103896103897
7224,0.507992007992008
7225,0.41633366633366636
7226,0.3748751248751249
7227,0.49400599400599404
7228,0.38686313686313695
7229,0.3818681318681319
7230,0.43456543456543467
7231,0.3748751248751249
7232,0.34840159840159846
7233,0.4213286713286713
7234,0.3436563436563437
7235,0.4258241758241759
7236,0.45879120879120877
7237,0.3946053946053946
7238,0.4512987012987013
7239,0.4273226773226773
7240,0.3946053946053948
7241,0.44405594405594406
7242,0.34640359640359636
7243,0.44430569430569433
7244,0.4612887112887113
7245,0.49025974025974023
7246,0.37837162837162835
7247,0.37787212787212787
7248,0.40134865134865144
7249,0.4602897102897103
7250,0.43306693306693317
7251,0.40584415584415584
7252,0.4335664335664337
7253,0.39885114885114886
7254,0.45854145854145856
7255,0.37612387612387616
7256,0.38111888111888126
7257,0.3938561438561439
7258,0.49575424575424576
7259,0.39010989010989017
7260,0.4440559440559442
7261,0.4333166833166834
7262,0.5454545454545455
7263,0.3289210789210789
7264,0.4732767232767233
7265,0.3796203796203797
7266,0.41008991008991025
7267,0.343906093906094
7268,0.5397102897102897
7269,0.46178821178821183
7270,0.5449550449550451
7271,0.4565434565434566
7272,0.36788211788211794
7273,0.40134865134865133
7274,0.34115884115884126
7275,0.5634365634365635
7276,0.39810189810189817
7277,0.364885114885115
7278,0.46578421578421597
7279,0.42407592407592404
7280,0.4435564435564437
7281,0.43006993006993016
7282,0.40784215784215777
7283,0.49850149850149855
7284,0.41258741258741255
7285,0.5234765234765236
7286,0.44355644355644364
7287,0.518981018981019
7288,0.3818681318681319
7289,0.5694305694305695
7290,0.40409590409590423
7291,0.4235764235764237
7292,0.4637862137862139
7293,0.3106893106893107
7294,0.5044955044955046
7295,0.43656343656343666
7296,0.46003996003996006
7297,0.5022477522477523
7298,0.3401598401598402
7299,0.3943556443556444
7300,0.42907092907092903
7301,0.29670329670329665
7302,0.36163836163836166
7303,0.37912087912087916
7304,0.3296703296703297
7305,0.45054945054945056
7306,0.4200799200799202
7307,0.35589410589410597
7308,0.38311688311688313
7309,0.42932067932067935
7310,0.5397102897102898
7311,0.5217282717282719
7312,0.40209790209790214
7313,0.34465534465534464
7314,0.49775224775224786
7315,0.40159840159840166
7316,0.35589410589410597
7317,0.4827672327672328
7318,0.4168331668331669
7319,0.3563936063936065
7320,0.4830169830169831
7321,0.4542957042957044
7322,0.4165834165834167
7323,0.4672827172827173
7324,0.3901098901098902
7325,0.28321678321678323
7326,0.313936063936064
7327,0.4120879120879121
7328,0.4355644355644356
7329,0.49075924075924077
7330,0.3696303696303697
7331,0.3771228771228771
7332,0.3778721278721279
7333,0.41708291708291706
7334,0.5182317682317683
7335,0.3793706293706295
7336,0.3826173826173826
7337,0.3523976023976024
7338,0.45754245754245754
7339,0.3474025974025974
7340,0.3761238761238762
7341,0.331918081918082
7342,0.39635364635364645
7343,0.45754245754245754
7344,0.4023476523476524
7345,0.4617882117882119
7346,0.3406593406593408
7347,0.4373126873126873
7348,0.47127872127872134
7349,0.4145854145854146
7350,0.2904595404595405
7351,0.37412587412587417
7352,0.3558941058941059
7353,0.40509490509490514
7354,0.2647352647352648
7355,0.47702297702297713
7356,0.3339160839160839
7357,0.46753246753246763
7358,0.32592407592407596
7359,0.46128871128871135
7360,0.48876123876123884
7361,0.4253246753246754
7362,0.4393106893106894
7363,0.5551948051948052
7364,0.31893106893106893
7365,0.33916083916083917
7366,0.41658341658341663
7367,0.40859140859140863
7368,0.3681318681318681
7369,0.3041958041958042
7370,0.39335664335664344
7371,0.574925074925075
7372,0.46478521478521484
7373,0.33091908091908095
7374,0.4667832167832168
7375,0.4428071928071929
7376,0.4433066933066933
7377,0.44080919080919095
7378,0.515984015984016
7379,0.29595404595404595
7380,0.41833166833166835
7381,0.34990009990009996
7382,0.5307192807192808
7383,0.350899100899101
7384,0.45354645354645357
7385,0.37762237762237766
7386,0.3863636363636365
7387,0.4043456543456543
7388,0.4547952047952048
7389,0.3706293706293707
7390,0.4025974025974027
7391,0.4185814185814187
7392,0.3778721278721279
7393,0.35439560439560447
7394,0.44180819180819186
7395,0.32742257742257735
7396,0.4128371628371629
7397,0.36563436563436563
7398,0.3301698301698302
7399,0.38336663336663346
7400,0.39060939060939065
7401,0.4915084915084916
7402,0.35539460539460543
7403,0.2782217782217783
7404,0.49100899100899104
7405,0.276973026973027
7406,0.39760239760239763
7407,0.47752247752247756
7408,0.2857142857142857
7409,0.36963036963036966
7410,0.3708791208791209
7411,0.39235764235764237
7412,0.39735264735264736
7413,0.3998501498501498
7414,0.3831168831168831
7415,0.4830169830169831
7416,0.3046953046953047
7417,0.5991508491508493
7418,0.39035964035964044
7419,0.4475524475524476
7420,0.3803696303696304
7421,0.3344155844155844
7422,0.3561438561438562
7423,0.42432567432567436
7424,0.3414085914085914
7425,0.3966033966033966
7426,0.45754245754245765
7427,0.49150849150849163
7428,0.3921078921078921
7429,0.3456543456543457
7430,0.38286713286713286
7431,0.3863636363636364
7432,0.4500499500499501
7433,0.5114885114885115
7434,0.4817682317682318
7435,0.4647852147852148
7436,0.4897602397602399
7437,0.45179820179820185
7438,0.294955044955045
7439,0.5509490509490511
7440,0.3021978021978023
7441,0.39885114885114886
7442,0.3961038961038961
7443,0.4080919080919082
7444,0.43006993006993016
7445,0.40409590409590407
7446,0.47952047952047955
7447,0.4018481518481519
7448,0.37062937062937074
7449,0.4083416583416584
7450,0.41708291708291717
7451,0.5022477522477523
7452,0.4333166833166833
7453,0.296953046953047
7454,0.521978021978022
7455,0.43456543456543467
7456,0.4233266733266734
7457,0.3071928071928072
7458,0.46678321678321694
7459,0.4138361638361639
7460,0.30019980019980025
7461,0.3204295704295705
7462,0.4842657342657342
7463,0.3533966033966034
7464,0.3981018981018982
7465,0.35814185814185817
7466,0.3409090909090909
7467,0.4060939060939061
7468,0.46453546453546457
7469,0.3266733266733267
7470,0.354895104895105
7471,0.41083916083916094
7472,0.4473026973026974
7473,0.3419080919080919
7474,0.3164335664335664
7475,0.41383616383616373
7476,0.40559440559440557
7477,0.3883616383616384
7478,0.4550449550449551
7479,0.4502997002997003
7480,0.3721278721278722
7481,0.4787712287712288
7482,0.41008991008991014
7483,0.5007492507492508
7484,0.5691808191808193
7485,0.41433566433566443
7486,0.4223276723276724
7487,0.3751248751248752
7488,0.3606393606393607
7489,0.3454045954045954
7490,0.37462537462537465
7491,0.4552947052947053
7492,0.4360639360639361
7493,0.3104395604395605
7494,0.4555444555444556
7495,0.4443056943056944
7496,0.3866133866133866
7497,0.4930069930069931
7498,0.42507492507492517
7499,0.35414585414585426
7500,0.5576923076923077
7501,0.42482517482517484
7502,0.44430569430569433
7503,0.28771228771228774
7504,0.44805194805194803
7505,0.3254245754245755
7506,0.4138361638361639
7507,0.39760239760239763
7508,0.38836163836163845
7509,0.5007492507492509
7510,0.44080919080919084
7511,0.39135864135864135
7512,0.4208291708291709
7513,0.517982017982018
7514,0.5239760239760239
7515,0.3041958041958042
7516,0.43131868131868145
7517,0.41208791208791223
7518,0.33641358641358643
7519,0.4360639360639362
7520,0.3409090909090909
7521,0.525974025974026
7522,0.3673826173826174
7523,0.34265734265734266
7524,0.37487512487512503
7525,0.35039960039960044
7526,0.42607392607392613
7527,0.4977522477522478
7528,0.3331668331668332
7529,0.5177322677322678
7530,0.33266733266733267
7531,0.4747752247752249
7532,0.41783216783216787
7533,0.3998501498501499
7534,0.4188311688311689
7535,0.4113386613386615
7536,0.3683816183816185
7537,0.3693806193806194
7538,0.4475524475524476
7539,0.42382617382617394
7540,0.4418081918081919
7541,0.544955044955045
7542,0.4507992007992009
7543,0.3593906093906094
7544,0.4425574425574426
7545,0.3311688311688313
7546,0.4785214785214785
7547,0.36438561438561445
7548,0.4732767232767233
7549,0.3501498501498502
7550,0.45004995004995013
7551,0.5037462537462538
7552,0.41458541458541465
7553,0.3843656343656344
7554,0.4602897102897103
7555,0.4218281718281719
7556,0.4547952047952048
7557,0.350899100899101
7558,0.5104895104895106
7559,0.4375624375624376
7560,0.4488011988011989
7561,0.44955044955044954
7562,0.4325674325674327
7563,0.47102897102897107
7564,0.3024475524475525
7565,0.33641358641358643
7566,0.4038461538461539
7567,0.32717282717282725
7568,0.42757242757242775
7569,0.530969030969031
7570,0.3873626373626374
7571,0.48701298701298706
7572,0.3876123876123877
7573,0.4822677322677323
7574,0.4008491508491509
7575,0.4305694305694306
7576,0.35489510489510495
7577,0.4365634365634366
7578,0.3683816183816185
7579,0.4343156843156844
7580,0.3591408591408592
7581,0.47527472527472536
7582,0.5302197802197802
7583,0.4208291708291708
7584,0.4030969030969032
7585,0.43706293706293714
7586,0.37387612387612396
7587,0.42682317682317683
7588,0.4762737262737264
7589,0.5187312687312687
7590,0.48526473526473535
7591,0.3931068931068932
7592,0.5494505494505495
7593,0.3823676323676323
7594,0.4303196803196804
7595,0.3668831168831169
7596,0.498001998001998
7597,0.3191808191808193
7598,0.33566433566433573
7599,0.4255744255744257
7600,0.3988511488511489
7601,0.3878621378621379
7602,0.4498001998001998
7603,0.3886113886113887
7604,0.4660339660339661
7605,0.47752247752247756
7606,0.36688311688311703
7607,0.48901098901098905
7608,0.4517982017982019
7609,0.4652847152847154
7610,0.43781218781218784
7611,0.4762737262737263
7612,0.41608391608391615
7613,0.321928071928072
7614,0.5576923076923077
7615,0.48326673326673336
7616,0.4340659340659342
7617,0.4827672327672328
7618,0.3711288711288711
7619,0.31918081918081925
7620,0.3446553446553447
7621,0.2964535464535465
7622,0.5104895104895105
7623,0.3354145854145854
7624,0.41008991008991014
7625,0.3648851148851149
7626,0.4180819180819181
7627,0.4835164835164836
7628,0.49225774225774227
7629,0.47427572427572434
7630,0.3336663336663337
7631,0.3891108891108891
7632,0.4013486513486514
7633,0.40384615384615385
7634,0.36613386613386617
7635,0.35114885114885114
7636,0.3866133866133867
7637,0.35189810189810206
7638,0.5554445554445555
7639,0.5042457542457542
7640,0.48651348651348664
7641,0.4815184815184816
7642,0.4020979020979021
7643,0.44130869130869144
7644,0.39385614385614387
7645,0.40059940059940075
7646,0.46603396603396613
7647,0.33991008991008986
7648,0.44730269730269734
7649,0.4153346653346654
7650,0.49625374625374624
7651,0.39785214785214784
7652,0.3786213786213787
7653,0.41783216783216787
7654,0.4505494505494507
7655,0.4488011988011989
7656,0.3566433566433567
7657,0.46353646353646355
7658,0.4845154845154846
7659,0.3893606393606394
7660,0.4473026973026974
7661,0.39585414585414597
7662,0.39235764235764237
7663,0.40134865134865144
7664,0.43781218781218784
7665,0.35664335664335667
7666,0.4218281718281718
7667,0.38161838161838174
7668,0.4835164835164836
7669,0.33066933066933074
7670,0.5397102897102898
7671,0.3456543456543457
7672,0.48376623376623373
7673,0.4345654345654347
7674,0.41833166833166846
7675,0.31943056943056947
7676,0.3851148851148852
7677,0.39885114885114886
7678,0.5077422577422579
7679,0.3933566433566434
7680,0.4153346653346653
7681,0.4512987012987013
7682,0.5521978021978022
7683,0.46703296703296715
7684,0.39810189810189817
7685,0.45054945054945067
7686,0.5337162837162839
7687,0.5289710289710291
7688,0.4450549450549451
7689,0.38811188811188807
7690,0.5222277722277722
7691,0.5092407592407594
7692,0.4060939060939062
7693,0.5052447552447553
7694,0.37537462537462557
7695,0.4567932067932069
7696,0.38461538461538475
7697,0.47927072927072933
7698,0.2997002997002997
7699,0.42432567432567436
7700,0.4010989010989011
7701,0.4118381618381618
7702,0.36938061938061933
7703,0.3908591408591408
7704,0.42732267732267737
7705,0.48251748251748255
7706,0.2607392607392608
7707,0.48976023976023975
7708,0.36213786213786214
7709,0.5022477522477523
7710,0.42457542457542463
7711,0.3546453546453547
7712,0.4175824175824177
7713,0.44830169830169825
7714,0.418831168831169
7715,0.4085914085914087
7716,0.3496503496503497
7717,0.5297202797202799
7718,0.48901098901098905
7719,0.5034965034965035
7720,0.5247252747252747
7721,0.39760239760239763
7722,0.43206793206793215
7723,0.4670329670329671
7724,0.44455544455544466
7725,0.4000999000999002
7726,0.4333166833166833
7727,0.3768731268731269
7728,0.4163336663336664
7729,0.37387612387612396
7730,0.4720279720279721
7731,0.4240759240759241
7732,0.45379620379620383
7733,0.4225774225774227
7734,0.4552947052947053
7735,0.49175824175824184
7736,0.4827672327672327
7737,0.46953046953046956
7738,0.39885114885114886
7739,0.4737762237762238
7740,0.3551448551448552
7741,0.3833666333666335
7742,0.39135864135864146
7743,0.4143356643356643
7744,0.3306693306693308
7745,0.45554445554445566
7746,0.566933066933067
7747,0.4755244755244755
7748,0.4430569430569431
7749,0.3958541458541459
7750,0.4083416583416583
7751,0.4667832167832168
7752,0.4470529470529471
7753,0.3416583416583417
7754,0.4343156843156844
7755,0.4158341658341658
7756,0.47427572427572434
7757,0.40609390609390605
7758,0.45354645354645357
7759,0.33366633366633375
7760,0.4610389610389611
7761,0.3786213786213787
7762,0.38736263736263743
7763,0.31918081918081914
7764,0.3241758241758242
7765,0.5012487512487513
7766,0.5427072927072928
7767,0.4313186813186814
7768,0.4355644355644356
7769,0.3011988011988012
7770,0.4435564435564436
7771,0.39610389610389607
7772,0.4335664335664336
7773,0.4632867132867134
7774,0.38761238761238775
7775,0.3151848151848152
7776,0.4155844155844157
7777,0.35189810189810206
7778,0.4415584415584416
7779,0.31793206793206796
7780,0.4205794205794206
7781,0.4420579420579421
7782,0.44905094905094906
7783,0.46253746253746264
7784,0.37012987012987025
7785,0.5601898101898102
7786,0.3494005994005995
7787,0.32442557442557446
7788,0.4882617382617384
7789,0.48351648351648363
7790,0.3783716283716284
7791,0.42682317682317683
7792,0.47802197802197816
7793,0.41308691308691314
7794,0.30994005994005996
7795,0.45004995004995013
7796,0.4767732267732269
7797,0.3636363636363637
7798,0.4747752247752248
7799,0.36088911088911096
7800,0.40859140859140863
7801,0.41633366633366636
7802,0.3606393606393607
7803,0.43781218781218784
7804,0.4780219780219781
7805,0.47827172827172826
7806,0.39960039960039967
7807,0.36638361638361644
7808,0.5824175824175823
7809,0.33566433566433573
7810,0.4108391608391609
7811,0.34265734265734266
7812,0.45229770229770233
7813,0.48201798201798207
7814,0.48076923076923084
7815,0.33916083916083917
7816,0.42932067932067947
7817,0.4425574425574426
7818,0.3881118881118882
7819,0.41833166833166835
7820,0.4103396603396604
7821,0.41008991008991014
7822,0.3818681318681319
7823,0.32992007992007993
7824,0.48926073926073926
7825,0.32617382617382634
7826,0.3886113886113887
7827,0.3801198801198802
7828,0.4048451548451549
7829,0.35339660339660345
7830,0.4652847152847153
7831,0.5177322677322678
7832,0.39535464535464543
7833,0.4075924075924076
7834,0.3826173826173827
7835,0.3371628371628373
7836,0.40984015984015987
7837,0.4315684315684316
7838,0.5691808191808193
7839,0.4193306693306694
7840,0.4113386613386614
7841,0.242007992007992
7842,0.47227772227772225
7843,0.4198301698301699
7844,0.5514485514485515
7845,0.4375624375624376
7846,0.43506493506493527
7847,0.42707292707292716
7848,0.4348151848151849
7849,0.318931068931069
7850,0.5032467532467532
7851,0.4375624375624376
7852,0.4230769230769232
7853,0.4073426573426574
7854,0.33591408591408595
7855,0.2212787212787213
7856,0.3773726273726275
7857,0.466033966033966
7858,0.38311688311688313
7859,0.3421578421578421
7860,0.3401598401598402
7861,0.3371628371628372
7862,0.41808191808191814
7863,0.36263736263736274
7864,0.4782717282717283
7865,0.3706293706293707
7866,0.45529470529470534
7867,0.3726273726273726
7868,0.4325674325674326
7869,0.45479520479520497
7870,0.36338661338661343
7871,0.41433566433566443
7872,0.46703296703296704
7873,0.36463536463536456
7874,0.45904095904095904
7875,0.3661338661338661
7876,0.44855144855144863
7877,0.4990009990009991
7878,0.383116883116883
7879,0.3756243756243757
7880,0.5676823176823178
7881,0.3279220779220779
7882,0.4930069930069931
7883,0.31493506493506496
7884,0.4175824175824177
7885,0.3893606393606394
7886,0.3716283716283716
7887,0.46728271728271736
7888,0.5334665334665335
7889,0.41383616383616395
7890,0.4158341658341659
7891,0.4453046953046953
7892,0.31093906093906093
7893,0.42432567432567436
7894,0.4637862137862139
7895,0.4265734265734266
7896,0.4153346653346653
7897,0.4100899100899102
7898,0.3591408591408592
7899,0.5599400599400599
7900,0.3703796203796204
7901,0.49650349650349657
7902,0.3523976023976024
7903,0.4478021978021978
7904,0.45279720279720287
7905,0.38336663336663346
7906,0.3221778221778222
7907,0.4295704295704296
7908,0.41808191808191814
7909,0.3583916083916084
7910,0.325924075924076
7911,0.3821178821178822
7912,0.4260739260739262
7913,0.3528971028971029
7914,0.3821178821178822
7915,0.4185814185814186
7916,0.4218281718281719
7917,0.43681318681318687
7918,0.46228771228771237
7919,0.4962537462537463
7920,0.3923576423576423
7921,0.422077922077922
7922,0.4338161838161838
7923,0.46353646353646355
7924,0.25724275724275725
7925,0.4083416583416585
7926,0.49625374625374624
7927,0.4842657342657343
7928,0.3946053946053946
7929,0.48251748251748255
7930,0.38036963036963034
7931,0.4013486513486514
7932,0.3903596403596404
7933,0.3568931068931069
7934,0.4745254745254746
7935,0.3568931068931068
7936,0.4440559440559441
7937,0.5584415584415585
7938,0.30019980019980025
7939,0.31993006993006995
7940,0.4747752247752248
7941,0.3856143856143857
7942,0.4470529470529471
7943,0.3953546453546454
7944,0.3718781218781219
7945,0.3901098901098901
7946,0.35114885114885114
7947,0.37587412587412594
7948,0.426823176823177
7949,0.4880119880119881
7950,0.47627372627372644
7951,0.36088911088911096
7952,0.4033466533466535
7953,0.39785214785214784
7954,0.3638861138861139
7955,0.3851148851148852
7956,0.4258241758241759
7957,0.38361638361638356
7958,0.5714285714285714
7959,0.4732767232767233
7960,0.35214785214785216
7961,0.3641358641358642
7962,0.47177822177822176
7963,0.5109890109890111
7964,0.5177322677322679
7965,0.2832167832167833
7966,0.35114885114885125
7967,0.4850149850149851
7968,0.46703296703296715
7969,0.30769230769230776
7970,0.31418581418581415
7971,0.32917082917082924
7972,0.3753746253746254
7973,0.4128371628371629
7974,0.31093906093906093
7975,0.51998001998002
7976,0.524975024975025
7977,0.3843656343656344
7978,0.34015984015984024
7979,0.485014985014985
7980,0.37562437562437573
7981,0.3773726273726274
7982,0.5104895104895105
7983,0.41458541458541465
7984,0.4298201798201799
7985,0.4048451548451548
7986,0.43556443556443575
7987,0.3741258741258741
7988,0.5484515484515485
7989,0.4240759240759241
7990,0.3603896103896105
7991,0.4263236763236763
7992,0.40459540459540466
7993,0.42682317682317683
7994,0.3786213786213786
7995,0.5097402597402598
7996,0.3951048951048951
7997,0.41183816183816185
7998,0.5069930069930072
7999,0.4760239760239761
8000,0.4200799200799201
8001,0.36163836163836166
8002,0.41333666333666336
8003,0.49000999000999007
8004,0.3179320679320679
8005,0.3918581418581419
8006,0.3576423576423577
8007,0.3501498501498502
8008,0.37012987012987025
8009,0.5022477522477523
8010,0.34740259740259744
8011,0.4450549450549451
8012,0.49650349650349657
8013,0.4015984015984016
8014,0.48951048951048964
8015,0.44605394605394605
8016,0.37137862137862143
8017,0.3996003996003997
8018,0.4942557442557443
8019,0.4865134865134865
8020,0.44030969030969036
8021,0.34015984015984013
8022,0.4627872127872128
8023,0.4777722277722279
8024,0.4148351648351648
8025,0.34840159840159846
8026,0.33516483516483525
8027,0.5037462537462537
8028,0.41483516483516486
8029,0.43456543456543467
8030,0.30594405594405594
8031,0.35489510489510495
8032,0.30994005994005996
8033,0.33441558441558444
8034,0.44930069930069927
8035,0.3891108891108891
8036,0.4522977022977024
8037,0.4710289710289711
8038,0.41058941058941073
8039,0.447052947052947
8040,0.4105894105894107
8041,0.41708291708291717
8042,0.48351648351648346
8043,0.3151848151848152
8044,0.534965034965035
8045,0.4025974025974027
8046,0.32442557442557446
8047,0.3374125874125875
8048,0.4225774225774227
8049,0.47502497502497504
8050,0.33891108891108884
8051,0.43531468531468537
8052,0.3281718281718282
8053,0.4620379620379621
8054,0.4230769230769232
8055,0.4935064935064935
8056,0.318931068931069
8057,0.3104395604395605
8058,0.4907592407592408
8059,0.4123376623376624
8060,0.3871128871128872
8061,0.49675324675324684
8062,0.4947552447552449
8063,0.3494005994005995
8064,0.4700299700299701
8065,0.49175824175824184
8066,0.45454545454545464
8067,0.4545454545454546
8068,0.3781218781218782
8069,0.4850149850149851
8070,0.4577922077922078
8071,0.49375624375624383
8072,0.44780219780219793
8073,0.3843656343656344
8074,0.3948551448551449
8075,0.3354145854145855
8076,0.4405594405594406
8077,0.4440559440559442
8078,0.4702797202797203
8079,0.4567932067932068
8080,0.4940059940059941
8081,0.44530469530469535
8082,0.43806193806193805
8083,0.3948551448551449
8084,0.4945054945054946
8085,0.4525474525474526
8086,0.28496503496503495
8087,0.46128871128871135
8088,0.4193306693306694
8089,0.28321678321678323
8090,0.29495504495504493
8091,0.4150849150849152
8092,0.42057942057942066
8093,0.5412087912087912
8094,0.46928071928071935
8095,0.39360639360639377
8096,0.39910089910089924
8097,0.4662837162837163
8098,0.4185814185814185
8099,0.4133366633366634
8100,0.3691308691308692
8101,0.5002497502497504
8102,0.5197302697302698
8103,0.4902597402597403
8104,0.41383616383616395
8105,0.38586413586413587
8106,0.38136863136863147
8107,0.3528971028971029
8108,0.40434565434565445
8109,0.42432567432567436
8110,0.5334665334665336
8111,0.5244755244755246
8112,0.3316683316683317
8113,0.4333166833166834
8114,0.4812687312687314
8115,0.48251748251748255
8116,0.334915084915085
8117,0.41458541458541465
8118,0.43731268731268746
8119,0.37387612387612396
8120,0.5704295704295705
8121,0.4010989010989011
8122,0.3014485514485515
8123,0.33116883116883117
8124,0.38186813186813195
8125,0.34190809190809196
8126,0.4335664335664336
8127,0.2984515484515485
8128,0.34415584415584427
8129,0.5024975024975026
8130,0.3866133866133866
8131,0.31543456543456555
8132,0.3986013986013986
8133,0.44405594405594406
8134,0.43506493506493504
8135,0.3596403596403598
8136,0.44930069930069944
8137,0.46328671328671334
8138,0.4665334665334666
8139,0.4715284715284716
8140,0.47127872127872134
8141,0.48826173826173835
8142,0.388111888111888
8143,0.3224275724275724
8144,0.4180819180819181
8145,0.35089910089910104
8146,0.3866133866133867
8147,0.42732267732267737
8148,0.49800199800199796
8149,0.5307192807192808
8150,0.4895104895104896
8151,0.4243256743256744
8152,0.4078421578421579
8153,0.38711288711288716
8154,0.45504495504495523
8155,0.47927072927072933
8156,0.39435564435564435
8157,0.45029970029970035
8158,0.331918081918082
8159,0.373876123876124
8160,0.5174825174825175
8161,0.348901098901099
8162,0.3501498501498502
8163,0.39685314685314693
8164,0.2772227772227773
8165,0.373876123876124
8166,0.5614385614385615
8167,0.3361638361638361
8168,0.3766233766233767
8169,0.34090909090909094
8170,0.35889110889110887
8171,0.45829170829170834
8172,0.4455544455544456
8173,0.4183316683316684
8174,0.3181818181818182
8175,0.46928071928071935
8176,0.3616383616383617
8177,0.48876123876123884
8178,0.3331668331668332
8179,0.3871128871128872
8180,0.2824675324675325
8181,0.39910089910089913
8182,0.37812187812187814
8183,0.3441558441558442
8184,0.35839160839160844
8185,0.41883116883116883
8186,0.45429570429570443
8187,0.45979020979020974
8188,0.42382617382617394
8189,0.44855144855144863
8190,0.36163836163836166
8191,0.3873626373626374
8192,0.4040959040959042
8193,0.42732267732267726
8194,0.4155844155844156
8195,0.4383116883116883
8196,0.4955044955044955
8197,0.4667832167832168
8198,0.481018981018981
8199,0.3806193806193807
8200,0.25199800199800204
8201,0.40159840159840166
8202,0.36663336663336665
8203,0.27197802197802196
8204,0.3196803196803198
8205,0.4083416583416585
8206,0.35139860139860135
8207,0.43531468531468537
8208,0.40784215784215794
8209,0.4607892107892109
8210,0.35089910089910087
8211,0.2604895104895105
8212,0.5122377622377623
8213,0.41083916083916094
8214,0.4717782217782219
8215,0.42532467532467544
8216,0.5417082917082917
8217,0.38836163836163845
8218,0.4005994005994006
8219,0.4962537462537463
8220,0.5272227772227773
8221,0.441058941058941
8222,0.32592407592407596
8223,0.40509490509490514
8224,0.4288211788211789
8225,0.3843656343656344
8226,0.34490509490509497
8227,0.51998001998002
8228,0.4158341658341659
8229,0.3981018981018981
8230,0.3741258741258742
8231,0.5354645354645354
8232,0.36488511488511494
8233,0.47152847152847155
8234,0.33141858141858144
8235,0.39435564435564446
8236,0.4370629370629371
8237,0.41833166833166835
8238,0.354895104895105
8239,0.5159840159840161
8240,0.46503496503496505
8241,0.44855144855144863
8242,0.33916083916083917
8243,0.38286713286713286
8244,0.3886113886113887
8245,0.584915084915085
8246,0.4535464535464537
8247,0.43431568431568435
8248,0.4550449550449551
8249,0.44530469530469535
8250,0.3896103896103897
8251,0.45229770229770233
8252,0.41558441558441567
8253,0.3454045954045954
8254,0.46728271728271736
8255,0.38611388611388614
8256,0.446053946053946
8257,0.4885114885114886
8258,0.41758241758241754
8259,0.43256743256743263
8260,0.326923076923077
8261,0.44205794205794213
8262,0.4970029970029971
8263,0.5447052947052947
8264,0.3653846153846155
8265,0.4325674325674326
8266,0.3154345654345655
8267,0.39510489510489516
8268,0.43281718281718284
8269,0.4185814185814187
8270,0.4215784215784216
8271,0.43381618381618386
8272,0.3711288711288712
8273,0.3866133866133866
8274,0.5232267732267732
8275,0.4557942057942058
8276,0.47052947052947053
8277,0.4522977022977024
8278,0.46503496503496505
8279,0.43931068931068934
8280,0.40734265734265745
8281,0.4440559440559442
8282,0.4562937062937063
8283,0.4133366633366634
8284,0.31668331668331673
8285,0.4787712287712288
8286,0.4010989010989011
8287,0.3446553446553447
8288,0.4160839160839162
8289,0.4390609390609391
8290,0.4245754245754247
8291,0.5751748251748252
8292,0.34315684315684314
8293,0.4210789210789212
8294,0.38161838161838174
8295,0.42207792207792216
8296,0.3578921078921079
8297,0.37462537462537465
8298,0.5342157842157843
8299,0.40959040959040965
8300,0.4765234765234766
8301,0.46803196803196817
8302,0.3993506493506494
8303,0.34490509490509497
8304,0.31343656343656345
8305,0.4637862137862138
8306,0.29545454545454547
8307,0.4358141858141859
8308,0.26998001998002
8309,0.46103896103896114
8310,0.3686313686313687
8311,0.3853646353646353
8312,0.4617882117882118
8313,0.38386613386613394
8314,0.37162837162837165
8315,0.37912087912087916
8316,0.4338161838161838
8317,0.38786213786213786
8318,0.3371628371628372
8319,0.4615384615384616
8320,0.31943056943056947
8321,0.556943056943057
8322,0.43881118881118886
8323,0.332917082917083
8324,0.4048451548451549
8325,0.487012987012987
8326,0.41658341658341663
8327,0.4083416583416584
8328,0.43456543456543456
8329,0.4857642357642359
8330,0.4637862137862138
8331,0.33016983016983026
8332,0.4383116883116883
8333,0.4080919080919082
8334,0.35789210789210785
8335,0.41833166833166835
8336,0.4008491508491509
8337,0.36138861138861156
8338,0.5069930069930071
8339,0.39385614385614387
8340,0.43956043956043966
8341,0.4645354645354646
8342,0.33641358641358643
8343,0.3853646353646355
8344,0.274975024975025
8345,0.40709290709290713
8346,0.3856143856143856
8347,0.41258741258741266
8348,0.44105894105894106
8349,0.46128871128871146
8350,0.5424575424575425
8351,0.3961038961038962
8352,0.4507992007992009
8353,0.542957042957043
8354,0.5811688311688312
8355,0.282967032967033
8356,0.5087412587412588
8357,0.49475524475524485
8358,0.4128371628371629
8359,0.3986013986013987
8360,0.38161838161838174
8361,0.47727272727272746
8362,0.38611388611388614
8363,0.36838161838161837
8364,0.4295704295704296
8365,0.4925074925074925
8366,0.46503496503496505
8367,0.3808691308691309
8368,0.5029970029970031
8369,0.3396603396603397
8370,0.6243756243756245
8371,0.4775224775224775
8372,0.48851148851148857
8373,0.33441558441558444
8374,0.35639360639360634
8375,0.3111888111888112
8376,0.35039960039960033
8377,0.3586413586413587
8378,0.40209790209790214
8379,0.4807692307692308
8380,0.4280719280719281
8381,0.45779220779220786
8382,0.40659340659340676
8383,0.3833666333666334
8384,0.42457542457542463
8385,0.5157342657342658
8386,0.4632867132867134
8387,0.4103396603396603
8388,0.3606393606393607
8389,0.28796203796203795
8390,0.3244255744255745
8391,0.4960039960039961
8392,0.39735264735264736
8393,0.43106893106893107
8394,0.49475524475524485
8395,0.3983516483516483
8396,0.3851148851148852
8397,0.33441558441558444
8398,0.358891108891109
8399,0.3806193806193806
8400,0.34340659340659346
8401,0.35939060939060946
8402,0.43681318681318676
8403,0.4175824175824176
8404,0.4398101898101898
8405,0.35839160839160833
8406,0.37037962037962036
8407,0.46228771228771237
8408,0.45929070929070936
8409,0.3266733266733267
8410,0.3494005994005994
8411,0.4295704295704296
8412,0.31093906093906093
8413,0.4565434565434567
8414,0.42957042957042957
8415,0.3783716283716284
8416,0.4495504495504496
8417,0.4298201798201799
8418,0.4210789210789212
8419,0.482017982017982
8420,0.4438061938061938
8421,0.34265734265734266
8422,0.41683316683316685
8423,0.447052947052947
8424,0.543956043956044
8425,0.3553946053946055
8426,0.4992507492507493
8427,0.40634365634365643
8428,0.3858641358641358
8429,0.4795204795204796
8430,0.3768731268731269
8431,0.4193306693306694
8432,0.4080919080919081
8433,0.3946053946053946
8434,0.38611388611388614
8435,0.33466533466533466
8436,0.277972027972028
8437,0.47027972027972037
8438,0.39760239760239763
8439,0.3906093906093906
8440,0.44705294705294707
8441,0.3838661338661339
8442,0.5282217782217782
8443,0.36763236763236773
8444,0.47877122877122874
8445,0.4363136863136862
8446,0.37737262737262744
8447,0.43681318681318676
8448,0.4460539460539462
8449,0.39060939060939065
8450,0.49500499500499506
8451,0.4895104895104896
8452,0.4013486513486514
8453,0.4702797202797203
8454,0.39560439560439564
8455,0.38986013986013995
8456,0.4465534465534466
8457,0.38386613386613394
8458,0.3941058941058942
8459,0.47127872127872134
8460,0.32217782217782215
8461,0.46703296703296715
8462,0.3843656343656344
8463,0.46678321678321694
8464,0.4837662337662339
8465,0.34115884115884104
8466,0.42382617382617394
8467,0.4005994005994006
8468,0.43331668331668344
8469,0.37487512487512487
8470,0.27522477522477523
8471,0.5726773226773227
8472,0.4373126873126874
8473,0.4465534465534466
8474,0.38911088911088915
8475,0.361888111888112
8476,0.35264735264735275
8477,0.514985014985015
8478,0.4697802197802198
8479,0.541958041958042
8480,0.4485514485514486
8481,0.377872127872128
8482,0.35514485514485516
8483,0.4702797202797203
8484,0.40134865134865144
8485,0.4767732267732268
8486,0.3898601398601399
8487,0.3696303696303697
8488,0.3324175824175824
8489,0.4200799200799202
8490,0.4008491508491509
8491,0.4610389610389611
8492,0.4517982017982018
8493,0.4373126873126874
8494,0.4140859140859141
8495,0.515984015984016
8496,0.3961038961038961
8497,0.47402597402597396
8498,0.4315684315684316
8499,0.37937062937062943
8500,0.39710289710289715
8501,0.49125874125874136
8502,0.4013486513486515
8503,0.3204295704295705
8504,0.4792707292707293
8505,0.5704295704295704
8506,0.4140859140859141
8507,0.39735264735264736
8508,0.5092407592407594
8509,0.4498001998001998
8510,0.47902097902097907
8511,0.36413586413586413
8512,0.36788211788211794
8513,0.4790209790209791
8514,0.300949050949051
8515,0.38936063936063936
8516,0.4463036963036963
8517,0.4330669330669331
8518,0.48751248751248755
8519,0.4243256743256743
8520,0.3973526473526473
8521,0.3813686313686314
8522,0.46153846153846156
8523,0.4495504495504496
8524,0.4505494505494506
8525,0.3429070929070929
8526,0.4238261738261739
8527,0.37387612387612384
8528,0.43256743256743263
8529,0.3698801198801199
8530,0.37812187812187814
8531,0.42732267732267737
8532,0.3908591408591408
8533,0.3961038961038961
8534,0.4415584415584416
8535,0.42382617382617394
8536,0.39385614385614387
8537,0.37912087912087916
8538,0.3811188811188812
8539,0.3673826173826174
8540,0.4890109890109891
8541,0.3903596403596405
8542,0.34640359640359636
8543,0.37012987012987014
8544,0.36663336663336665
8545,0.28446553446553446
8546,0.5207292707292708
8547,0.5069930069930071
8548,0.32492507492507494
8549,0.40509490509490514
8550,0.28871128871128876
8551,0.6031468531468532
8552,0.46553446553446554
8553,0.4133366633366634
8554,0.4038461538461539
8555,0.4373126873126873
8556,0.4597902097902099
8557,0.4977522477522478
8558,0.4280719280719281
8559,0.41458541458541465
8560,0.45879120879120894
8561,0.3631368631368632
8562,0.45329670329670335
8563,0.32942057942057945
8564,0.37512487512487513
8565,0.40434565434565434
8566,0.4413086913086914
8567,0.5339660339660339
8568,0.37187812187812186
8569,0.46653346653346656
8570,0.41133866133866137
8571,0.5072427572427572
8572,0.3916083916083916
8573,0.3863636363636365
8574,0.4507992007992008
8575,0.4335664335664335
8576,0.33791208791208793
8577,0.41858141858141856
8578,0.3024475524475525
8579,0.4245754245754247
8580,0.3961038961038961
8581,0.562937062937063
8582,0.486013986013986
8583,0.46603396603396613
8584,0.40034965034965037
8585,0.47377622377622375
8586,0.38986013986013984
8587,0.5082417582417583
8588,0.3501498501498501
8589,0.43481518481518483
8590,0.39835164835164844
8591,0.49350649350649356
8592,0.5222277722277723
8593,0.3239260739260739
8594,0.4165834165834167
8595,0.48326673326673325
8596,0.46453546453546457
8597,0.5027472527472528
8598,0.39035964035964044
8599,0.2867132867132867
8600,0.431818181818182
8601,0.5077422577422579
8602,0.37987012987012986
8603,0.4183316683316684
8604,0.43656343656343655
8605,0.36638361638361644
8606,0.3439060939060939
8607,0.37287712287712277
8608,0.3878621378621379
8609,0.38461538461538464
8610,0.5237262737262738
8611,0.373876123876124
8612,0.42182817182817184
8613,0.3946053946053946
8614,0.4255744255744256
8615,0.44930069930069944
8616,0.35789210789210796
8617,0.3906093906093907
8618,0.4335664335664337
8619,0.5304695304695306
8620,0.3176823176823177
8621,0.39060939060939054
8622,0.3536463536463536
8623,0.3901098901098902
8624,0.3891108891108891
8625,0.45229770229770233
8626,0.34440559440559443
8627,0.41783216783216787
8628,0.30369630369630374
8629,0.3758741258741259
8630,0.44155844155844165
8631,0.3471528471528472
8632,0.4702797202797203
8633,0.3711288711288712
8634,0.4235764235764236
8635,0.5871628371628371
8636,0.39360639360639355
8637,0.4040959040959041
8638,0.39285714285714296
8639,0.3773726273726274
8640,0.2857142857142857
8641,0.4667832167832168
8642,0.4255744255744256
8643,0.32342657342657344
8644,0.5367132867132868
8645,0.4597902097902099
8646,0.42132867132867136
8647,0.39710289710289715
8648,0.4123376623376624
8649,0.2267732267732268
8650,0.3661338661338661
8651,0.3933566433566434
8652,0.37987012987012986
8653,0.46753246753246763
8654,0.41708291708291706
8655,0.4330669330669331
8656,0.31768231768231775
8657,0.44030969030969025
8658,0.4972527472527474
8659,0.42782217782217785
8660,0.43681318681318687
8661,0.4200799200799201
8662,0.4040959040959042
8663,0.404845154845155
8664,0.4642857142857143
8665,0.29920079920079923
8666,0.4418081918081918
8667,0.4550449550449552
8668,0.3843656343656345
8669,0.4375624375624376
8670,0.4595404595404596
8671,0.35639360639360634
8672,0.3683816183816185
8673,0.4303196803196804
8674,0.39360639360639366
8675,0.44980019980019986
8676,0.38786213786213797
8677,0.5447052947052948
8678,0.4308191808191809
8679,0.3866133866133867
8680,0.32742257742257747
8681,0.39585414585414597
8682,0.3873626373626374
8683,0.4502997002997003
8684,0.41533466533466534
8685,0.2892107892107893
8686,0.4498001998001998
8687,0.498001998001998
8688,0.37887112887112895
8689,0.5289710289710291
8690,0.40784215784215794
8691,0.4717782217782219
8692,0.3801198801198802
8693,0.3948551448551449
8694,0.4777722277722279
8695,0.39360639360639366
8696,0.31093906093906093
8697,0.3793706293706295
8698,0.3848651348651349
8699,0.36013986013986016
8700,0.43756243756243757
8701,0.5634365634365636
8702,0.37237762237762245
8703,0.4158341658341658
8704,0.535964035964036
8705,0.43806193806193816
8706,0.4278221778221779
8707,0.4847652347652348
8708,0.44855144855144863
8709,0.4917582417582418
8710,0.47302697302697305
8711,0.5222277722277723
8712,0.38086913086913093
8713,0.3703796203796204
8714,0.4522977022977024
8715,0.32117882117882124
8716,0.5162337662337663
8717,0.40934065934065933
8718,0.476023976023976
8719,0.3326673326673327
8720,0.3836163836163836
8721,0.34415584415584416
8722,0.3354145854145854
8723,0.5594405594405595
8724,0.3511488511488512
8725,0.4585414585414586
8726,0.38386613386613394
8727,0.3728771228771229
8728,0.4433066933066933
8729,0.3141858141858142
8730,0.3878621378621379
8731,0.39210789210789215
8732,0.3578921078921079
8733,0.36388611388611386
8734,0.5042457542457544
8735,0.4360639360639361
8736,0.5452047952047953
8737,0.4063436563436563
8738,0.3928571428571429
8739,0.4273226773226773
8740,0.41083916083916094
8741,0.3766233766233768
8742,0.3349150849150849
8743,0.44330669330669326
8744,0.4902597402597403
8745,0.4790209790209791
8746,0.4310689310689312
8747,0.49800199800199796
8748,0.4058441558441559
8749,0.39335664335664344
8750,0.37637362637362637
8751,0.47877122877122885
8752,0.3996003996003998
8753,0.39460539460539473
8754,0.5042457542457544
8755,0.38286713286713286
8756,0.4632867132867133
8757,0.41933066933066926
8758,0.4887612387612389
8759,0.39935064935064934
8760,0.42632367632367635
8761,0.5312187812187813
8762,0.4280719280719281
8763,0.29920079920079923
8764,0.4470529470529471
8765,0.3411588411588412
8766,0.3446553446553447
8767,0.47677322677322687
8768,0.39185814185814183
8769,0.4395604395604397
8770,0.524975024975025
8771,0.3918581418581419
8772,0.40284715284715283
8773,0.40284715284715295
8774,0.38786213786213786
8775,0.4775224775224775
8776,0.350899100899101
8777,0.3693806193806194
8778,0.46878121878121887
8779,0.4612887112887113
8780,0.43056943056943064
8781,0.49325674325674335
8782,0.34415584415584416
8783,0.5229770229770231
8784,0.4907592407592408
8785,0.4180819180819181
8786,0.37312687312687315
8787,0.3931068931068932
8788,0.43706293706293714
8789,0.5534465534465535
8790,0.3454045954045954
8791,0.38311688311688313
8792,0.39935064935064946
8793,0.35164835164835173
8794,0.4065934065934066
8795,0.3429070929070929
8796,0.5474525474525475
8797,0.3633866133866134
8798,0.3221778221778222
8799,0.5684315684315685
8800,0.3104395604395605
8801,0.3673826173826175
8802,0.4560439560439561
8803,0.4672827172827173
8804,0.4078421578421579
8805,0.38936063936063936
8806,0.36988011988011993
8807,0.4428071928071929
8808,0.46128871128871146
8809,0.38886113886113893
8810,0.4602897102897102
8811,0.26448551448551455
8812,0.31643356643356657
8813,0.3566433566433566
8814,0.4163336663336664
8815,0.4655344655344656
8816,0.35564435564435565
8817,0.45629370629370636
8818,0.3893606393606393
8819,0.5342157842157843
8820,0.40384615384615385
8821,0.3593906093906094
8822,0.44230769230769235
8823,0.5482017982017984
8824,0.38336663336663335
8825,0.4153346653346654
8826,0.4113386613386613
8827,0.362887112887113
8828,0.3936063936063937
8829,0.4687812187812188
8830,0.4415584415584416
8831,0.46728271728271725
8832,0.3136863136863138
8833,0.4108391608391609
8834,0.453046953046953
8835,0.42782217782217785
8836,0.4987512487512489
8837,0.4498001998001998
8838,0.4115884115884116
8839,0.46403596403596403
8840,0.4712787212787214
8841,0.4293206793206794
8842,0.38161838161838163
8843,0.4388111888111889
8844,0.4290709290709292
8845,0.493006993006993
8846,0.44380619380619385
8847,0.30044955044955046
8848,0.5531968031968033
8849,0.4070929070929072
8850,0.364885114885115
8851,0.3394105894105893
8852,0.518981018981019
8853,0.43156843156843167
8854,0.41558441558441556
8855,0.5489510489510491
8856,0.38536463536463544
8857,0.453046953046953
8858,0.5144855144855146
8859,0.37637362637362637
8860,0.34865134865134867
8861,0.4762737262737263
8862,0.4193306693306694
8863,0.37387612387612396
8864,0.4440559440559441
8865,0.4535464535464536
8866,0.40134865134865133
8867,0.36738261738261746
8868,0.48951048951048953
8869,0.40284715284715283
8870,0.49350649350649356
8871,0.40909090909090917
8872,0.43181818181818193
8873,0.36338661338661343
8874,0.44680319680319686
8875,0.3936063936063937
8876,0.5000000000000001
8877,0.38886113886113893
8878,0.3708791208791209
8879,0.3421578421578423
8880,0.4777722277722278
8881,0.4862637362637363
8882,0.39160839160839167
8883,0.48376623376623373
8884,0.3888611388611389
8885,0.37012987012987025
8886,0.4640359640359641
8887,0.49900099900099903
8888,0.3756243756243757
8889,0.4063436563436564
8890,0.46978021978021983
8891,0.3226773226773227
8892,0.3436563436563437
8893,0.4665334665334666
8894,0.43756243756243757
8895,0.3011988011988013
8896,0.37662337662337675
8897,0.4850149850149851
8898,0.47352647352647365
8899,0.36463536463536467
8900,0.3808691308691309
8901,0.3821178821178822
8902,0.4410589410589412
8903,0.4183316683316684
8904,0.4727772227772228
8905,0.3324175824175825
8906,0.39135864135864146
8907,0.45829170829170834
8908,0.3606393606393606
8909,0.4068431568431569
8910,0.2814685314685315
8911,0.4885114885114885
8912,0.41433566433566443
8913,0.4607892107892108
8914,0.35089910089910087
8915,0.48976023976023975
8916,0.4480519480519481
8917,0.4118381618381619
8918,0.2982017982017982
8919,0.3966033966033966
8920,0.4220779220779222
8921,0.33691308691308697
8922,0.3568931068931069
8923,0.47402597402597413
8924,0.39710289710289715
8925,0.4780219780219781
8926,0.457042957042957
8927,0.40359640359640364
8928,0.4595404595404596
8929,0.47152847152847155
8930,0.3803696303696304
8931,0.3346653346653347
8932,0.4138361638361639
8933,0.4972527472527473
8934,0.4000999000999002
8935,0.43506493506493504
8936,0.37687312687312696
8937,0.4585414585414586
8938,0.49375624375624383
8939,0.39210789210789226
8940,0.3439060939060939
8941,0.45029970029970035
8942,0.5092407592407594
8943,0.4478021978021979
8944,0.3708791208791209
8945,0.4300699300699301
8946,0.41308691308691314
8947,0.3686313686313686
8948,0.44005994005994015
8949,0.39710289710289715
8950,0.36613386613386617
8951,0.428071928071928
8952,0.43881118881118886
8953,0.4987512487512487
8954,0.533966033966034
8955,0.3956043956043956
8956,0.3823676323676324
8957,0.34865134865134867
8958,0.3523976023976024
8959,0.48476523476523475
8960,0.4248251748251749
8961,0.3451548451548452
8962,0.49475524475524485
8963,0.43056943056943064
8964,0.40959040959040965
8965,0.3808691308691309
8966,0.46678321678321677
8967,0.3736263736263737
8968,0.3141858141858142
8969,0.41708291708291717
8970,0.43256743256743263
8971,0.34915084915084915
8972,0.43781218781218784
8973,0.4532967032967033
8974,0.42382617382617394
8975,0.4777722277722278
8976,0.5651848151848152
8977,0.6033966033966035
8978,0.5641858141858143
8979,0.40759240759240756
8980,0.40659340659340665
8981,0.4115884115884117
8982,0.34515484515484524
8983,0.3921078921078922
8984,0.4318181818181818
8985,0.41908091908091916
8986,0.4515484515484515
8987,0.3081918081918082
8988,0.39985014985014994
8989,0.39160839160839167
8990,0.34790209790209803
8991,0.3693806193806194
8992,0.5362137862137862
8993,0.4837662337662339
8994,0.3486513486513488
8995,0.5272227772227772
8996,0.39335664335664333
8997,0.3838661338661339
8998,0.3903596403596404
8999,0.3996003996003997
9000,0.42832167832167833
9001,0.3144355644355645
9002,0.4730269730269732
9003,0.4822677322677324
9004,0.3071928071928073
9005,0.46153846153846156
9006,0.3953546453546454
9007,0.35264735264735264
9008,0.4185814185814186
9009,0.29520479520479526
9010,0.33116883116883117
9011,0.41058941058941073
9012,0.3983516483516484
9013,0.4340659340659342
9014,0.40284715284715283
9015,0.3893606393606394
9016,0.3996003996003997
9017,0.5012487512487513
9018,0.40059940059940063
9019,0.35564435564435565
9020,0.48926073926073926
9021,0.34590409590409593
9022,0.4355644355644356
9023,0.3211788211788212
9024,0.45629370629370636
9025,0.4393106893106893
9026,0.3986013986013987
9027,0.3638861138861139
9028,0.4403096903096904
9029,0.4175824175824176
9030,0.48626373626373637
9031,0.36738261738261746
9032,0.5064935064935064
9033,0.4300699300699301
9034,0.36363636363636365
9035,0.40159840159840166
9036,0.34740259740259744
9037,0.4592907092907093
9038,0.4747752247752248
9039,0.4722777222777224
9040,0.39885114885114886
9041,0.330919080919081
9042,0.3843656343656344
9043,0.451048951048951
9044,0.42632367632367635
9045,0.36438561438561434
9046,0.3981018981018981
9047,0.4850149850149852
9048,0.4208291708291708
9049,0.32517482517482527
9050,0.48476523476523486
9051,0.3783716283716285
9052,0.38536463536463544
9053,0.44305694305694315
9054,0.3786213786213787
9055,0.38936063936063947
9056,0.3741258741258742
9057,0.5442057942057943
9058,0.472027972027972
9059,0.487012987012987
9060,0.4722777222777224
9061,0.38861138861138855
9062,0.41783216783216787
9063,0.3648851148851149
9064,0.5267232767232768
9065,0.3758741258741259
9066,0.48951048951048953
9067,0.41708291708291717
9068,0.38911088911088915
9069,0.44305694305694304
9070,0.32692307692307704
9071,0.4640359640359641
9072,0.4085914085914087
9073,0.41108891108891116
9074,0.4183316683316684
9075,0.33291708291708294
9076,0.35939060939060946
9077,0.4517982017982019
9078,0.4587912087912088
9079,0.42382617382617394
9080,0.3181818181818182
9081,0.4288211788211789
9082,0.3304195804195804
9083,0.3848651348651349
9084,0.3469030969030969
9085,0.32442557442557446
9086,0.3741258741258741
9087,0.3783716283716284
9088,0.44180819180819186
9089,0.34715284715284717
9090,0.4665334665334666
9091,0.368881118881119
9092,0.34590409590409593
9093,0.5017482517482518
9094,0.33541458541458546
9095,0.47677322677322687
9096,0.4418081918081918
9097,0.42882117882117887
9098,0.38886113886113893
9099,0.3876123876123877
9100,0.6333666333666335
9101,0.464035964035964
9102,0.42182817182817184
9103,0.4800199800199801
9104,0.39910089910089913
9105,0.3489010989010989
9106,0.4398101898101899
9107,0.43206793206793215
9108,0.3703796203796204
9109,0.4710289710289711
9110,0.45279720279720287
9111,0.29945054945054944
9112,0.47502497502497504
9113,0.3771228771228771
9114,0.4115884115884116
9115,0.46353646353646366
9116,0.36563436563436563
9117,0.35389610389610393
9118,0.2987012987012987
9119,0.4557942057942058
9120,0.3668831168831169
9121,0.3906093906093907
9122,0.44705294705294707
9123,0.39010989010989017
9124,0.4240759240759241
9125,0.3921078921078922
9126,0.4505494505494506
9127,0.36713286713286714
9128,0.3991008991008992
9129,0.3598901098901099
9130,0.3991008991008992
9131,0.42257742257742253
9132,0.3533966033966034
9133,0.4238261738261738
9134,0.4435564435564436
9135,0.46178821178821183
9136,0.41933066933066937
9137,0.4445554445554446
9138,0.4165834165834167
9139,0.3873626373626374
9140,0.451048951048951
9141,0.44080919080919095
9142,0.4912587412587413
9143,0.35289710289710297
9144,0.42632367632367646
9145,0.4048451548451549
9146,0.42332667332667334
9147,0.4507992007992008
9148,0.4685314685314686
9149,0.40634365634365643
9150,0.4530469530469531
9151,0.37412587412587417
9152,0.5506993006993008
9153,0.4033466533466535
9154,0.43406593406593413
9155,0.28121878121878124
9156,0.3476523476523477
9157,0.4198301698301698
9158,0.43331668331668327
9159,0.5037462537462537
9160,0.3528971028971029
9161,0.4103396603396604
9162,0.40534465534465536
9163,0.47027972027972037
9164,0.327922077922078
9165,0.469030969030969
9166,0.4443056943056943
9167,0.30169830169830164
9168,0.22102897102897107
9169,0.3174325674325675
9170,0.38586413586413587
9171,0.41133866133866137
9172,0.42482517482517484
9173,0.45054945054945056
9174,0.5751748251748252
9175,0.40984015984015987
9176,0.4862637362637363
9177,0.5069930069930071
9178,0.4665334665334666
9179,0.4260739260739261
9180,0.5000000000000001
9181,0.4430569430569431
9182,0.2642357642357643
9183,0.3768731268731269
9184,0.4562937062937063
9185,0.47127872127872117
9186,0.5057442557442559
9187,0.5237262737262738
9188,0.44830169830169836
9189,0.39960039960039956
9190,0.347902097902098
9191,0.3571428571428572
9192,0.41958041958041964
9193,0.45854145854145856
9194,0.3863636363636365
9195,0.4697802197802198
9196,0.45379620379620383
9197,0.3573926073926074
9198,0.4777722277722279
9199,0.45304695304695314
9200,0.40884115884115896
9201,0.5152347652347653
9202,0.5042457542457542
9203,0.348901098901099
9204,0.4587912087912088
9205,0.4882617382617383
9206,0.4155844155844156
9207,0.39885114885114886
9208,0.34790209790209786
9209,0.34165834165834175
9210,0.3306693306693308
9211,0.4465534465534466
9212,0.5229770229770231
9213,0.4945054945054946
9214,0.5674325674325675
9215,0.28871128871128876
9216,0.3818681318681318
9217,0.463036963036963
9218,0.43931068931068934
9219,0.3748751248751249
9220,0.3641358641358642
9221,0.4635364635364635
9222,0.4550449550449552
9223,0.3653846153846154
9224,0.526973026973027
9225,0.362887112887113
9226,0.4662837162837163
9227,0.3998501498501499
9228,0.5074925074925075
9229,0.5044955044955045
9230,0.5097402597402598
9231,0.3811188811188812
9232,0.5004995004995004
9233,0.47452547452547467
9234,0.4667832167832168
9235,0.5039960039960041
9236,0.3906093906093906
9237,0.49900099900099903
9238,0.4350649350649351
9239,0.493006993006993
9240,0.4737762237762238
9241,0.4183316683316684
9242,0.48926073926073926
9243,0.5836663336663338
9244,0.44030969030969036
9245,0.3688811188811189
9246,0.36738261738261746
9247,0.3326673326673327
9248,0.40659340659340665
9249,0.4290709290709292
9250,0.4532967032967034
9251,0.4050949050949052
9252,0.25074925074925075
9253,0.5259740259740261
9254,0.5482017982017983
9255,0.49900099900099903
9256,0.5342157842157843
9257,0.5302197802197803
9258,0.4463036963036964
9259,0.5931568431568432
9260,0.2367632367632368
9261,0.48251748251748255
9262,0.40209790209790214
9263,0.42657342657342656
9264,0.5122377622377623
9265,0.4807692307692309
9266,0.4500499500499501
9267,0.3276723276723277
9268,0.4338161838161838
9269,0.39685314685314693
9270,0.37237762237762245
9271,0.3164335664335664
9272,0.5014985014985016
9273,0.34665334665334674
9274,0.38436563436563437
9275,0.531968031968032
9276,0.4330669330669331
9277,0.4185814185814186
9278,0.3996003996003998
9279,0.5209790209790209
9280,0.43081918081918086
9281,0.47152847152847155
9282,0.48826173826173835
9283,0.3121878121878123
9284,0.4465534465534467
9285,0.47277722277722284
9286,0.4747752247752249
9287,0.38461538461538464
9288,0.39585414585414597
9289,0.39760239760239763
9290,0.35414585414585426
9291,0.44430569430569433
9292,0.4652847152847153
9293,0.4448051948051948
9294,0.4607892107892108
9295,0.312937062937063
9296,0.41458541458541476
9297,0.46778221778221785
9298,0.39535464535464543
9299,0.30069930069930073
9300,0.44705294705294707
9301,0.4610389610389611
9302,0.42632367632367635
9303,0.5274725274725275
9304,0.2672327672327673
9305,0.3648851148851149
9306,0.31568431568431565
9307,0.3786213786213787
9308,0.5519480519480521
9309,0.46353646353646355
9310,0.41683316683316685
9311,0.4108391608391609
9312,0.4385614385614386
9313,0.4545454545454546
9314,0.307942057942058
9315,0.39410589410589425
9316,0.3961038961038961
9317,0.37912087912087916
9318,0.4747752247752248
9319,0.4335664335664336
9320,0.3981018981018981
9321,0.41108891108891116
9322,0.38761238761238764
9323,0.5611888111888113
9324,0.4565434565434566
9325,0.37387612387612384
9326,0.4777722277722278
9327,0.526973026973027
9328,0.46253746253746264
9329,0.3671328671328671
9330,0.4273226773226773
9331,0.39610389610389624
9332,0.36813186813186816
9333,0.3164335664335665
9334,0.39210789210789215
9335,0.3891108891108891
9336,0.3591408591408591
9337,0.5119880119880121
9338,0.37537462537462535
9339,0.4283216783216784
9340,0.4125874125874126
9341,0.32842157842157854
9342,0.5272227772227772
9343,0.2592407592407593
9344,0.49075924075924077
9345,0.42032967032967045
9346,0.42432567432567436
9347,0.4735264735264736
9348,0.4303196803196804
9349,0.3451548451548452
9350,0.3758741258741259
9351,0.5546953046953047
9352,0.4687812187812188
9353,0.3906093906093906
9354,0.41408591408591416
9355,0.5047452547452548
9356,0.3319180819180819
9357,0.4485514485514486
9358,0.3626373626373626
9359,0.37812187812187814
9360,0.3991008991008992
9361,0.43356643356643365
9362,0.2957042957042958
9363,0.4308191808191809
9364,0.4395604395604396
9365,0.5102397602397603
9366,0.2902097902097903
9367,0.4060939060939061
9368,0.3976023976023977
9369,0.4557942057942058
9370,0.3906093906093906
9371,0.561938061938062
9372,0.2907092907092907
9373,0.4430569430569431
9374,0.32517482517482516
9375,0.5099900099900101
9376,0.41658341658341663
9377,0.31918081918081925
9378,0.3996003996003997
9379,0.43006993006993005
9380,0.42432567432567436
9381,0.38711288711288716
9382,0.4118381618381619
9383,0.4113386613386614
9384,0.482017982017982
9385,0.4852647352647353
9386,0.5004995004995005
9387,0.5107392607392608
9388,0.4018481518481519
9389,0.44630369630369626
9390,0.3114385614385616
9391,0.568931068931069
9392,0.40159840159840166
9393,0.3386613386613387
9394,0.3296703296703298
9395,0.3476523476523476
9396,0.3838661338661339
9397,0.46278721278721285
9398,0.24625374625374633
9399,0.5886613386613387
9400,0.366883116883117
9401,0.469030969030969
9402,0.3566433566433567
9403,0.31218781218781216
9404,0.3446553446553447
9405,0.455044955044955
9406,0.47427572427572434
9407,0.4525474525474527
9408,0.31093906093906093
9409,0.3801198801198802
9410,0.41333666333666347
9411,0.37537462537462546
9412,0.32292707292707296
9413,0.306943056943057
9414,0.4592907092907093
9415,0.4115884115884116
9416,0.45104895104895115
9417,0.5761738261738263
9418,0.28996003996003994
9419,0.4930069930069932
9420,0.44205794205794213
9421,0.36788211788211794
9422,0.4530469530469531
9423,0.4158341658341659
9424,0.504995004995005
9425,0.40784215784215777
9426,0.40434565434565445
9427,0.5102397602397603
9428,0.4433066933066933
9429,0.5422077922077922
9430,0.4315684315684316
9431,0.4013486513486514
9432,0.43131868131868123
9433,0.4120879120879121
9434,0.3573926073926074
9435,0.48876123876123884
9436,0.34690309690309695
9437,0.42732267732267737
9438,0.3603896103896105
9439,0.36438561438561434
9440,0.46203796203796216
9441,0.38286713286713286
9442,0.5656843156843158
9443,0.5042457542457544
9444,0.38686313686313684
9445,0.393856143856144
9446,0.4310689310689312
9447,0.43381618381618386
9448,0.4507992007992008
9449,0.3873626373626373
9450,0.5482017982017984
9451,0.43181818181818177
9452,0.49500499500499506
9453,0.3174325674325675
9454,0.28121878121878124
9455,0.43506493506493504
9456,0.314935064935065
9457,0.4860139860139861
9458,0.44255744255744256
9459,0.3826173826173826
9460,0.40859140859140863
9461,0.4208291708291709
9462,0.35414585414585426
9463,0.3523976023976023
9464,0.35514485514485516
9465,0.4745254745254746
9466,0.4910089910089911
9467,0.33416583416583423
9468,0.4135864135864137
9469,0.4892607392607394
9470,0.3668831168831169
9471,0.45229770229770233
9472,0.45154845154845163
9473,0.4023476523476524
9474,0.5736763236763238
9475,0.4725274725274726
9476,0.4115884115884117
9477,0.4405594405594405
9478,0.4265734265734266
9479,0.30344655344655347
9480,0.3953546453546454
9481,0.5089910089910091
9482,0.4158341658341659
9483,0.38311688311688313
9484,0.5292207792207793
9485,0.43406593406593413
9486,0.4797702297702299
9487,0.3841158841158842
9488,0.4270729270729271
9489,0.506993006993007
9490,0.42932067932067935
9491,0.44130869130869144
9492,0.3596403596403596
9493,0.3878621378621379
9494,0.4680319680319681
9495,0.3603896103896104
9496,0.4620379620379621
9497,0.3808691308691309
9498,0.41708291708291717
9499,0.3239260739260739
9500,0.5027472527472527
9501,0.5811688311688312
9502,0.4010989010989011
9503,0.4590409590409591
9504,0.4000999000999002
9505,0.4687812187812188
9506,0.37737262737262744
9507,0.5144855144855146
9508,0.41008991008991014
9509,0.42857142857142855
9510,0.5162337662337663
9511,0.542957042957043
9512,0.48026973026973024
9513,0.3908591408591409
9514,0.35064935064935066
9515,0.3349150849150849
9516,0.3141858141858142
9517,0.4395604395604395
9518,0.5247252747252749
9519,0.3943556443556444
9520,0.45404595404595405
9521,0.32517482517482527
9522,0.35814185814185817
9523,0.4862637362637363
9524,0.4130869130869131
9525,0.49500499500499506
9526,0.4343156843156843
9527,0.4055944055944057
9528,0.3499000999000999
9529,0.38986013986013995
9530,0.3921078921078922
9531,0.5109890109890111
9532,0.33591408591408595
9533,0.46228771228771237
9534,0.4023476523476524
9535,0.32842157842157843
9536,0.4360639360639361
9537,0.44155844155844165
9538,0.48476523476523475
9539,0.4525474525474526
9540,0.3204295704295705
9541,0.3691308691308692
9542,0.4283216783216784
9543,0.46578421578421586
9544,0.20029970029970037
9545,0.34890109890109894
9546,0.4235764235764237
9547,0.4925074925074925
9548,0.3758741258741259
9549,0.4255744255744256
9550,0.5457042957042958
9551,0.5017482517482518
9552,0.3164335664335664
9553,0.4730269730269731
9554,0.48551448551448556
9555,0.4777722277722277
9556,0.5599400599400599
9557,0.4238261738261739
9558,0.3476523476523477
9559,0.42457542457542463
9560,0.5142357642357643
9561,0.37687312687312696
9562,0.4862637362637363
9563,0.3756243756243757
9564,0.4010989010989012
9565,0.46478521478521495
9566,0.37987012987012997
9567,0.3261738261738262
9568,0.4325674325674326
9569,0.3991008991008992
9570,0.4725274725274726
9571,0.42832167832167833
9572,0.43606393606393606
9573,0.41533466533466534
9574,0.28921078921078924
9575,0.33916083916083917
9576,0.39760239760239763
9577,0.385864135864136
9578,0.3673826173826175
9579,0.39460539460539473
9580,0.39885114885114886
9581,0.3786213786213787
9582,0.5551948051948052
9583,0.4438061938061938
9584,0.3888611388611389
9585,0.37812187812187814
9586,0.34840159840159846
9587,0.40409590409590423
9588,0.4535464535464537
9589,0.4090909090909091
9590,0.35989010989010994
9591,0.3841158841158841
9592,0.571928071928072
9593,0.32142857142857145
9594,0.5442057942057943
9595,0.5174825174825175
9596,0.5384615384615385
9597,0.31693306693306694
9598,0.41483516483516486
9599,0.3176823176823177
9600,0.37037962037962036
9601,0.40809190809190815
9602,0.3464035964035964
9603,0.2672327672327673
9604,0.3184315684315685
9605,0.37812187812187814
9606,0.44980019980019986
9607,0.43456543456543456
9608,0.5057442557442559
9609,0.4767732267732268
9610,0.3234265734265734
9611,0.35489510489510495
9612,0.6895604395604398
9613,0.24700299700299702
9614,0.4615384615384617
9615,0.47427572427572434
9616,0.36388611388611397
9617,0.3718781218781219
9618,0.3868631368631369
9619,0.3568931068931068
9620,0.34815184815184824
9621,0.42232767232767243
9622,0.38386613386613394
9623,0.3933566433566434
9624,0.3818681318681319
9625,0.5032467532467533
9626,0.5017482517482518
9627,0.3474025974025974
9628,0.44230769230769235
9629,0.36438561438561445
9630,0.3961038961038961
9631,0.3983516483516483
9632,0.3056943056943057
9633,0.4590409590409591
9634,0.39135864135864135
9635,0.3733766233766235
9636,0.4582917082917084
9637,0.5806693306693307
9638,0.4338161838161838
9639,0.43456543456543467
9640,0.4228271728271728
9641,0.3793706293706293
9642,0.3928571428571429
9643,0.40534465534465547
9644,0.3146853146853147
9645,0.31343656343656345
9646,0.5037462537462538
9647,0.37812187812187814
9648,0.4118381618381619
9649,0.4118381618381619
9650,0.5112387612387613
9651,0.4892607392607394
9652,0.4348151848151849
9653,0.37212787212787213
9654,0.495004995004995
9655,0.3901098901098902
9656,0.41208791208791207
9657,0.4288211788211789
9658,0.4470529470529471
9659,0.4515484515484515
9660,0.4488011988011989
9661,0.4113386613386614
9662,0.46753246753246763
9663,0.4517982017982019
9664,0.33091908091908095
9665,0.27347652347652346
9666,0.33866133866133863
9667,0.3444055944055945
9668,0.47327672327672327
9669,0.40509490509490514
9670,0.4685314685314685
9671,0.5497002997002998
9672,0.3091908091908092
9673,0.46903096903096914
9674,0.4488011988011988
9675,0.4842657342657343
9676,0.4478021978021979
9677,0.41833166833166835
9678,0.3296703296703297
9679,0.35789210789210796
9680,0.4293206793206794
9681,0.42457542457542463
9682,0.3701298701298702
9683,0.33591408591408595
9684,0.42282717282717286
9685,0.37187812187812197
9686,0.4473026973026973
9687,0.3513986013986015
9688,0.5057442557442559
9689,0.43281718281718284
9690,0.43731268731268724
9691,0.36363636363636376
9692,0.43156843156843167
9693,0.4190809190809191
9694,0.43756243756243757
9695,0.34990009990009996
9696,0.3796203796203797
9697,0.49125874125874136
9698,0.3546453546453547
9699,0.4677822177822178
9700,0.41283716283716293
9701,0.40459540459540466
9702,0.4885114885114885
9703,0.3201798201798202
9704,0.47127872127872134
9705,0.4470529470529471
9706,0.3796203796203797
9707,0.5164835164835165
9708,0.390859140859141
9709,0.34390609390609395
9710,0.412837162837163
9711,0.5806693306693307
9712,0.4717782217782219
9713,0.35064935064935066
9714,0.5916583416583417
9715,0.4043456543456544
9716,0.37737262737262744
9717,0.37887112887112895
9718,0.5077422577422578
9719,0.6413586413586415
9720,0.38061938061938067
9721,0.42407592407592404
9722,0.540959040959041
9723,0.4617882117882118
9724,0.4310689310689312
9725,0.33866133866133863
9726,0.45704295704295717
9727,0.5422077922077924
9728,0.5414585414585416
9729,0.4183316683316684
9730,0.38786213786213797
9731,0.30444555444555454
9732,0.51998001998002
9733,0.3311688311688313
9734,0.38536463536463544
9735,0.47727272727272735
9736,0.34040959040959046
9737,0.291958041958042
9738,0.4205794205794206
9739,0.31493506493506507
9740,0.5052447552447552
9741,0.530969030969031
9742,0.4662837162837164
9743,0.504995004995005
9744,0.4995004995004995
9745,0.3256743256743257
9746,0.3818681318681319
9747,0.45254745254745254
9748,0.3881118881118882
9749,0.3214285714285715
9750,0.3501498501498502
9751,0.3718781218781219
9752,0.45154845154845163
9753,0.45904095904095915
9754,0.4815184815184816
9755,0.48201798201798207
9756,0.5816683316683318
9757,0.512987012987013
9758,0.4388111888111888
9759,0.3838661338661339
9760,0.36588411588411596
9761,0.4430569430569431
9762,0.3853646353646355
9763,0.41608391608391615
9764,0.3049450549450549
9765,0.5482017982017983
9766,0.39660339660339666
9767,0.46678321678321677
9768,0.3883616383616384
9769,0.46103896103896114
9770,0.2734765234765235
9771,0.3758741258741259
9772,0.49000999000999007
9773,0.32992007992008
9774,0.290959040959041
9775,0.37187812187812186
9776,0.47377622377622386
9777,0.3841158841158841
9778,0.5387112887112887
9779,0.36538461538461536
9780,0.4642857142857144
9781,0.5107392607392608
9782,0.3996003996003997
9783,0.4205794205794206
9784,0.4053446553446554
9785,0.44080919080919084
9786,0.3446553446553447
9787,0.37312687312687315
9788,0.37962037962037964
9789,0.3853646353646355
9790,0.4585414585414585
9791,0.4900099900099901
9792,0.4852647352647353
9793,0.4395604395604396
9794,0.45279720279720287
9795,0.32517482517482527
9796,0.5244755244755245
9797,0.4797702297702297
9798,0.46353646353646366
9799,0.3359140859140859
9800,0.3891108891108891
9801,0.398851148851149
9802,0.33466533466533466
9803,0.3931068931068931
9804,0.34715284715284717
9805,0.5484515484515485
9806,0.34640359640359647
9807,0.39535464535464543
9808,0.4837662337662339
9809,0.38261738261738254
9810,0.3499000999000999
9811,0.4128371628371629
9812,0.3756243756243757
9813,0.3768731268731269
9814,0.3286713286713287
9815,0.4575424575424577
9816,0.38886113886113893
9817,0.4443056943056943
9818,0.38836163836163845
9819,0.5384615384615385
9820,0.4025974025974027
9821,0.4413086913086913
9822,0.44530469530469535
9823,0.4680319680319681
9824,0.46953046953046945
9825,0.36138861138861145
9826,0.41683316683316685
9827,0.5067432567432568
9828,0.3436563436563436
9829,0.3011988011988012
9830,0.3696303696303697
9831,0.3628871128871129
9832,0.47077922077922085
9833,0.36588411588411596
9834,0.4855144855144856
9835,0.4732767232767233
9836,0.35689310689310705
9837,0.41408591408591416
9838,0.4805194805194806
9839,0.44830169830169847
9840,0.4140859140859141
9841,0.38786213786213786
9842,0.4735264735264736
9843,0.3371628371628371
9844,0.23351648351648355
9845,0.44605394605394605
9846,0.4075924075924076
9847,0.44755244755244766
9848,0.48751248751248755
9849,0.42632367632367635
9850,0.37212787212787213
9851,0.3748751248751249
9852,0.5227272727272728
9853,0.35514485514485516
9854,0.3598901098901099
9855,0.43656343656343666
9856,0.4705294705294706
9857,0.39885114885114886
9858,0.5037462537462538
9859,0.4652847152847154
9860,0.4198301698301698
9861,0.5022477522477523
9862,0.43181818181818193
9863,0.4188311688311689
9864,0.3484015984015985
9865,0.5004995004995006
9866,0.4290709290709291
9867,0.34615384615384615
9868,0.4807692307692308
9869,0.4360639360639361
9870,0.4003496503496504
9871,0.4468031968031969
9872,0.4537962037962039
9873,0.3608891108891109
9874,0.30019980019980025
9875,0.42882117882117887
9876,0.35089910089910087
9877,0.3516483516483518
9878,0.3743756243756244
9879,0.3301698301698302
9880,0.3753746253746254
9881,0.4835164835164836
9882,0.3796203796203796
9883,0.4405594405594405
9884,0.43231768231768236
9885,0.5611888111888113
9886,0.3631368631368632
9887,0.41233766233766245
9888,0.238011988011988
9889,0.29345654345654343
9890,0.3948551448551449
9891,0.38636363636363635
9892,0.4230769230769231
9893,0.5122377622377623
9894,0.3593906093906095
9895,0.42607392607392613
9896,0.48326673326673325
9897,0.5454545454545455
9898,0.40684315684315686
9899,0.37837162837162847
9900,0.3606393606393607
9901,0.46478521478521484
9902,0.485014985014985
9903,0.32742257742257735
9904,0.305944055944056
9905,0.47952047952047955
9906,0.4805194805194805
9907,0.46803196803196806
9908,0.44255744255744256
9909,0.37287712287712294
9910,0.4550449550449551
9911,0.45304695304695314
9912,0.5297202797202798
9913,0.43881118881118886
9914,0.35989010989010994
9915,0.4388111888111888
9916,0.4243256743256744
9917,0.4123376623376624
9918,0.4560439560439561
9919,0.4318181818181818
9920,0.37362637362637363
9921,0.48951048951048953
9922,0.39685314685314704
9923,0.3531468531468532
9924,0.3176823176823177
9925,0.3843656343656344
9926,0.41333666333666325
9927,0.42732267732267737
9928,0.5404595404595406
9929,0.42432567432567436
9930,0.48251748251748255
9931,0.5112387612387613
9932,0.4295704295704296
9933,0.304945054945055
9934,0.4355644355644356
9935,0.4877622377622378
9936,0.4383116883116884
9937,0.3651348651348652
9938,0.4360639360639362
9939,0.25549450549450553
9940,0.5112387612387613
9941,0.5432067932067933
9942,0.37687312687312696
9943,0.38336663336663346
9944,0.4930069930069931
9945,0.38511488511488523
9946,0.45229770229770233
9947,0.5089910089910091
9948,0.35114885114885114
9949,0.37537462537462546
9950,0.4100899100899102
9951,0.4335664335664337
9952,0.4353146853146854
9953,0.41933066933066937
9954,0.3696303696303696
9955,0.37812187812187814
9956,0.44580419580419584
9957,0.46428571428571436
9958,0.36388611388611386
9959,0.4490509490509491
9960,0.3241758241758242
9961,0.25799200799200805
9962,0.42707292707292704
9963,0.4150849150849152
9964,0.3486513486513486
9965,0.44305694305694315
9966,0.34990009990009996
9967,0.4592907092907093
9968,0.4652847152847154
9969,0.4385614385614386
9970,0.4562937062937063
9971,0.49450549450549464
9972,0.6016483516483518
9973,0.3326673326673327
9974,0.3586413586413587
9975,0.39960039960039967
9976,0.40909090909090917
9977,0.3876123876123877
9978,0.44480519480519487
9979,0.37037962037962047
9980,0.5037462537462538
9981,0.4632867132867133
9982,0.44680319680319686
9983,0.41308691308691314
9984,0.3556443556443557
9985,0.5294705294705296
9986,0.3451548451548452
9987,0.43831168831168826
9988,0.38186813186813195
9989,0.39935064935064946
9990,0.44480519480519476
9991,0.38461538461538464
9992,0.4458041958041959
9993,0.3558941058941059
9994,0.42057942057942066
9995,0.3631368631368632
9996,0.38711288711288716
9997,0.3134365634365634
9998,0.38711288711288716
