permutation_index,null_global_mean_rho
0,0.25180533751962325
1,0.37739403453689174
2,0.38006279434850876
3,0.3442700156985871
4,0.37299843014128725
5,0.2475667189952904
6,0.360596546310832
7,0.2547880690737833
8,0.35431711145996864
9,0.29638932496075354
10,0.41302982731554166
11,0.36452119309262165
12,0.47692307692307695
13,0.46750392464678187
14,0.34521193092621655
15,0.40847723704866556
16,0.4830455259026687
17,0.46813186813186825
18,0.41036106750392465
19,0.3241758241758241
20,0.4194662480376766
21,0.5354788069073784
22,0.3718995290423862
23,0.1671899529042386
24,0.4773940345368917
25,0.4572998430141286
26,0.32339089481946637
27,0.31412872841444267
28,0.5364207221350078
29,0.4773940345368918
30,0.4061224489795919
31,0.3901098901098901
32,0.2425431711145997
33,0.333751962323391
34,0.2751962323390895
35,0.3824175824175825
36,0.36938775510204086
37,0.3299843014128728
38,0.457142857142857
39,0.3877551020408164
40,0.44317111459968606
41,0.4262166405023548
42,0.42747252747252756
43,0.3993720565149137
44,0.41302982731554166
45,0.33610675039246474
46,0.2861852433281005
47,0.46640502354788066
48,0.35243328100470944
49,0.4312401883830455
50,0.3474097331240188
51,0.40219780219780216
52,0.34646781789638936
53,0.3191522762951334
54,0.32778649921507064
55,0.36954474097331236
56,0.3259026687598116
57,0.27111459968602825
58,0.2543171114599686
59,0.4342229199372057
60,0.3111459968602826
61,0.357613814756672
62,0.5105180533751962
63,0.34270015698587125
64,0.3530612244897959
65,0.4444270015698587
66,0.3832025117739404
67,0.34222919937205665
68,0.3423861852433281
69,0.4989010989010989
70,0.3472527472527473
71,0.4572998430141288
72,0.47817896389324954
73,0.45321821036106746
74,0.3828885400313971
75,0.34505494505494505
76,0.41554160125588696
77,0.37943485086342227
78,0.26483516483516484
79,0.5089481946624803
80,0.3844583987441131
81,0.37080062794348506
82,0.33594976452119313
83,0.467817896389325
84,0.41287284144426994
85,0.4359497645211931
86,0.4379905808477237
87,0.39937205651491364
88,0.34097331240188383
89,0.3031397174254317
90,0.3251177394034537
91,0.40910518053375194
92,0.29874411302982734
93,0.3142857142857144
94,0.31412872841444267
95,0.44191522762951335
96,0.42150706436420726
97,0.4069073783359497
98,0.465149136577708
99,0.43720565149136575
100,0.4001569858712716
101,0.30800627943485087
102,0.41962323390894823
103,0.49701726844583993
104,0.3978021978021978
105,0.49167974882260596
106,0.3731554160125588
107,0.30706436420722133
108,0.36452119309262165
109,0.3211930926216641
110,0.33485086342229203
111,0.4163265306122449
112,0.4794348508634223
113,0.34631083202511775
114,0.394348508634223
115,0.4445839874411303
116,0.3009419152276296
117,0.2979591836734694
118,0.47048665620094204
119,0.2290423861852433
120,0.30047095761381476
121,0.2959183673469388
122,0.4183673469387755
123,0.2783359497645212
124,0.4326530612244897
125,0.43218210361067505
126,0.37598116169544743
127,0.3452119309262166
128,0.4036106750392466
129,0.29654631083202515
130,0.3047095761381476
131,0.278021978021978
132,0.320094191522763
133,0.33469387755102037
134,0.4221350078492936
135,0.3684458398744113
136,0.2742543171114599
137,0.3227629513343799
138,0.42684458398744113
139,0.45416012558869706
140,0.4048665620094192
141,0.5281004709576138
142,0.3224489795918367
143,0.41287284144426994
144,0.38775510204081637
145,0.40188383045525905
146,0.4762951334379906
147,0.3403453689167975
148,0.3973312401883831
149,0.32621664050235477
150,0.4425431711145997
151,0.3533751962323391
152,0.3960753532182104
153,0.46122448979591824
154,0.38273155416012555
155,0.5109890109890111
156,0.3401883830455259
157,0.4240188383045526
158,0.2965463108320251
159,0.3645211930926216
160,0.2629513343799058
161,0.47284144427001573
162,0.38854003139717425
163,0.5009419152276295
164,0.20361067503924643
165,0.3996860282574568
166,0.4967032967032967
167,0.5167974882260596
168,0.42213500784929353
169,0.39654631083202524
170,0.3990580847723705
171,0.42967032967032975
172,0.3423861852433281
173,0.4626373626373626
174,0.4389324960753532
175,0.4116169544740974
176,0.34018838304552584
177,0.378021978021978
178,0.38759811616954476
179,0.4133437990580848
180,0.3722135007849294
181,0.4607535321821036
182,0.33940345368916797
183,0.44160125588697013
184,0.38744113029827326
185,0.37362637362637363
186,0.42747252747252745
187,0.5142857142857143
188,0.3036106750392465
189,0.3990580847723704
190,0.3795918367346939
191,0.3296703296703297
192,0.2635792778649922
193,0.3616954474097331
194,0.38712715855572993
195,0.2687598116169545
196,0.35306122448979593
197,0.4419152276295133
198,0.3166405023547881
199,0.4039246467817897
200,0.27441130298273153
201,0.4750392464678178
202,0.4087912087912087
203,0.3470957613814757
204,0.3995290423861852
205,0.36923076923076925
206,0.4323390894819466
207,0.3492935635792779
208,0.594348508634223
209,0.3689167974882261
210,0.3193092621664051
211,0.4631083202511773
212,0.3963893249607536
213,0.34803767660910523
214,0.4646781789638932
215,0.46043956043956047
216,0.38131868131868124
217,0.37394034536891674
218,0.3452119309262166
219,0.4365777080062795
220,0.4372056514913658
221,0.39246467817896397
222,0.369701726844584
223,0.4180533751962323
224,0.3196232339089482
225,0.3481946624803767
226,0.3323390894819466
227,0.47535321821036103
228,0.3901098901098901
229,0.42260596546310836
230,0.4511773940345368
231,0.41805337519623237
232,0.5073783359497646
233,0.32653061224489793
234,0.3163265306122449
235,0.3155416012558869
236,0.3718995290423862
237,0.43783359497645213
238,0.3638932496075353
239,0.5025117739403454
240,0.38414442700157
241,0.4122448979591837
242,0.3552590266875982
243,0.38665620094191516
244,0.419309262166405
245,0.5070643642072213
246,0.3904238618524332
247,0.3572998430141287
248,0.3822605965463108
249,0.40423861852433285
250,0.33971742543171113
251,0.3921507064364206
252,0.46891679748822607
253,0.42072213500784933
254,0.3582417582417582
255,0.3607535321821036
256,0.43516483516483506
257,0.34992150706436426
258,0.37959183673469393
259,0.36106750392464676
260,0.2970172684458398
261,0.3248037676609105
262,0.4006279434850863
263,0.35682888540031404
264,0.3150706436420722
265,0.4133437990580847
266,0.31883830455259016
267,0.34835164835164834
268,0.35368916797488226
269,0.34976452119309265
270,0.4478806907378336
271,0.32213500784929355
272,0.3547880690737833
273,0.38916797488226057
274,0.3877551020408164
275,0.43155416012558867
276,0.4993720565149136
277,0.4372056514913658
278,0.384458398744113
279,0.3518053375196232
280,0.3733124018838306
281,0.343956043956044
282,0.3021978021978022
283,0.3725274725274726
284,0.2971742543171115
285,0.29356357927786497
286,0.2970172684458398
287,0.39811616954474094
288,0.4251177394034537
289,0.44725274725274733
290,0.3167974882260597
291,0.4065934065934066
292,0.4178963893249608
293,0.40439560439560435
294,0.37268445839874415
295,0.40753532182103613
296,0.26718995290423864
297,0.3777080062794349
298,0.4164835164835165
299,0.35007849293563587
300,0.26153846153846155
301,0.2505494505494506
302,0.33343799058084767
303,0.3700156985871272
304,0.3554160125588698
305,0.3006279434850863
306,0.365934065934066
307,0.3756671899529042
308,0.44929356357927785
309,0.27692307692307694
310,0.3248037676609105
311,0.43437990580847724
312,0.37127158555729983
313,0.37299843014128736
314,0.44803767660910526
315,0.35243328100470955
316,0.3505494505494506
317,0.44191522762951335
318,0.4799058084772371
319,0.3843014128728414
320,0.31365777080062796
321,0.397331240188383
322,0.4679748822605965
323,0.37723704866562
324,0.35510204081632646
325,0.3839874411302983
326,0.46106750392464674
327,0.3080062794348509
328,0.2960753532182104
329,0.42700156985871274
330,0.40329670329670325
331,0.38759811616954476
332,0.4590266875981161
333,0.4409733124018839
334,0.3240188383045526
335,0.5084772370486655
336,0.45918367346938777
337,0.30125588697017264
338,0.4089481946624804
339,0.3555729984301413
340,0.3995290423861853
341,0.4215070643642072
342,0.33767660910518055
343,0.37723704866562013
344,0.45431711145996856
345,0.46467817896389324
346,0.3722135007849294
347,0.4442700156985872
348,0.373469387755102
349,0.45447409733124017
350,0.3508634222919937
351,0.35557299843014123
352,0.47425431711146
353,0.384458398744113
354,0.3886970172684458
355,0.38414442700156987
356,0.3849293563579278
357,0.45478806907378333
358,0.3235478806907378
359,0.2401883830455259
360,0.3078492935635793
361,0.30156985871271585
362,0.3971742543171114
363,0.29874411302982734
364,0.2802197802197802
365,0.4218210361067504
366,0.3642072213500785
367,0.37692307692307686
368,0.49827315541601264
369,0.4131868131868131
370,0.38854003139717425
371,0.3301412872841444
372,0.3213500784929357
373,0.3251177394034537
374,0.384458398744113
375,0.4560439560439561
376,0.48100470957613817
377,0.39434850863422294
378,0.3023547880690738
379,0.3262166405023548
380,0.41915227629513346
381,0.40565149136577716
382,0.34364207221350085
383,0.3097331240188383
384,0.42543171114599687
385,0.495447409733124
386,0.404552590266876
387,0.42370486656200945
388,0.3711145996860283
389,0.39748822605965467
390,0.33500784929356353
391,0.3706436420722135
392,0.35368916797488226
393,0.4185243328100471
394,0.36907378335949764
395,0.254160125588697
396,0.2345368916797488
397,0.39136577708006276
398,0.20565149136577707
399,0.42731554160125584
400,0.4459968602825745
401,0.2521193092621664
402,0.38634222919937217
403,0.32025117739403447
404,0.30989010989010984
405,0.30533751962323397
406,0.36263736263736274
407,0.26200941915227627
408,0.3467817896389325
409,0.4577708006279435
410,0.35086342229199374
411,0.44270015698587134
412,0.36938775510204086
413,0.42213500784929353
414,0.3635792778649921
415,0.40863422291993723
416,0.47158555729984303
417,0.4331240188383046
418,0.3883830455259027
419,0.42480376766091055
420,0.3450549450549451
421,0.36530612244897964
422,0.32621664050235477
423,0.5010989010989012
424,0.43406593406593413
425,0.3810047095761382
426,0.4390894819466249
427,0.3627943485086342
428,0.3714285714285714
429,0.48806907378335956
430,0.37331240188383047
431,0.370486656200942
432,0.29152276295133445
433,0.4919937205651492
434,0.38288854003139716
435,0.4039246467817896
436,0.478806907378336
437,0.3392464678178963
438,0.33406593406593404
439,0.3789638932496075
440,0.33971742543171113
441,0.36577708006279447
442,0.3668759811616954
443,0.48304552590266875
444,0.3010989010989011
445,0.306436420722135
446,0.2675039246467818
447,0.27692307692307694
448,0.4012558869701728
449,0.443171114599686
450,0.4635792778649921
451,0.31601255886970175
452,0.49246467817896394
453,0.34882260596546316
454,0.4854003139717426
455,0.35227629513343794
456,0.38053375196232336
457,0.48053375196232334
458,0.4908948194662481
459,0.33987441130298274
460,0.40470957613814756
461,0.42072213500784933
462,0.3832025117739403
463,0.4304552590266876
464,0.43233908948194666
465,0.41475667189952903
466,0.35620094191522755
467,0.3827315541601256
468,0.3180533751962323
469,0.30062794348508637
470,0.35572998430141284
471,0.38775510204081637
472,0.43547880690737834
473,0.3998430141287284
474,0.42794348508634217
475,0.32401883830455264
476,0.3725274725274725
477,0.5367346938775511
478,0.22354788069073783
479,0.34113029827315555
480,0.4492935635792779
481,0.3139717425431711
482,0.4241758241758241
483,0.290894819466248
484,0.4979591836734695
485,0.33045525902668765
486,0.45494505494505494
487,0.3224489795918367
488,0.36546310832025114
489,0.3226059654631084
490,0.2516483516483516
491,0.3161695447409733
492,0.3381475667189952
493,0.29497645211930923
494,0.4800627943485086
495,0.3720565149136577
496,0.430298273155416
497,0.3938775510204082
498,0.35447409733124013
499,0.4282574568288854
500,0.3640502354788069
501,0.30675039246467817
502,0.37990580847723704
503,0.3562009419152276
504,0.2689167974882261
505,0.2709576138147567
506,0.30125588697017264
507,0.26640502354788065
508,0.37299843014128736
509,0.4117739403453689
510,0.2777080062794348
511,0.31475667189952905
512,0.3857142857142857
513,0.34772370486656196
514,0.3700156985871272
515,0.4025117739403454
516,0.39309262166405023
517,0.3733124018838304
518,0.3083202511773941
519,0.3047095761381476
520,0.3006279434850863
521,0.3478806907378336
522,0.3783359497645212
523,0.30847723704866553
524,0.31287284144426997
525,0.41004709576138143
526,0.4846153846153846
527,0.3742543171114599
528,0.3934065934065934
529,0.389795918367347
530,0.35682888540031404
531,0.19984301412872846
532,0.41601255886970173
533,0.5395604395604395
534,0.3205651491365778
535,0.4392464678178965
536,0.37551020408163266
537,0.3536891679748822
538,0.40125588697017267
539,0.28288854003139724
540,0.38555729984301423
541,0.4219780219780221
542,0.45196232339089487
543,0.32182103610675034
544,0.2766091051805338
545,0.40439560439560435
546,0.3436420722135008
547,0.45353218210361074
548,0.3442700156985872
549,0.4773940345368918
550,0.28037676609105183
551,0.46483516483516485
552,0.3427001569858713
553,0.4081632653061224
554,0.301883830455259
555,0.27582417582417584
556,0.3665620094191522
557,0.3992150706436421
558,0.4748822605965463
559,0.4398744113029827
560,0.4100470957613815
561,0.5036106750392465
562,0.44050235478806904
563,0.30518053375196236
564,0.5003139717425432
565,0.4822605965463108
566,0.37833594976452123
567,0.3667189952904239
568,0.38838304552590264
569,0.26703296703296703
570,0.38304552590266877
571,0.4207221350078493
572,0.39968602825745686
573,0.3877551020408164
574,0.38367346938775515
575,0.2863422291993721
576,0.32715855572998426
577,0.3830455259026687
578,0.37598116169544743
579,0.37001569858712724
580,0.5186813186813188
581,0.43218210361067505
582,0.3075353218210361
583,0.36609105180533763
584,0.4025117739403453
585,0.45243328100470964
586,0.33469387755102037
587,0.4849293563579278
588,0.5427001569858712
589,0.36153846153846153
590,0.4409733124018839
591,0.489010989010989
592,0.41067503924646787
593,0.4448979591836735
594,0.2945054945054945
595,0.42103610675039244
596,0.47441130298273154
597,0.37456828885400306
598,0.3819466248037676
599,0.3500784929356358
600,0.33359497645211933
601,0.3298273155416013
602,0.3618524332810047
603,0.36718995290423867
604,0.3899529042386186
605,0.23751962323390893
606,0.31381475667189956
607,0.28555729984301415
608,0.41664050235478817
609,0.24992150706436425
610,0.4609105180533752
611,0.6056514913657772
612,0.3160125588697017
613,0.37582417582417577
614,0.43343799058084764
615,0.39670329670329674
616,0.4015698587127159
617,0.404552590266876
618,0.33485086342229203
619,0.307221350078493
620,0.38540031397174257
621,0.4257456828885401
622,0.3351648351648352
623,0.3183673469387755
624,0.22668759811616956
625,0.3949764521193093
626,0.29293563579277865
627,0.43704866562009415
628,0.42857142857142866
629,0.38963893249607534
630,0.3343799058084772
631,0.44662480376766095
632,0.3891679748822606
633,0.3400313971742543
634,0.3700156985871272
635,0.4130298273155416
636,0.3673469387755102
637,0.37127158555729994
638,0.4356357927786499
639,0.2960753532182103
640,0.323076923076923
641,0.3692307692307693
642,0.3976452119309261
643,0.3769230769230769
644,0.4383045525902669
645,0.3781789638932496
646,0.4949764521193093
647,0.2700156985871271
648,0.2874411302982732
649,0.3621664050235479
650,0.4006279434850864
651,0.4423861852433282
652,0.3634222919937206
653,0.35211930926216634
654,0.42072213500784933
655,0.40675039246467815
656,0.4084772370486656
657,0.443956043956044
658,0.37237048665620087
659,0.3518053375196232
660,0.4612244897959184
661,0.35604395604395606
662,0.36499215070643654
663,0.47409733124018844
664,0.29324960753532187
665,0.33908948194662475
666,0.3739403453689168
667,0.4744113029827316
668,0.3511773940345369
669,0.43328100470957626
670,0.3466248037676608
671,0.527629513343799
672,0.5547880690737833
673,0.41444270015698587
674,0.4739403453689169
675,0.3389324960753532
676,0.26907378335949766
677,0.497331240188383
678,0.3100470957613815
679,0.4001569858712716
680,0.3081632653061224
681,0.37488226059654634
682,0.3386185243328101
683,0.4726844583987441
684,0.25149136577708003
685,0.4199372056514914
686,0.3784929356357928
687,0.3744113029827316
688,0.31397174254317106
689,0.3524332810047096
690,0.39701726844583984
691,0.4453689167974883
692,0.3846153846153846
693,0.29120879120879123
694,0.31318681318681324
695,0.41020408163265315
696,0.37252747252747254
697,0.2819466248037677
698,0.3381475667189953
699,0.3489795918367347
700,0.34175824175824177
701,0.1532182103610675
702,0.40219780219780216
703,0.5885400313971744
704,0.2616954474097331
705,0.36954474097331236
706,0.48587127158555743
707,0.4907378335949764
708,0.3767660910518053
709,0.37111459968602833
710,0.3963893249607535
711,0.4571428571428572
712,0.5102040816326532
713,0.2924646781789639
714,0.3546310832025118
715,0.4240188383045526
716,0.5552590266875982
717,0.3469387755102041
718,0.41664050235478806
719,0.3706436420722135
720,0.3634222919937206
721,0.3638932496075353
722,0.38901098901098896
723,0.3281004709576138
724,0.30376766091051804
725,0.35337519623233915
726,0.3623233908948196
727,0.4194662480376766
728,0.3737833594976453
729,0.4163265306122449
730,0.4353218210361068
731,0.48697017268445847
732,0.404552590266876
733,0.3660910518053376
734,0.3764521193092622
735,0.43547880690737845
736,0.4610675039246468
737,0.3585557299843014
738,0.4020408163265306
739,0.26797488226059657
740,0.4734693877551021
741,0.3481946624803768
742,0.31130298273155416
743,0.3193092621664051
744,0.3888540031397173
745,0.2717425431711146
746,0.24725274725274726
747,0.36420722135007855
748,0.3500784929356358
749,0.3299843014128728
750,0.3135007849293564
751,0.3667189952904239
752,0.41051805337519615
753,0.29058084772370485
754,0.34960753532182115
755,0.3387755102040816
756,0.36216640502354785
757,0.3433281004709576
758,0.40941915227629516
759,0.46530612244897956
760,0.42998430141287275
761,0.4017268445839875
762,0.47158555729984303
763,0.3276295133437991
764,0.31114599686028255
765,0.4401883830455259
766,0.406122448979592
767,0.3924646781789639
768,0.26043956043956046
769,0.3902668759811617
770,0.3634222919937206
771,0.35102040816326524
772,0.3602825745682889
773,0.30094191522762953
774,0.3092621664050235
775,0.21051805337519625
776,0.3084772370486656
777,0.39183673469387753
778,0.3348508634222919
779,0.3563579277864993
780,0.4089481946624804
781,0.5521193092621663
782,0.36342229199372056
783,0.5130298273155416
784,0.47252747252747257
785,0.44693877551020417
786,0.4210361067503924
787,0.3976452119309263
788,0.2671899529042386
789,0.3927786499215071
790,0.3924646781789639
791,0.35886970172684457
792,0.3381475667189953
793,0.48131868131868133
794,0.3252747252747253
795,0.44160125588697025
796,0.3766091051805338
797,0.47551020408163264
798,0.3546310832025118
799,0.41507064364207213
800,0.33956043956043963
801,0.41397174254317115
802,0.4926216640502355
803,0.4417582417582418
804,0.3359497645211932
805,0.4073783359497646
806,0.44788069073783365
807,0.4357927786499215
808,0.29686028257456826
809,0.41145996860282574
810,0.34003139717425424
811,0.3361067503924647
812,0.3803767660910518
813,0.33045525902668765
814,0.32040816326530613
815,0.508320251177394
816,0.4262166405023548
817,0.36923076923076925
818,0.3361067503924647
819,0.37095761381475684
820,0.3500784929356358
821,0.2634222919937206
822,0.42480376766091055
823,0.3954474097331239
824,0.41365777080062793
825,0.3915227629513344
826,0.3976452119309261
827,0.41020408163265315
828,0.4795918367346939
829,0.38948194662480373
830,0.5031397174254317
831,0.3959183673469388
832,0.28383045525902667
833,0.3155416012558869
834,0.2500784929356358
835,0.4334379905808477
836,0.30172684458398746
837,0.45651491365777075
838,0.2675039246467818
839,0.32762951334379903
840,0.3310832025117739
841,0.47174254317111464
842,0.31585557299843015
843,0.47441130298273165
844,0.3949764521193093
845,0.48571428571428577
846,0.35886970172684457
847,0.3291993720565149
848,0.46828885400313974
849,0.44866562009419153
850,0.2813186813186813
851,0.2802197802197802
852,0.46985871271585555
853,0.34568288854003143
854,0.3572998430141287
855,0.49466248037676597
856,0.40863422291993723
857,0.25745682888540034
858,0.22480376766091056
859,0.44128728414442703
860,0.4211930926216641
861,0.35635792778649916
862,0.41569858712715846
863,0.4430141287284144
864,0.43312401883830465
865,0.521978021978022
866,0.3092621664050235
867,0.24646781789638933
868,0.3113029827315542
869,0.37629513343799054
870,0.3808477237048666
871,0.3306122448979592
872,0.5142857142857143
873,0.3047095761381476
874,0.43704866562009415
875,0.43186813186813194
876,0.3312401883830454
877,0.31475667189952905
878,0.42574568288854003
879,0.42511773940345376
880,0.31208791208791203
881,0.32715855572998426
882,0.3540031397174254
883,0.40219780219780227
884,0.5109890109890111
885,0.40423861852433285
886,0.40706436420722136
887,0.3984301412872842
888,0.39968602825745686
889,0.36671899529042395
890,0.27456828885400314
891,0.47001569858712716
892,0.32857142857142846
893,0.3324960753532182
894,0.42653061224489797
895,0.5645211930926216
896,0.4384615384615384
897,0.33422291993720565
898,0.2417582417582418
899,0.3789638932496075
900,0.3803767660910518
901,0.4634222919937205
902,0.30722135007849294
903,0.4010989010989011
904,0.3717425431711146
905,0.403767660910518
906,0.2934065934065934
907,0.35478806907378335
908,0.33406593406593416
909,0.37409733124018835
910,0.41098901098901097
911,0.4747252747252747
912,0.33861852433281003
913,0.4177394034536892
914,0.37142857142857144
915,0.46609105180533755
916,0.5116169544740974
917,0.45133437990580844
918,0.3847723704866562
919,0.42213500784929364
920,0.41522762951334385
921,0.3456828885400314
922,0.3340659340659341
923,0.44850863422292
924,0.4557299843014128
925,0.26483516483516484
926,0.4620094191522763
927,0.5061224489795918
928,0.4342229199372057
929,0.2733124018838305
930,0.34772370486656207
931,0.4048665620094191
932,0.38492935635792774
933,0.3913657770800628
934,0.4362637362637362
935,0.3279434850863422
936,0.37441130298273156
937,0.4243328100470957
938,0.3850863422291994
939,0.3612244897959184
940,0.44756671899529044
941,0.3979591836734694
942,0.4180533751962323
943,0.41852433281004703
944,0.3135007849293564
945,0.4122448979591838
946,0.34599686028257454
947,0.35400313971742536
948,0.2824175824175824
949,0.36718995290423856
950,0.39152276295133437
951,0.3957613814756672
952,0.3599686028257458
953,0.5510204081632654
954,0.437519623233909
955,0.3965463108320252
956,0.46970172684458394
957,0.4194662480376766
958,0.3114599686028257
959,0.449607535321821
960,0.3816326530612245
961,0.2901098901098901
962,0.5494505494505494
963,0.42747252747252745
964,0.3954474097331241
965,0.403767660910518
966,0.47299843014128723
967,0.3422291993720564
968,0.33061224489795915
969,0.3483516483516484
970,0.3554160125588696
971,0.28948194662480375
972,0.32370486656200936
973,0.33375196232339094
974,0.34725274725274724
975,0.3445839874411303
976,0.31302982731554163
977,0.39419152276295133
978,0.4048665620094191
979,0.3210361067503924
980,0.46703296703296715
981,0.34238618524332803
982,0.4092621664050236
983,0.47331240188383045
984,0.40989010989011004
985,0.26907378335949766
986,0.3401883830455259
987,0.37315541601255886
988,0.476138147566719
989,0.25745682888540034
990,0.40596546310832027
991,0.37095761381475656
992,0.3924646781789639
993,0.28194662480376775
994,0.2965463108320252
995,0.46043956043956047
996,0.32072213500784935
997,0.2646781789638933
998,0.47974882260596546
999,0.3728414442700157
1000,0.46938775510204084
1001,0.39701726844583984
1002,0.3092621664050236
1003,0.518210361067504
1004,0.29764521193092625
1005,0.38665620094191516
1006,0.3503924646781789
1007,0.3618524332810047
1008,0.41036106750392465
1009,0.31711145996860285
1010,0.28681318681318685
1011,0.3169544740973312
1012,0.4439560439560439
1013,0.3984301412872841
1014,0.33281004709576145
1015,0.3695447409733124
1016,0.3767660910518053
1017,0.4158555729984301
1018,0.3270015698587127
1019,0.36342229199372056
1020,0.26609105180533754
1021,0.40235478806907377
1022,0.29403453689167985
1023,0.4193092621664049
1024,0.24395604395604395
1025,0.42276295133437997
1026,0.2756671899529043
1027,0.2717425431711146
1028,0.3381475667189952
1029,0.4524332810047097
1030,0.38854003139717413
1031,0.40989010989010993
1032,0.4362637362637363
1033,0.3656200941915227
1034,0.42229199372056525
1035,0.31852433281004716
1036,0.44191522762951335
1037,0.3216640502354788
1038,0.343956043956044
1039,0.40706436420722136
1040,0.44285714285714295
1041,0.5671899529042387
1042,0.3543171114599687
1043,0.5075353218210362
1044,0.40204081632653066
1045,0.3635792778649921
1046,0.5436420722135008
1047,0.3905808477237048
1048,0.38649921507064366
1049,0.4131868131868132
1050,0.2902668759811617
1051,0.3839874411302984
1052,0.43359497645211936
1053,0.40439560439560435
1054,0.3637362637362637
1055,0.2514913657770801
1056,0.47346938775510206
1057,0.3745682888540031
1058,0.42888540031397177
1059,0.3130298273155416
1060,0.30894819466248036
1061,0.3350078492935636
1062,0.4053375196232339
1063,0.3896389324960753
1064,0.28304552590266874
1065,0.4919937205651492
1066,0.48398744113029835
1067,0.4020408163265306
1068,0.32951334379905817
1069,0.3152276295133439
1070,0.2646781789638932
1071,0.4689167974882261
1072,0.2664050235478807
1073,0.43359497645211925
1074,0.4649921507064364
1075,0.46138147566718996
1076,0.4054945054945054
1077,0.31350078492935635
1078,0.39073783359497655
1079,0.41773940345368915
1080,0.4350078492935636
1081,0.26279434850863426
1082,0.44992150706436435
1083,0.27990580847723706
1084,0.25290423861852435
1085,0.47974882260596546
1086,0.3494505494505495
1087,0.406436420722135
1088,0.5083202511773941
1089,0.3430141287284144
1090,0.42747252747252745
1091,0.3745682888540031
1092,0.31601255886970175
1093,0.38540031397174257
1094,0.3318681318681319
1095,0.47221350078492935
1096,0.3224489795918367
1097,0.38822605965463114
1098,0.33422291993720565
1099,0.44175824175824185
1100,0.3739403453689168
1101,0.3894819466248038
1102,0.28178963893249603
1103,0.3772370486656201
1104,0.3001569858712716
1105,0.3237048665620095
1106,0.35416012558869703
1107,0.3502354788069074
1108,0.4518053375196232
1109,0.4838304552590267
1110,0.42339089481946635
1111,0.4850863422291994
1112,0.3519623233908948
1113,0.4158555729984302
1114,0.44803767660910526
1115,0.37488226059654634
1116,0.40298273155416015
1117,0.5152276295133438
1118,0.2692307692307693
1119,0.4897959183673469
1120,0.31428571428571433
1121,0.39105180533751965
1122,0.3817896389324961
1123,0.37723704866562
1124,0.34646781789638936
1125,0.43485086342229196
1126,0.4298273155416013
1127,0.3346938775510204
1128,0.3144427001569859
1129,0.4028257456828885
1130,0.4725274725274725
1131,0.3676609105180534
1132,0.4291993720565149
1133,0.29073783359497646
1134,0.4124018838304552
1135,0.4320251177394035
1136,0.36609105180533746
1137,0.282574568288854
1138,0.36828885400313965
1139,0.3145996860282575
1140,0.5042386185243329
1141,0.254945054945055
1142,0.38335949764521204
1143,0.3679748822605965
1144,0.36012558869701733
1145,0.39670329670329674
1146,0.4849293563579277
1147,0.27284144427001567
1148,0.3205651491365778
1149,0.43406593406593413
1150,0.36640502354788074
1151,0.34756671899529046
1152,0.38461538461538464
1153,0.3492935635792778
1154,0.33940345368916797
1155,0.4062794348508635
1156,0.4047095761381477
1157,0.26703296703296703
1158,0.32150706436420723
1159,0.3279434850863422
1160,0.4930926216640504
1161,0.48084772370486656
1162,0.4050235478806908
1163,0.3403453689167975
1164,0.4563579277864992
1165,0.37142857142857144
1166,0.4375196232339089
1167,0.39073783359497644
1168,0.31930926216640504
1169,0.41836734693877553
1170,0.33877551020408164
1171,0.28665620094191524
1172,0.41004709576138143
1173,0.3321821036106751
1174,0.2910518053375197
1175,0.265934065934066
1176,0.43375196232339086
1177,0.38053375196232336
1178,0.398116169544741
1179,0.2786499215070644
1180,0.2675039246467818
1181,0.36656200941915223
1182,0.4640502354788069
1183,0.3299843014128728
1184,0.2850863422291993
1185,0.3687598116169545
1186,0.3689167974882261
1187,0.5894819466248038
1188,0.45117739403453694
1189,0.2863422291993721
1190,0.48116169544740967
1191,0.36483516483516487
1192,0.31444270015698594
1193,0.29874411302982734
1194,0.40863422291993723
1195,0.5092621664050235
1196,0.3527472527472528
1197,0.5497645211930926
1198,0.3725274725274725
1199,0.3040816326530612
1200,0.5194662480376765
1201,0.2827315541601256
1202,0.4287284144427002
1203,0.27331240188383044
1204,0.3576138147566719
1205,0.4712715855572998
1206,0.4375196232339089
1207,0.38995290423861856
1208,0.41522762951334385
1209,0.3601255886970173
1210,0.3803767660910519
1211,0.2799058084772371
1212,0.5414442700156986
1213,0.49811616954474097
1214,0.2995290423861852
1215,0.4762951334379906
1216,0.4621664050235479
1217,0.2766091051805338
1218,0.4167974882260596
1219,0.4191522762951334
1220,0.36781789638932494
1221,0.3951334379905808
1222,0.4023547880690739
1223,0.4086342229199373
1224,0.5064364207221349
1225,0.3483516483516484
1226,0.330298273155416
1227,0.419309262166405
1228,0.40078492935635796
1229,0.27425431711146003
1230,0.543171114599686
1231,0.3835164835164835
1232,0.35070643642072213
1233,0.42967032967032964
1234,0.4623233908948195
1235,0.46766091051805336
1236,0.2634222919937206
1237,0.42527472527472526
1238,0.5073783359497644
1239,0.4594976452119309
1240,0.29858712715855573
1241,0.3902668759811617
1242,0.33155416012558875
1243,0.298901098901099
1244,0.23155416012558874
1245,0.46891679748822607
1246,0.33626373626373623
1247,0.4237048665620094
1248,0.4998430141287284
1249,0.37739403453689174
1250,0.36718995290423856
1251,0.48226059654631087
1252,0.5544740973312402
1253,0.49246467817896394
1254,0.3695447409733124
1255,0.31962323390894815
1256,0.2990580847723705
1257,0.5400313971742543
1258,0.4778649921507064
1259,0.30769230769230765
1260,0.3893249607535322
1261,0.33076923076923087
1262,0.35463108320251174
1263,0.3166405023547881
1264,0.423861852433281
1265,0.4993720565149137
1266,0.4514913657770801
1267,0.3474097331240188
1268,0.4596546310832025
1269,0.3814756671899529
1270,0.33281004709576145
1271,0.3722135007849294
1272,0.3995290423861853
1273,0.31915227629513343
1274,0.3383045525902668
1275,0.37017268445839874
1276,0.46766091051805336
1277,0.42605965463108314
1278,0.37456828885400323
1279,0.4216640502354788
1280,0.3766091051805338
1281,0.3321821036106751
1282,0.3164835164835166
1283,0.30973312401883835
1284,0.33343799058084783
1285,0.2521193092621664
1286,0.27425431711146003
1287,0.3799058084772371
1288,0.4616954474097332
1289,0.3904238618524332
1290,0.37912087912087916
1291,0.3427001569858713
1292,0.43014128728414436
1293,0.38477237048665625
1294,0.5291993720565149
1295,0.32448979591836735
1296,0.4138147566718996
1297,0.2565149136577708
1298,0.40518053375196234
1299,0.4461538461538462
1300,0.34458398744113033
1301,0.4150706436420722
1302,0.39858712715855577
1303,0.27346938775510204
1304,0.4943485086342229
1305,0.4605965463108321
1306,0.32464678178963896
1307,0.3653061224489796
1308,0.34128728414442705
1309,0.3361067503924646
1310,0.4921507064364207
1311,0.4130298273155416
1312,0.3638932496075352
1313,0.5229199372056514
1314,0.402668759811617
1315,0.4849293563579278
1316,0.4197802197802198
1317,0.3616954474097331
1318,0.228414442700157
1319,0.3014128728414443
1320,0.3328100470957614
1321,0.42653061224489797
1322,0.3372056514913657
1323,0.32496075353218207
1324,0.31208791208791203
1325,0.34568288854003143
1326,0.17519623233908943
1327,0.2938775510204082
1328,0.34552590266875977
1329,0.35086342229199374
1330,0.3310832025117739
1331,0.3649921507064365
1332,0.3729984301412873
1333,0.40832025117739407
1334,0.5034536891679748
1335,0.36326530612244895
1336,0.3023547880690738
1337,0.5166405023547881
1338,0.43249607535321827
1339,0.34662480376766097
1340,0.2748822605965463
1341,0.35117739403453685
1342,0.2783359497645212
1343,0.4841444270015699
1344,0.4320251177394035
1345,0.403767660910518
1346,0.2973312401883831
1347,0.3684458398744113
1348,0.4279434850863423
1349,0.4051805337519623
1350,0.37409733124018835
1351,0.33657770800627945
1352,0.41051805337519615
1353,0.46075353218210363
1354,0.28100470957613816
1355,0.3866562009419153
1356,0.40643642072213504
1357,0.42621664050235486
1358,0.31930926216640504
1359,0.3751962323390895
1360,0.3872841444270016
1361,0.3692307692307693
1362,0.28948194662480375
1363,0.41287284144426994
1364,0.37974882260596543
1365,0.38178963893249607
1366,0.25180533751962325
1367,0.3205651491365777
1368,0.4343799058084773
1369,0.35368916797488226
1370,0.40156985871271583
1371,0.4248037676609106
1372,0.3758241758241758
1373,0.42857142857142866
1374,0.37378335949764524
1375,0.26891679748822606
1376,0.427629513343799
1377,0.3403453689167975
1378,0.282574568288854
1379,0.434065934065934
1380,0.4020408163265306
1381,0.39262166405023546
1382,0.34693877551020413
1383,0.6481946624803768
1384,0.35023547880690736
1385,0.2711145996860283
1386,0.34850863422291994
1387,0.3984301412872842
1388,0.4417582417582417
1389,0.4070643642072214
1390,0.4357927786499215
1391,0.3952904238618524
1392,0.3516483516483517
1393,0.3891679748822607
1394,0.3648351648351648
1395,0.41004709576138143
1396,0.4080062794348508
1397,0.2789638932496075
1398,0.45808477237048667
1399,0.4108320251177394
1400,0.5260596546310833
1401,0.4505494505494506
1402,0.4459968602825746
1403,0.3621664050235479
1404,0.4370486656200942
1405,0.4417582417582418
1406,0.3648351648351648
1407,0.39340659340659345
1408,0.2879120879120879
1409,0.4219780219780219
1410,0.4039246467817896
1411,0.3491365777080063
1412,0.3262166405023548
1413,0.39544740973312403
1414,0.3808477237048666
1415,0.336734693877551
1416,0.43987441130298277
1417,0.39387755102040817
1418,0.4483516483516484
1419,0.27331240188383044
1420,0.48006279434850857
1421,0.5111459968602825
1422,0.5216640502354787
1423,0.3778649921507065
1424,0.3263736263736264
1425,0.3635792778649921
1426,0.33594976452119313
1427,0.4064364207221351
1428,0.41271585557299845
1429,0.4183673469387754
1430,0.3623233908948196
1431,0.4080062794348508
1432,0.3428571428571429
1433,0.33877551020408164
1434,0.35321821036106743
1435,0.39811616954474094
1436,0.35431711145996864
1437,0.3089481946624803
1438,0.3643642072213501
1439,0.44364207221350077
1440,0.27912087912087913
1441,0.3565149136577708
1442,0.34568288854003143
1443,0.3351648351648352
1444,0.39356357927786506
1445,0.2819466248037677
1446,0.3963893249607535
1447,0.3216640502354788
1448,0.30439560439560437
1449,0.5105180533751963
1450,0.2744113029827316
1451,0.40832025117739407
1452,0.28540031397174254
1453,0.40235478806907377
1454,0.33422291993720565
1455,0.37974882260596543
1456,0.33045525902668765
1457,0.345839874411303
1458,0.35274725274725277
1459,0.3711145996860283
1460,0.4967032967032967
1461,0.36012558869701733
1462,0.359497645211931
1463,0.298116169544741
1464,0.428414442700157
1465,0.40156985871271583
1466,0.4827315541601256
1467,0.41145996860282574
1468,0.3075353218210361
1469,0.3613814756671899
1470,0.44960753532182096
1471,0.4161695447409733
1472,0.285243328100471
1473,0.33312401883830456
1474,0.3717425431711146
1475,0.35541601255886973
1476,0.41805337519623237
1477,0.46923076923076923
1478,0.35886970172684457
1479,0.5822605965463108
1480,0.4167974882260597
1481,0.4379905808477237
1482,0.25934065934065936
1483,0.44866562009419153
1484,0.38367346938775515
1485,0.2984301412872842
1486,0.3389324960753532
1487,0.37974882260596543
1488,0.38869701726844585
1489,0.41287284144427
1490,0.2850863422291994
1491,0.44803767660910515
1492,0.5262166405023547
1493,0.3648351648351648
1494,0.2766091051805338
1495,0.3872841444270016
1496,0.27990580847723706
1497,0.32951334379905806
1498,0.13202511773940348
1499,0.356828885400314
1500,0.3967032967032967
1501,0.42888540031397177
1502,0.4784929356357927
1503,0.3505494505494505
1504,0.2513343799058085
1505,0.4263736263736263
1506,0.37660910518053375
1507,0.4626373626373626
1508,0.4601255886970172
1509,0.3934065934065934
1510,0.3861852433281005
1511,0.29042386185243324
1512,0.3230769230769231
1513,0.4901098901098901
1514,0.44866562009419153
1515,0.4003139717425432
1516,0.4769230769230769
1517,0.3089481946624804
1518,0.230298273155416
1519,0.4014128728414443
1520,0.2971742543171114
1521,0.3902668759811618
1522,0.46185243328100467
1523,0.3634222919937206
1524,0.4590266875981162
1525,0.31098901098901105
1526,0.3359497645211932
1527,0.34442700156985867
1528,0.2392464678178964
1529,0.3601255886970172
1530,0.34411302982731545
1531,0.44725274725274733
1532,0.26671899529042387
1533,0.46703296703296704
1534,0.3381475667189953
1535,0.32951334379905806
1536,0.47362637362637366
1537,0.43563579277864994
1538,0.42574568288854003
1539,0.37189952904238616
1540,0.3227629513343799
1541,0.31098901098901105
1542,0.40439560439560446
1543,0.3433281004709577
1544,0.40470957613814756
1545,0.32825745682888535
1546,0.34364207221350085
1547,0.22448979591836735
1548,0.434065934065934
1549,0.31098901098901094
1550,0.3938775510204082
1551,0.359811616954474
1552,0.3461538461538461
1553,0.42731554160125584
1554,0.4582417582417583
1555,0.37394034536891685
1556,0.4717425431711146
1557,0.3505494505494506
1558,0.3751962323390895
1559,0.35996860282574566
1560,0.33437990580847726
1561,0.3213500784929356
1562,0.2560439560439561
1563,0.40863422291993723
1564,0.2673469387755102
1565,0.4171114599686029
1566,0.37378335949764513
1567,0.33532182103610675
1568,0.3725274725274725
1569,0.36954474097331236
1570,0.4811616954474098
1571,0.3957613814756672
1572,0.436734693877551
1573,0.38681318681318677
1574,0.42951334379905814
1575,0.4572998430141288
1576,0.4020408163265306
1577,0.29403453689167974
1578,0.40753532182103613
1579,0.4518053375196232
1580,0.41271585557299845
1581,0.5004709576138148
1582,0.4211930926216641
1583,0.4445839874411303
1584,0.3687598116169544
1585,0.39199372056514914
1586,0.4838304552590268
1587,0.3142857142857142
1588,0.33014128728414444
1589,0.3824175824175824
1590,0.35588697017268445
1591,0.5263736263736264
1592,0.3970172684458398
1593,0.412087912087912
1594,0.36891679748822603
1595,0.4874411302982731
1596,0.45431711145996856
1597,0.22810047095761382
1598,0.3626373626373626
1599,0.363265306122449
1600,0.43014128728414447
1601,0.4249607535321821
1602,0.3800627943485086
1603,0.44850863422291987
1604,0.3736263736263736
1605,0.3949764521193094
1606,0.3271585557299842
1607,0.33265306122448973
1608,0.44364207221350077
1609,0.35070643642072213
1610,0.4390894819466248
1611,0.27111459968602825
1612,0.4383045525902669
1613,0.4361067503924647
1614,0.4637362637362637
1615,0.3891679748822607
1616,0.5535321821036108
1617,0.44615384615384623
1618,0.4714285714285715
1619,0.3516483516483517
1620,0.3401883830455259
1621,0.44960753532182096
1622,0.3114599686028257
1623,0.38665620094191533
1624,0.4353218210361068
1625,0.3233908948194663
1626,0.3951334379905809
1627,0.3152276295133438
1628,0.3166405023547881
1629,0.4858712715855574
1630,0.4381475667189953
1631,0.37095761381475667
1632,0.2976452119309262
1633,0.2538461538461539
1634,0.3530612244897959
1635,0.34693877551020413
1636,0.3182103610675039
1637,0.39167974882260603
1638,0.4036106750392466
1639,0.41161695447409735
1640,0.28712715855572996
1641,0.40957613814756677
1642,0.5116169544740973
1643,0.47284144427001573
1644,0.2813186813186814
1645,0.4687598116169545
1646,0.48791208791208796
1647,0.31569858712715854
1648,0.41836734693877553
1649,0.3431711145996861
1650,0.42825745682888544
1651,0.3822605965463108
1652,0.29999999999999993
1653,0.42370486656200945
1654,0.44662480376766095
1655,0.31302982731554163
1656,0.40784929356357935
1657,0.4226059654631083
1658,0.3739403453689168
1659,0.27598116169544745
1660,0.4171114599686028
1661,0.35494505494505496
1662,0.41459968602825753
1663,0.42825745682888544
1664,0.3692307692307693
1665,0.44270015698587134
1666,0.4298273155416013
1667,0.29748822605965464
1668,0.3390894819466248
1669,0.33029827315541604
1670,0.29419152276295135
1671,0.3503924646781789
1672,0.26781789638932496
1673,0.3579277864992151
1674,0.30941915227629524
1675,0.3167974882260597
1676,0.34175824175824177
1677,0.34662480376766097
1678,0.5048665620094192
1679,0.5458398744113031
1680,0.4141287284144427
1681,0.5255886970172684
1682,0.3841444270015698
1683,0.30659340659340656
1684,0.3612244897959184
1685,0.39372056514913656
1686,0.4259026687598117
1687,0.4243328100470957
1688,0.444740973312402
1689,0.2827315541601256
1690,0.38414442700156987
1691,0.3803767660910518
1692,0.36687598116169556
1693,0.29999999999999993
1694,0.4467817896389325
1695,0.3436420722135008
1696,0.4087912087912088
1697,0.4792778649921507
1698,0.4638932496075353
1699,0.3897959183673469
1700,0.3770800627943486
1701,0.2937205651491365
1702,0.37755102040816324
1703,0.36938775510204086
1704,0.4973312401883831
1705,0.5045525902668759
1706,0.2332810047095762
1707,0.18571428571428572
1708,0.43799058084772374
1709,0.31381475667189956
1710,0.3938775510204081
1711,0.30659340659340656
1712,0.4097331240188383
1713,0.39748822605965456
1714,0.4309262166405024
1715,0.3653061224489796
1716,0.28320251177394035
1717,0.4122448979591837
1718,0.4558869701726845
1719,0.41004709576138143
1720,0.38021978021978015
1721,0.3828885400313972
1722,0.35196232339089484
1723,0.32810047095761385
1724,0.42810047095761383
1725,0.5094191522762952
1726,0.5039246467817896
1727,0.38744113029827304
1728,0.45761381475667184
1729,0.34725274725274724
1730,0.38634222919937206
1731,0.39010989010989006
1732,0.26059654631083207
1733,0.506436420722135
1734,0.2469387755102041
1735,0.39183673469387764
1736,0.2934065934065934
1737,0.4004709576138148
1738,0.46138147566719
1739,0.38367346938775515
1740,0.4927786499215071
1741,0.343171114599686
1742,0.47080062794348504
1743,0.28037676609105183
1744,0.33422291993720565
1745,0.3875981161695447
1746,0.3180533751962323
1747,0.2808477237048665
1748,0.4373626373626374
1749,0.43328100470957615
1750,0.3927786499215071
1751,0.36091051805337526
1752,0.2317111459968603
1753,0.45447409733124017
1754,0.34992150706436426
1755,0.4508634222919938
1756,0.2122448979591837
1757,0.42527472527472526
1758,0.4616954474097331
1759,0.42166405023547876
1760,0.46436420722135
1761,0.3364207221350079
1762,0.2836734693877551
1763,0.40580847723704866
1764,0.34191522762951326
1765,0.327629513343799
1766,0.41993720565149134
1767,0.31554160125588704
1768,0.29215070643642077
1769,0.4309262166405023
1770,0.31287284144427
1771,0.30910518053375197
1772,0.373469387755102
1773,0.39670329670329674
1774,0.39105180533751965
1775,0.4091051805337519
1776,0.45368916797488223
1777,0.5265306122448979
1778,0.34960753532182104
1779,0.48053375196232334
1780,0.2912087912087912
1781,0.49136577708006285
1782,0.34772370486656207
1783,0.382574568288854
1784,0.43814756671899524
1785,0.3081632653061224
1786,0.2679748822605965
1787,0.3844583987441131
1788,0.22762951334379908
1789,0.41397174254317104
1790,0.4773940345368918
1791,0.2580847723704866
1792,0.37943485086342227
1793,0.358712715855573
1794,0.3967032967032967
1795,0.34803767660910523
1796,0.36405023547880694
1797,0.4750392464678179
1798,0.48634222919937203
1799,0.30062794348508637
1800,0.4800627943485086
1801,0.35070643642072213
1802,0.41240188383045534
1803,0.38649921507064366
1804,0.35729984301412887
1805,0.32668759811616954
1806,0.29576138147566716
1807,0.40329670329670325
1808,0.5045525902668759
1809,0.3901098901098901
1810,0.3073783359497645
1811,0.5092621664050238
1812,0.402668759811617
1813,0.4521193092621663
1814,0.5048665620094192
1815,0.36718995290423867
1816,0.41114599686028264
1817,0.5456828885400313
1818,0.3557299843014129
1819,0.28037676609105183
1820,0.3770800627943485
1821,0.39010989010989017
1822,0.3508634222919937
1823,0.345839874411303
1824,0.37017268445839874
1825,0.4056514913657771
1826,0.25824175824175827
1827,0.41161695447409735
1828,0.28492935635792777
1829,0.1811616954474098
1830,0.36232339089481946
1831,0.34960753532182093
1832,0.36656200941915223
1833,0.3767660910518054
1834,0.4243328100470958
1835,0.37189952904238616
1836,0.44678178963893256
1837,0.3808477237048665
1838,0.30941915227629513
1839,0.5255886970172685
1840,0.28744113029827323
1841,0.30502354788069075
1842,0.2952904238618524
1843,0.4576138147566718
1844,0.35211930926216645
1845,0.32794348508634225
1846,0.25007849293563583
1847,0.4191522762951335
1848,0.3634222919937206
1849,0.35808477237048664
1850,0.40643642072213504
1851,0.36923076923076925
1852,0.33532182103610675
1853,0.40643642072213504
1854,0.27519623233908946
1855,0.43359497645211936
1856,0.4340659340659342
1857,0.332967032967033
1858,0.39780219780219783
1859,0.38602825745682884
1860,0.46671899529042393
1861,0.5403453689167975
1862,0.30423861852433287
1863,0.2607535321821036
1864,0.368602825745683
1865,0.326530612244898
1866,0.4012558869701727
1867,0.282574568288854
1868,0.27174254317111457
1869,0.34442700156985867
1870,0.4695447409733124
1871,0.4196232339089482
1872,0.31098901098901105
1873,0.39890109890109887
1874,0.3411302982731554
1875,0.29466248037676607
1876,0.4160125588697018
1877,0.4351648351648351
1878,0.27990580847723706
1879,0.4014128728414443
1880,0.39591836734693875
1881,0.383359497645212
1882,0.5626373626373626
1883,0.3708006279434851
1884,0.38241758241758245
1885,0.3664050235478807
1886,0.482574568288854
1887,0.46562009419152267
1888,0.26875981161695445
1889,0.44536891679748825
1890,0.2577708006279435
1891,0.42872841444270027
1892,0.27142857142857146
1893,0.3742543171114599
1894,0.3232339089481946
1895,0.37362637362637363
1896,0.2919937205651491
1897,0.3240188383045526
1898,0.4401883830455259
1899,0.3844583987441131
1900,0.42291993720565146
1901,0.2571428571428571
1902,0.3320251177394035
1903,0.5188383045525903
1904,0.37299843014128736
1905,0.2968602825745683
1906,0.3491365777080063
1907,0.3572998430141288
1908,0.4654631083202512
1909,0.3773940345368917
1910,0.3461538461538462
1911,0.33422291993720565
1912,0.40047095761381474
1913,0.49199372056514923
1914,0.3453689167974882
1915,0.41020408163265304
1916,0.3832025117739403
1917,0.41459968602825753
1918,0.4359497645211931
1919,0.5009419152276295
1920,0.3585557299843014
1921,0.35431711145996864
1922,0.3
1923,0.46546310832025123
1924,0.41271585557299845
1925,0.39481946624803765
1926,0.3645211930926217
1927,0.3339089481946625
1928,0.2505494505494505
1929,0.4794348508634223
1930,0.4351648351648351
1931,0.4306122448979592
1932,0.4758241758241758
1933,0.473469387755102
1934,0.22857142857142862
1935,0.41773940345368915
1936,0.2662480376766091
1937,0.39026687598116166
1938,0.3070643642072214
1939,0.40863422291993723
1940,0.27598116169544745
1941,0.3596546310832025
1942,0.24945054945054945
1943,0.4620094191522764
1944,0.3062794348508634
1945,0.285243328100471
1946,0.5353218210361067
1947,0.3643642072213501
1948,0.330298273155416
1949,0.436734693877551
1950,0.41020408163265304
1951,0.269701726844584
1952,0.26624803767660915
1953,0.4514913657770801
1954,0.30879120879120875
1955,0.25698587127158556
1956,0.3610675039246468
1957,0.3009419152276296
1958,0.2995290423861853
1959,0.450392464678179
1960,0.46891679748822607
1961,0.4557299843014129
1962,0.41145996860282574
1963,0.271585557299843
1964,0.3792778649921507
1965,0.2536891679748822
1966,0.5113029827315542
1967,0.46263736263736266
1968,0.40769230769230763
1969,0.380690737833595
1970,0.4970172684458399
1971,0.3524332810047096
1972,0.3158555729984301
1973,0.34788069073783356
1974,0.340502354788069
1975,0.4095761381475667
1976,0.44489795918367353
1977,0.4244897959183674
1978,0.3218210361067504
1979,0.43029827315541597
1980,0.3821036106750393
1981,0.37660910518053375
1982,0.2558869701726845
1983,0.3811616954474097
1984,0.3822605965463108
1985,0.30989010989010995
1986,0.3270015698587127
1987,0.30470957613814764
1988,0.5648351648351648
1989,0.3213500784929356
1990,0.27519623233908946
1991,0.29073783359497646
1992,0.4240188383045526
1993,0.4323390894819466
1994,0.3047095761381476
1995,0.2766091051805337
1996,0.3362637362637363
1997,0.44458398744113026
1998,0.48932496075353216
1999,0.3237048665620094
2000,0.41020408163265304
2001,0.3956043956043956
2002,0.3948194662480376
2003,0.4998430141287285
2004,0.3949764521193092
2005,0.3196232339089482
2006,0.38963893249607534
2007,0.4518053375196232
2008,0.36153846153846153
2009,0.4703296703296703
2010,0.33045525902668765
2011,0.5215070643642072
2012,0.47080062794348515
2013,0.40910518053375206
2014,0.39560439560439564
2015,0.38383045525902676
2016,0.3857142857142857
2017,0.42747252747252745
2018,0.5111459968602826
2019,0.3649921507064365
2020,0.3218210361067504
2021,0.44882260596546314
2022,0.42982731554160125
2023,0.39717425431711145
2024,0.5483516483516483
2025,0.4106750392464678
2026,0.44364207221350077
2027,0.3706436420722135
2028,0.2514913657770801
2029,0.488226059654631
2030,0.3474097331240188
2031,0.43547880690737834
2032,0.3503924646781789
2033,0.23563579277864993
2034,0.33108320251177403
2035,0.27974882260596545
2036,0.34897959183673466
2037,0.43751962323390897
2038,0.2783359497645212
2039,0.3883830455259027
2040,0.34882260596546305
2041,0.4408163265306123
2042,0.4474097331240189
2043,0.413657770800628
2044,0.3995290423861852
2045,0.3420722135007849
2046,0.32653061224489793
2047,0.391679748822606
2048,0.3533751962323391
2049,0.37880690737833606
2050,0.4428571428571429
2051,0.28555729984301415
2052,0.29058084772370485
2053,0.33233908948194657
2054,0.48131868131868133
2055,0.23783359497645212
2056,0.3755102040816326
2057,0.47158555729984303
2058,0.5136577708006279
2059,0.385557299843014
2060,0.43673469387755104
2061,0.36483516483516487
2062,0.2819466248037677
2063,0.3822605965463108
2064,0.39152276295133437
2065,0.3698587127158556
2066,0.3149136577708006
2067,0.5315541601255888
2068,0.5193092621664049
2069,0.44788069073783354
2070,0.40156985871271583
2071,0.4554160125588698
2072,0.3605965463108321
2073,0.43406593406593413
2074,0.3594976452119309
2075,0.3156985871271586
2076,0.2726844583987441
2077,0.48901098901098905
2078,0.2602825745682888
2079,0.4182103610675039
2080,0.3378335949764521
2081,0.41868131868131864
2082,0.5050235478806907
2083,0.5244897959183674
2084,0.25745682888540034
2085,0.35588697017268445
2086,0.3194662480376766
2087,0.3698587127158556
2088,0.4062794348508634
2089,0.3436420722135009
2090,0.4800627943485086
2091,0.5003139717425431
2092,0.4095761381475667
2093,0.31130298273155427
2094,0.4452119309262167
2095,0.35149136577708007
2096,0.30753532182103616
2097,0.36703296703296706
2098,0.2913657770800628
2099,0.4003139717425432
2100,0.34678178963893247
2101,0.4612244897959184
2102,0.33547880690737836
2103,0.28100470957613816
2104,0.3103610675039246
2105,0.48665620094191525
2106,0.2956043956043956
2107,0.4094191522762952
2108,0.3868131868131868
2109,0.4312401883830455
2110,0.31695447409733124
2111,0.373469387755102
2112,0.4645211930926217
2113,0.22244897959183674
2114,0.3551020408163265
2115,0.40219780219780216
2116,0.37598116169544743
2117,0.2588697017268446
2118,0.3177394034536891
2119,0.33893249607535314
2120,0.3425431711145996
2121,0.5047095761381474
2122,0.33265306122448984
2123,0.42888540031397165
2124,0.4317111459968603
2125,0.27158555729984296
2126,0.3927786499215071
2127,0.3370486656200942
2128,0.3405023547880691
2129,0.3602825745682888
2130,0.43563579277864994
2131,0.3191522762951334
2132,0.26436420722135007
2133,0.356043956043956
2134,0.29026687598116174
2135,0.3623233908948195
2136,0.6224489795918368
2137,0.3416012558869702
2138,0.3740973312401884
2139,0.3339089481946625
2140,0.3379905808477237
2141,0.4331240188383046
2142,0.39701726844583984
2143,0.30549450549450546
2144,0.4533751962323391
2145,0.3794348508634223
2146,0.41287284144427
2147,0.2959183673469387
2148,0.43500784929356356
2149,0.4362637362637363
2150,0.4894819466248038
2151,0.37645211930926215
2152,0.3459968602825746
2153,0.39607535321821036
2154,0.44301412872841445
2155,0.4114599686028257
2156,0.3497645211930926
2157,0.3927786499215071
2158,0.38995290423861856
2159,0.4359497645211931
2160,0.40706436420722136
2161,0.3910518053375197
2162,0.31852433281004705
2163,0.3227629513343799
2164,0.38775510204081626
2165,0.4193092621664049
2166,0.28178963893249603
2167,0.3629513343799059
2168,0.37535321821036105
2169,0.4982731554160125
2170,0.36405023547880694
2171,0.31004709576138145
2172,0.3902668759811617
2173,0.39780219780219783
2174,0.303767660910518
2175,0.3051805337519623
2176,0.37535321821036105
2177,0.53861852433281
2178,0.37833594976452123
2179,0.43657770800627943
2180,0.29089481946624807
2181,0.4229199372056516
2182,0.373469387755102
2183,0.38508634222919946
2184,0.46703296703296704
2185,0.45525902668759816
2186,0.3026687598116169
2187,0.41978021978021973
2188,0.36436420722135004
2189,0.4453689167974883
2190,0.35211930926216645
2191,0.31208791208791214
2192,0.4171114599686027
2193,0.22668759811616956
2194,0.42888540031397165
2195,0.3240188383045525
2196,0.28602825745682886
2197,0.3025117739403454
2198,0.2949764521193093
2199,0.3940345368916797
2200,0.35321821036106743
2201,0.3673469387755102
2202,0.31459968602825744
2203,0.3436420722135008
2204,0.3427001569858713
2205,0.3226059654631084
2206,0.3023547880690738
2207,0.48273155416012564
2208,0.3464678178963893
2209,0.3849293563579278
2210,0.34050235478806895
2211,0.4171114599686029
2212,0.46357927786499215
2213,0.3102040816326531
2214,0.43171114599686033
2215,0.38508634222919935
2216,0.4883830455259027
2217,0.39105180533751954
2218,0.398116169544741
2219,0.5572998430141286
2220,0.4183673469387754
2221,0.3075353218210361
2222,0.46122448979591846
2223,0.4169544740973312
2224,0.3540031397174254
2225,0.4777080062794349
2226,0.36640502354788074
2227,0.41475667189952903
2228,0.5043956043956044
2229,0.3968602825745683
2230,0.44850863422292003
2231,0.4163265306122449
2232,0.40361067503924647
2233,0.3868131868131868
2234,0.36624803767660913
2235,0.3722135007849294
2236,0.5483516483516484
2237,0.19560439560439563
2238,0.3051805337519623
2239,0.23830455259026692
2240,0.3857142857142857
2241,0.25745682888540034
2242,0.30627943485086334
2243,0.30486656200941914
2244,0.3839874411302983
2245,0.3974882260596546
2246,0.3361067503924647
2247,0.3478806907378337
2248,0.36609105180533746
2249,0.41240188383045534
2250,0.3208791208791209
2251,0.32747252747252753
2252,0.306436420722135
2253,0.4204081632653061
2254,0.39560439560439564
2255,0.4053375196232339
2256,0.45117739403453694
2257,0.35102040816326535
2258,0.4547880690737834
2259,0.4189952904238618
2260,0.3230769230769231
2261,0.4059654631083202
2262,0.48712715855572997
2263,0.21177394034536892
2264,0.4821036106750393
2265,0.2750392464678179
2266,0.3324960753532183
2267,0.4156985871271586
2268,0.2681318681318682
2269,0.2591836734693878
2270,0.24740973312401882
2271,0.5150706436420722
2272,0.43045525902668763
2273,0.4232339089481947
2274,0.43437990580847724
2275,0.4808477237048665
2276,0.3211930926216641
2277,0.2978021978021978
2278,0.4320251177394034
2279,0.23485086342229197
2280,0.36216640502354785
2281,0.4219780219780221
2282,0.39654631083202513
2283,0.27284144427001567
2284,0.27064364207221353
2285,0.37331240188383047
2286,0.2772370486656201
2287,0.3832025117739404
2288,0.3897959183673469
2289,0.4414442700156986
2290,0.3627943485086342
2291,0.34270015698587125
2292,0.34301412872841447
2293,0.41522762951334385
2294,0.5368916797488226
2295,0.3596546310832025
2296,0.330298273155416
2297,0.2698587127158556
2298,0.28618524332810047
2299,0.4142857142857143
2300,0.47519623233908953
2301,0.37770800627943485
2302,0.37064364207221345
2303,0.3637362637362638
2304,0.321978021978022
2305,0.2583987441130299
2306,0.33029827315541593
2307,0.4540031397174254
2308,0.46467817896389324
2309,0.38869701726844585
2310,0.45745682888540035
2311,0.5111459968602825
2312,0.4047095761381475
2313,0.3433281004709576
2314,0.465934065934066
2315,0.3708006279434851
2316,0.4723704866562009
2317,0.19952904238618527
2318,0.47174254317111464
2319,0.33202511773940346
2320,0.3924646781789639
2321,0.42103610675039244
2322,0.358712715855573
2323,0.26875981161695445
2324,0.3697017268445841
2325,0.2968602825745683
2326,0.46656200941915227
2327,0.3202511773940345
2328,0.4313971742543172
2329,0.36593406593406597
2330,0.3422291993720566
2331,0.3708006279434851
2332,0.29167974882260594
2333,0.37080062794348506
2334,0.27708006279434855
2335,0.37864992150706434
2336,0.43877551020408173
2337,0.42229199372056525
2338,0.37519623233908955
2339,0.321978021978022
2340,0.48885400313971744
2341,0.37158555729984305
2342,0.35588697017268445
2343,0.267817896389325
2344,0.33689167974882256
2345,0.1880690737833595
2346,0.28540031397174254
2347,0.3992150706436421
2348,0.3423861852433281
2349,0.42653061224489797
2350,0.3731554160125589
2351,0.44835164835164826
2352,0.3703296703296703
2353,0.46483516483516485
2354,0.3631083202511774
2355,0.3929356357927786
2356,0.4328100470957614
2357,0.4185243328100471
2358,0.38649921507064366
2359,0.5507064364207221
2360,0.3562009419152278
2361,0.36907378335949764
2362,0.3353218210361067
2363,0.35604395604395606
2364,0.4323390894819467
2365,0.4056514913657771
2366,0.3248037676609105
2367,0.2833594976452119
2368,0.4208791208791208
2369,0.3130298273155417
2370,0.43908948194662484
2371,0.37660910518053375
2372,0.3196232339089482
2373,0.36797488226059655
2374,0.39419152276295133
2375,0.37927786499215077
2376,0.36938775510204086
2377,0.3547880690737834
2378,0.4078492935635793
2379,0.23124018838304553
2380,0.4083202511773941
2381,0.4241758241758243
2382,0.3996860282574568
2383,0.37080062794348506
2384,0.23029827315541604
2385,0.48838304552590267
2386,0.38806907378335953
2387,0.32935635792778645
2388,0.3144427001569859
2389,0.3759811616954475
2390,0.3480376766091052
2391,0.4711145996860283
2392,0.38791208791208787
2393,0.3662480376766092
2394,0.31993720565149136
2395,0.3915227629513343
2396,0.40470957613814756
2397,0.3653061224489795
2398,0.5136577708006279
2399,0.26248037676609104
2400,0.3513343799058085
2401,0.2938775510204082
2402,0.33657770800627945
2403,0.44788069073783354
2404,0.3298273155416013
2405,0.3574568288854003
2406,0.323861852433281
2407,0.3957613814756672
2408,0.34285714285714286
2409,0.4089481946624804
2410,0.2583987441130298
2411,0.4135007849293563
2412,0.3904238618524332
2413,0.423861852433281
2414,0.5342229199372056
2415,0.34050235478806906
2416,0.3627943485086342
2417,0.31805337519623234
2418,0.3036106750392464
2419,0.3061224489795919
2420,0.2919937205651491
2421,0.3335949764521193
2422,0.40109890109890106
2423,0.4576138147566719
2424,0.45557299843014126
2425,0.4230769230769231
2426,0.4255886970172685
2427,0.38712715855573
2428,0.3127158555729984
2429,0.357613814756672
2430,0.4726844583987441
2431,0.3295133437990581
2432,0.38430141287284153
2433,0.284458398744113
2434,0.26028257456828885
2435,0.27064364207221353
2436,0.4682888540031397
2437,0.24521193092621663
2438,0.3762951334379906
2439,0.3299843014128729
2440,0.38414442700156987
2441,0.4593406593406594
2442,0.3879120879120879
2443,0.4521193092621664
2444,0.39450549450549455
2445,0.3565149136577709
2446,0.2731554160125588
2447,0.34270015698587125
2448,0.47551020408163275
2449,0.359811616954474
2450,0.35620094191522755
2451,0.4282574568288854
2452,0.36907378335949775
2453,0.32433281004709574
2454,0.4866562009419152
2455,0.4403453689167975
2456,0.5142857142857143
2457,0.4640502354788069
2458,0.3296703296703297
2459,0.285243328100471
2460,0.35604395604395606
2461,0.36593406593406597
2462,0.3886970172684459
2463,0.34662480376766086
2464,0.3216640502354789
2465,0.4127158555729985
2466,0.31805337519623234
2467,0.3896389324960753
2468,0.45149136577708004
2469,0.39434850863422294
2470,0.3952904238618524
2471,0.23328100470957616
2472,0.36342229199372056
2473,0.4097331240188383
2474,0.3679748822605965
2475,0.45525902668759816
2476,0.47268445839874423
2477,0.45196232339089476
2478,0.5216640502354789
2479,0.29748822605965464
2480,0.32935635792778645
2481,0.47299843014128734
2482,0.49811616954474097
2483,0.363265306122449
2484,0.296232339089482
2485,0.40565149136577705
2486,0.3125588697017268
2487,0.3500784929356358
2488,0.46813186813186813
2489,0.4244897959183673
2490,0.2912087912087912
2491,0.26326530612244897
2492,0.501883830455259
2493,0.35196232339089484
2494,0.5313971742543171
2495,0.5045525902668759
2496,0.34646781789638925
2497,0.276138147566719
2498,0.430298273155416
2499,0.358712715855573
2500,0.3511773940345369
2501,0.30172684458398746
2502,0.5169544740973312
2503,0.34646781789638925
2504,0.37362637362637363
2505,0.43704866562009415
2506,0.3345368916797489
2507,0.5646781789638932
2508,0.3012558869701727
2509,0.43830455259026685
2510,0.43171114599686033
2511,0.35102040816326524
2512,0.35745682888540037
2513,0.3430141287284144
2514,0.3492935635792779
2515,0.3299843014128729
2516,0.3761381475667191
2517,0.2163265306122449
2518,0.37990580847723704
2519,0.37551020408163266
2520,0.33877551020408164
2521,0.3847723704866562
2522,0.33155416012558875
2523,0.45620094191522764
2524,0.29544740973312406
2525,0.25227629513343797
2526,0.36766091051805333
2527,0.4714285714285714
2528,0.39686028257456823
2529,0.33328100470957617
2530,0.2772370486656201
2531,0.3982731554160126
2532,0.45400313971742534
2533,0.36593406593406597
2534,0.2849293563579278
2535,0.35102040816326535
2536,0.35839874411302974
2537,0.5472527472527473
2538,0.41664050235478806
2539,0.32103610675039246
2540,0.2875981161695447
2541,0.5050235478806908
2542,0.48524332810047094
2543,0.2668759811616955
2544,0.4001569858712716
2545,0.29717425431711153
2546,0.24191522762951334
2547,0.482574568288854
2548,0.23437990580847723
2549,0.4194662480376766
2550,0.42621664050235475
2551,0.39654631083202513
2552,0.4213500784929356
2553,0.3105180533751962
2554,0.5138147566718996
2555,0.4835164835164836
2556,0.4078492935635793
2557,0.3574568288854003
2558,0.49466248037676613
2559,0.3985871271585557
2560,0.35290423861852427
2561,0.42040816326530617
2562,0.28006279434850867
2563,0.46373626373626375
2564,0.2805337519623234
2565,0.2521193092621664
2566,0.3054945054945054
2567,0.3215070643642072
2568,0.3681318681318681
2569,0.4202511773940345
2570,0.28037676609105183
2571,0.3475667189952904
2572,0.29874411302982734
2573,0.48383045525902674
2574,0.3607535321821037
2575,0.3844583987441131
2576,0.38288854003139716
2577,0.33061224489795915
2578,0.40156985871271583
2579,0.4141287284144428
2580,0.2827315541601256
2581,0.2971742543171115
2582,0.5467817896389323
2583,0.3902668759811618
2584,0.36624803767660913
2585,0.49136577708006274
2586,0.38759811616954476
2587,0.33987441130298274
2588,0.41020408163265304
2589,0.35149136577707996
2590,0.5766091051805338
2591,0.24458398744113027
2592,0.4690737833594977
2593,0.4233908948194663
2594,0.341287284144427
2595,0.39262166405023546
2596,0.42747252747252756
2597,0.28335949764521196
2598,0.34379905808477246
2599,0.442072213500785
2600,0.32700156985871276
2601,0.39434850863422294
2602,0.29937205651491366
2603,0.3359497645211932
2604,0.31726844583987435
2605,0.42982731554160125
2606,0.38571428571428573
2607,0.40329670329670336
2608,0.4182103610675038
2609,0.38069073783359497
2610,0.507221350078493
2611,0.43202511773940344
2612,0.4208791208791209
2613,0.5032967032967033
2614,0.27346938775510204
2615,0.39748822605965456
2616,0.4062794348508634
2617,0.33940345368916797
2618,0.4328100470957614
2619,0.44568288854003146
2620,0.37723704866562
2621,0.4171114599686028
2622,0.34442700156985867
2623,0.3365777080062794
2624,0.34301412872841447
2625,0.4631083202511774
2626,0.3441130298273155
2627,0.39262166405023546
2628,0.47849293563579287
2629,0.418210361067504
2630,0.46718995290423865
2631,0.3208791208791209
2632,0.3156985871271586
2633,0.38100470957613813
2634,0.3111459968602825
2635,0.3970172684458399
2636,0.5086342229199372
2637,0.39340659340659345
2638,0.46530612244897956
2639,0.3653061224489796
2640,0.2943485086342229
2641,0.4448979591836734
2642,0.36295133437990584
2643,0.423861852433281
2644,0.29466248037676607
2645,0.35086342229199374
2646,0.37001569858712724
2647,0.31899529042386193
2648,0.44285714285714295
2649,0.29324960753532187
2650,0.5368916797488226
2651,0.23846153846153845
2652,0.33594976452119313
2653,0.32935635792778656
2654,0.3342229199372057
2655,0.4182103610675039
2656,0.41208791208791207
2657,0.471585557299843
2658,0.4518053375196232
2659,0.3783359497645212
2660,0.3951334379905809
2661,0.3855572998430142
2662,0.3422291993720565
2663,0.4183673469387755
2664,0.2921507064364207
2665,0.4014128728414442
2666,0.29152276295133434
2667,0.3337519623233908
2668,0.3943485086342228
2669,0.3546310832025118
2670,0.3912087912087912
2671,0.4156985871271586
2672,0.4073783359497645
2673,0.2781789638932496
2674,0.23218210361067504
2675,0.4791208791208791
2676,0.26671899529042387
2677,0.27472527472527475
2678,0.4378335949764521
2679,0.41051805337519615
2680,0.41318681318681333
2681,0.4167974882260596
2682,0.39434850863422294
2683,0.42951334379905814
2684,0.34866562009419155
2685,0.46891679748822607
2686,0.4070643642072214
2687,0.30612244897959184
2688,0.36452119309262165
2689,0.29340659340659336
2690,0.46232339089481955
2691,0.4428571428571428
2692,0.4274725274725274
2693,0.4199372056514914
2694,0.3627943485086342
2695,0.30156985871271585
2696,0.4599686028257457
2697,0.2888540031397175
2698,0.4706436420722135
2699,0.33830455259026687
2700,0.32417582417582425
2701,0.4529042386185244
2702,0.46562009419152284
2703,0.391679748822606
2704,0.35054945054945064
2705,0.28100470957613816
2706,0.34552590266875977
2707,0.3758241758241759
2708,0.3976452119309262
2709,0.33312401883830456
2710,0.46357927786499215
2711,0.3938775510204081
2712,0.34882260596546316
2713,0.37613814756671904
2714,0.434065934065934
2715,0.3866562009419153
2716,0.3246467817896389
2717,0.4350078492935636
2718,0.37362637362637374
2719,0.367817896389325
2720,0.35259026687598116
2721,0.47551020408163275
2722,0.38571428571428573
2723,0.4012558869701728
2724,0.4536891679748823
2725,0.419309262166405
2726,0.47378335949764516
2727,0.33233908948194657
2728,0.26562009419152277
2729,0.3897959183673469
2730,0.45525902668759816
2731,0.38618524332810056
2732,0.3747252747252747
2733,0.2960753532182104
2734,0.30800627943485087
2735,0.3230769230769231
2736,0.4158555729984301
2737,0.4582417582417583
2738,0.37268445839874415
2739,0.4943485086342229
2740,0.40408163265306124
2741,0.42527472527472526
2742,0.4814756671899528
2743,0.26907378335949766
2744,0.3971742543171115
2745,0.315541601255887
2746,0.4091051805337519
2747,0.3524332810047096
2748,0.31412872841444267
2749,0.33987441130298274
2750,0.478806907378336
2751,0.37299843014128725
2752,0.36043956043956044
2753,0.3949764521193092
2754,0.38273155416012555
2755,0.41915227629513346
2756,0.505337519623234
2757,0.4740973312401883
2758,0.43249607535321827
2759,0.3775510204081632
2760,0.545839874411303
2761,0.29937205651491366
2762,0.4313971742543171
2763,0.3513343799058085
2764,0.2670329670329671
2765,0.434065934065934
2766,0.4103610675039246
2767,0.2861852433281005
2768,0.40580847723704866
2769,0.3116169544740974
2770,0.36577708006279436
2771,0.2783359497645212
2772,0.40408163265306124
2773,0.36310832025117745
2774,0.38555729984301407
2775,0.3529042386185243
2776,0.34631083202511764
2777,0.40832025117739407
2778,0.41522762951334374
2779,0.3442700156985871
2780,0.4714285714285715
2781,0.4510204081632653
2782,0.34960753532182104
2783,0.34960753532182104
2784,0.36938775510204075
2785,0.343171114599686
2786,0.31601255886970175
2787,0.4015698587127158
2788,0.3904238618524333
2789,0.45368916797488223
2790,0.24018838304552595
2791,0.42276295133437986
2792,0.44474097331240187
2793,0.4392464678178964
2794,0.3621664050235479
2795,0.3135007849293564
2796,0.3860282574568289
2797,0.4427001569858713
2798,0.3172684458398744
2799,0.3563579277864992
2800,0.4335949764521193
2801,0.45149136577708
2802,0.37488226059654634
2803,0.3067503924646781
2804,0.3346938775510204
2805,0.4153846153846154
2806,0.30879120879120875
2807,0.2731554160125589
2808,0.32967032967032966
2809,0.42276295133437997
2810,0.3164835164835165
2811,0.42621664050235486
2812,0.2984301412872841
2813,0.38398744113029826
2814,0.387912087912088
2815,0.4714285714285714
2816,0.2642072213500785
2817,0.3034536891679748
2818,0.38178963893249607
2819,0.5255886970172684
2820,0.36405023547880694
2821,0.3084772370486656
2822,0.31459968602825744
2823,0.44081632653061226
2824,0.3687598116169544
2825,0.3563579277864992
2826,0.4230769230769231
2827,0.44803767660910515
2828,0.3992150706436421
2829,0.30423861852433276
2830,0.3962323390894821
2831,0.3698587127158556
2832,0.3745682888540031
2833,0.3750392464678179
2834,0.23799058084772368
2835,0.3984301412872842
2836,0.30832025117739403
2837,0.33437990580847726
2838,0.4384615384615385
2839,0.39843014128728427
2840,0.342072213500785
2841,0.4598116169544741
2842,0.3860282574568289
2843,0.4117739403453689
2844,0.362480376766091
2845,0.36106750392464676
2846,0.34583987441130304
2847,0.3673469387755102
2848,0.343171114599686
2849,0.43940345368916806
2850,0.33626373626373623
2851,0.3010989010989011
2852,0.49356357927786504
2853,0.27802197802197803
2854,0.36734693877551017
2855,0.3880690737833595
2856,0.39215070643642075
2857,0.4474097331240189
2858,0.3634222919937206
2859,0.40706436420722136
2860,0.44348508634222916
2861,0.3579277864992151
2862,0.39827315541601255
2863,0.33312401883830456
2864,0.2868131868131868
2865,0.3014128728414442
2866,0.40533751962323394
2867,0.423861852433281
2868,0.398116169544741
2869,0.2789638932496076
2870,0.42354788069073784
2871,0.4464678178963894
2872,0.33422291993720565
2873,0.4175824175824176
2874,0.4679748822605965
2875,0.43155416012558867
2876,0.32323390894819465
2877,0.48712715855572997
2878,0.44552590266875985
2879,0.32056514913657763
2880,0.35227629513343794
2881,0.4003139717425432
2882,0.41240188383045523
2883,0.2784929356357928
2884,0.3739403453689168
2885,0.3918367346938775
2886,0.47174254317111464
2887,0.4161695447409733
2888,0.26656200941915226
2889,0.39152276295133437
2890,0.2938775510204082
2891,0.43594976452119305
2892,0.30047095761381476
2893,0.49277864992150716
2894,0.43328100470957615
2895,0.34175824175824177
2896,0.44379905808477244
2897,0.32480376766091057
2898,0.38288854003139716
2899,0.31883830455259027
2900,0.32621664050235477
2901,0.29293563579277865
2902,0.4835164835164836
2903,0.4232339089481947
2904,0.4668759811616955
2905,0.43312401883830454
2906,0.3175824175824176
2907,0.3158555729984301
2908,0.2681318681318681
2909,0.3158555729984301
2910,0.4474097331240188
2911,0.41224489795918373
2912,0.4092621664050235
2913,0.2861852433281004
2914,0.3557299843014129
2915,0.34442700156985884
2916,0.4740973312401883
2917,0.4364207221350079
2918,0.3505494505494506
2919,0.39858712715855565
2920,0.34866562009419155
2921,0.3436420722135008
2922,0.5306122448979591
2923,0.4084772370486657
2924,0.28712715855572996
2925,0.37394034536891674
2926,0.4470957613814758
2927,0.258712715855573
2928,0.3291993720565149
2929,0.5296703296703297
2930,0.41381475667189954
2931,0.46263736263736277
2932,0.29026687598116174
2933,0.3598116169544741
2934,0.3748822605965462
2935,0.24427001569858717
2936,0.43940345368916794
2937,0.35290423861852427
2938,0.3395604395604396
2939,0.35133437990580846
2940,0.4156985871271585
2941,0.44850863422292
2942,0.47456828885400315
2943,0.4281004709576138
2944,0.35510204081632646
2945,0.43720565149136575
2946,0.3574568288854003
2947,0.31585557299843015
2948,0.4232339089481947
2949,0.4219780219780219
2950,0.45871271585557294
2951,0.39340659340659334
2952,0.4530612244897959
2953,0.2813186813186813
2954,0.37441130298273156
2955,0.3781789638932496
2956,0.45416012558869695
2957,0.35086342229199363
2958,0.3714285714285715
2959,0.4178963893249608
2960,0.46860282574568296
2961,0.5075353218210361
2962,0.33751962323390894
2963,0.4001569858712716
2964,0.3010989010989011
2965,0.3984301412872841
2966,0.26562009419152277
2967,0.4496075353218211
2968,0.34882260596546316
2969,0.30659340659340656
2970,0.4061224489795919
2971,0.45023547880690745
2972,0.5326530612244897
2973,0.3974882260596546
2974,0.3015698587127159
2975,0.4276295133437991
2976,0.44160125588697013
2977,0.30973312401883824
2978,0.3744113029827316
2979,0.39654631083202513
2980,0.2524332810047096
2981,0.45729984301412874
2982,0.4230769230769232
2983,0.3384615384615384
2984,0.43312401883830454
2985,0.32637362637362627
2986,0.5047095761381476
2987,0.3740973312401884
2988,0.29984301412872844
2989,0.35588697017268445
2990,0.46373626373626375
2991,0.4262166405023548
2992,0.33249607535321823
2993,0.4313971742543172
2994,0.3723704866562009
2995,0.4594976452119309
2996,0.34646781789638936
2997,0.3067503924646782
2998,0.4296703296703298
2999,0.3469387755102042
3000,0.4368916797488226
3001,0.37331240188383047
3002,0.4965463108320252
3003,0.4419152276295133
3004,0.43296703296703287
3005,0.38806907378335953
3006,0.31318681318681313
3007,0.3703296703296703
3008,0.3679748822605965
3009,0.5281004709576138
3010,0.3188383045525902
3011,0.282574568288854
3012,0.36342229199372056
3013,0.3445839874411303
3014,0.4000000000000001
3015,0.3791208791208792
3016,0.2918367346938776
3017,0.4378335949764521
3018,0.43751962323390897
3019,0.41350078492935627
3020,0.3676609105180534
3021,0.3092621664050235
3022,0.29419152276295135
3023,0.30879120879120886
3024,0.30627943485086345
3025,0.36467817896389326
3026,0.3984301412872841
3027,0.32276295133438004
3028,0.2789638932496076
3029,0.34850863422291994
3030,0.38744113029827315
3031,0.34348508634222924
3032,0.34301412872841447
3033,0.38963893249607534
3034,0.35227629513343806
3035,0.3508634222919937
3036,0.2992150706436421
3037,0.3378335949764522
3038,0.4353218210361067
3039,0.5065934065934065
3040,0.4450549450549451
3041,0.38178963893249607
3042,0.4864992150706437
3043,0.48618524332810037
3044,0.5693877551020408
3045,0.5372056514913658
3046,0.3400313971742544
3047,0.416640502354788
3048,0.42103610675039255
3049,0.413657770800628
3050,0.42857142857142855
3051,0.4642072213500784
3052,0.47833594976452115
3053,0.4740973312401883
3054,0.43092621664050235
3055,0.3481946624803767
3056,0.4381475667189953
3057,0.2797488226059655
3058,0.3620094191522763
3059,0.3039246467817897
3060,0.28414442700156983
3061,0.4897959183673469
3062,0.5381475667189953
3063,0.3756671899529042
3064,0.3781789638932496
3065,0.33485086342229203
3066,0.4547880690737834
3067,0.4362637362637362
3068,0.2816326530612245
3069,0.43343799058084775
3070,0.373469387755102
3071,0.43485086342229196
3072,0.4474097331240188
3073,0.41459968602825753
3074,0.3968602825745683
3075,0.41240188383045523
3076,0.43830455259026696
3077,0.2937205651491365
3078,0.5015698587127159
3079,0.3662480376766092
3080,0.29529042386185245
3081,0.46923076923076923
3082,0.44364207221350077
3083,0.35557299843014134
3084,0.48524332810047105
3085,0.3519623233908949
3086,0.44552590266875985
3087,0.4345368916797488
3088,0.2797488226059655
3089,0.4357927786499216
3090,0.4317111459968603
3091,0.3872841444270016
3092,0.3758241758241758
3093,0.2940345368916798
3094,0.35698587127158554
3095,0.38806907378335936
3096,0.5010989010989012
3097,0.42480376766091055
3098,0.36122448979591837
3099,0.29324960753532187
3100,0.23673469387755103
3101,0.3952904238618525
3102,0.26970172684458404
3103,0.305651491365777
3104,0.37237048665620087
3105,0.5003139717425432
3106,0.3629513343799059
3107,0.44332810047095755
3108,0.40690737833594975
3109,0.330298273155416
3110,0.34270015698587125
3111,0.44662480376766084
3112,0.3500784929356358
3113,0.32150706436420723
3114,0.5205651491365777
3115,0.38712715855573
3116,0.37346938775510213
3117,0.3963893249607535
3118,0.3158555729984301
3119,0.4073783359497645
3120,0.3583987441130299
3121,0.30486656200941914
3122,0.41051805337519615
3123,0.4952904238618524
3124,0.3337519623233908
3125,0.3828885400313973
3126,0.42888540031397165
3127,0.359811616954474
3128,0.32433281004709574
3129,0.4654631083202512
3130,0.4615384615384616
3131,0.3161695447409733
3132,0.4243328100470958
3133,0.4351648351648351
3134,0.3392464678178964
3135,0.439403453689168
3136,0.32841444270015696
3137,0.4244897959183674
3138,0.3952904238618525
3139,0.3384615384615385
3140,0.40753532182103613
3141,0.3821036106750392
3142,0.4175824175824176
3143,0.35039246467817897
3144,0.2469387755102041
3145,0.4598116169544741
3146,0.4620094191522763
3147,0.35196232339089484
3148,0.37833594976452123
3149,0.29324960753532187
3150,0.30392464678178965
3151,0.3199372056514913
3152,0.34615384615384615
3153,0.4463108320251177
3154,0.3660910518053376
3155,0.328414442700157
3156,0.3428571428571429
3157,0.3645211930926217
3158,0.4328100470957614
3159,0.3585557299843014
3160,0.3362637362637363
3161,0.44568288854003146
3162,0.3621664050235479
3163,0.42762951334379906
3164,0.2996860282574568
3165,0.48806907378335956
3166,0.3392464678178964
3167,0.27362637362637365
3168,0.3428571428571428
3169,0.3291993720565149
3170,0.4483516483516484
3171,0.35227629513343794
3172,0.40188383045525905
3173,0.3715855572998431
3174,0.3048665620094191
3175,0.4478806907378336
3176,0.20109890109890108
3177,0.40612244897959177
3178,0.4395604395604396
3179,0.3299843014128728
3180,0.3762951334379906
3181,0.41664050235478806
3182,0.36216640502354785
3183,0.43218210361067505
3184,0.3615384615384616
3185,0.40722135007849297
3186,0.5307692307692309
3187,0.3843014128728415
3188,0.302668759811617
3189,0.3183673469387755
3190,0.32480376766091057
3191,0.37425431711146
3192,0.4204081632653061
3193,0.29984301412872844
3194,0.3827315541601255
3195,0.3577708006279435
3196,0.4470957613814757
3197,0.4131868131868132
3198,0.4576138147566719
3199,0.30784929356357926
3200,0.3668759811616954
3201,0.44583987441130296
3202,0.4125588697017268
3203,0.3803767660910518
3204,0.337519623233909
3205,0.39372056514913656
3206,0.3708006279434852
3207,0.32637362637362644
3208,0.37786499215070635
3209,0.2533751962323391
3210,0.3951334379905808
3211,0.29905808477237056
3212,0.4354788069073784
3213,0.34788069073783356
3214,0.35871271585557307
3215,0.32464678178963896
3216,0.3516483516483517
3217,0.3113029827315542
3218,0.3563579277864993
3219,0.3706436420722135
3220,0.30047095761381476
3221,0.4949764521193093
3222,0.3279434850863422
3223,0.41883830455259025
3224,0.4199372056514914
3225,0.41444270015698587
3226,0.4150706436420722
3227,0.4825745682888539
3228,0.2748822605965463
3229,0.36326530612244895
3230,0.389010989010989
3231,0.34474097331240194
3232,0.3734693877551019
3233,0.4237048665620094
3234,0.32448979591836735
3235,0.3494505494505494
3236,0.3982731554160126
3237,0.3654631083202512
3238,0.3971742543171114
3239,0.3912087912087912
3240,0.2649921507064364
3241,0.44992150706436423
3242,0.2764521193092621
3243,0.4119309262166405
3244,0.3722135007849293
3245,0.4921507064364206
3246,0.44662480376766084
3247,0.4048665620094191
3248,0.38995290423861856
3249,0.45729984301412874
3250,0.3987441130298273
3251,0.3646781789638934
3252,0.35824175824175825
3253,0.442072213500785
3254,0.46546310832025123
3255,0.4423861852433281
3256,0.3031397174254317
3257,0.4317111459968603
3258,0.3508634222919937
3259,0.37990580847723704
3260,0.2510204081632653
3261,0.38210361067503923
3262,0.45102040816326533
3263,0.32778649921507064
3264,0.4313971742543171
3265,0.33830455259026687
3266,0.36185243328100475
3267,0.31145996860282565
3268,0.23956043956043954
3269,0.518524332810047
3270,0.3700156985871272
3271,0.3594976452119309
3272,0.34913657770800616
3273,0.35698587127158554
3274,0.33642072213500784
3275,0.4959183673469388
3276,0.37770800627943485
3277,0.44411302982731554
3278,0.37629513343799065
3279,0.3092621664050235
3280,0.34678178963893247
3281,0.38649921507064366
3282,0.4328100470957613
3283,0.43610675039246466
3284,0.30957613814756674
3285,0.289010989010989
3286,0.36326530612244895
3287,0.3014128728414443
3288,0.43437990580847724
3289,0.4362637362637362
3290,0.38618524332810045
3291,0.3833594976452119
3292,0.3332810047095761
3293,0.48759811616954474
3294,0.4313971742543171
3295,0.40392464678178974
3296,0.3660910518053376
3297,0.5043956043956045
3298,0.3361067503924646
3299,0.393563579277865
3300,0.3401883830455259
3301,0.4453689167974882
3302,0.4883830455259027
3303,0.3687598116169545
3304,0.4353218210361068
3305,0.32307692307692315
3306,0.25792778649921505
3307,0.39937205651491375
3308,0.37629513343799065
3309,0.3361067503924647
3310,0.4571428571428572
3311,0.46766091051805336
3312,0.32653061224489793
3313,0.31632653061224486
3314,0.3687598116169545
3315,0.36499215070643637
3316,0.5467817896389325
3317,0.3832025117739404
3318,0.3420722135007849
3319,0.3740973312401884
3320,0.4748822605965463
3321,0.3434850863422292
3322,0.3777080062794349
3323,0.42857142857142866
3324,0.3135007849293564
3325,0.33202511773940346
3326,0.36593406593406597
3327,0.3032967032967034
3328,0.3142857142857142
3329,0.4792778649921507
3330,0.4660910518053375
3331,0.3092621664050235
3332,0.27362637362637365
3333,0.26797488226059657
3334,0.3083202511773941
3335,0.34788069073783356
3336,0.41915227629513346
3337,0.3591836734693877
3338,0.36138147566719
3339,0.44646781789638934
3340,0.3572998430141287
3341,0.48728414442700163
3342,0.3916797488226061
3343,0.3547880690737834
3344,0.3797488226059655
3345,0.30973312401883835
3346,0.42291993720565146
3347,0.3546310832025118
3348,0.30125588697017275
3349,0.3420722135007849
3350,0.5343799058084773
3351,0.3737833594976453
3352,0.3646781789638932
3353,0.3967032967032967
3354,0.343956043956044
3355,0.37519623233908944
3356,0.40957613814756677
3357,0.3649921507064365
3358,0.39324960753532173
3359,0.4882260596546311
3360,0.4885400313971743
3361,0.356828885400314
3362,0.2938775510204082
3363,0.4626373626373626
3364,0.37676609105180525
3365,0.49042386185243325
3366,0.3778649921507065
3367,0.33045525902668765
3368,0.4849293563579278
3369,0.39262166405023546
3370,0.35211930926216645
3371,0.38461538461538464
3372,0.2957613814756673
3373,0.3560439560439561
3374,0.2832025117739404
3375,0.4544740973312402
3376,0.37142857142857144
3377,0.3913657770800628
3378,0.27802197802197803
3379,0.3036106750392465
3380,0.3577708006279435
3381,0.4554160125588697
3382,0.3971742543171114
3383,0.26357927786499213
3384,0.3948194662480377
3385,0.3583987441130299
3386,0.43579277864992155
3387,0.4411302982731554
3388,0.22857142857142856
3389,0.38351648351648354
3390,0.4376766091051806
3391,0.3298273155416012
3392,0.38775510204081637
3393,0.3533751962323391
3394,0.40753532182103613
3395,0.3893249607535321
3396,0.4543171114599686
3397,0.29277864992150704
3398,0.4186813186813188
3399,0.3122448979591837
3400,0.42025117739403445
3401,0.3902668759811617
3402,0.4260596546310832
3403,0.37535321821036105
3404,0.36075353218210365
3405,0.35902668759811623
3406,0.33375196232339094
3407,0.3370486656200941
3408,0.37017268445839874
3409,0.3805337519623234
3410,0.3031397174254317
3411,0.47409733124018844
3412,0.35934065934065934
3413,0.4967032967032967
3414,0.3927786499215071
3415,0.37974882260596543
3416,0.3739403453689168
3417,0.3631083202511774
3418,0.3689167974882261
3419,0.34254317111459975
3420,0.366248037676609
3421,0.46860282574568285
3422,0.4467817896389325
3423,0.436734693877551
3424,0.25117739403453687
3425,0.34709576138147563
3426,0.27676609105180533
3427,0.33186813186813185
3428,0.36342229199372056
3429,0.48383045525902674
3430,0.502668759811617
3431,0.4076923076923077
3432,0.45133437990580844
3433,0.30941915227629513
3434,0.28618524332810047
3435,0.34458398744113033
3436,0.38226059654631095
3437,0.35478806907378335
3438,0.41177394034536885
3439,0.28524332810047104
3440,0.3540031397174254
3441,0.5601255886970173
3442,0.37645211930926215
3443,0.4087912087912088
3444,0.36232339089481946
3445,0.41334379905808477
3446,0.3182103610675039
3447,0.3985871271585557
3448,0.4252747252747254
3449,0.3047095761381475
3450,0.47802197802197804
3451,0.4230769230769232
3452,0.4240188383045526
3453,0.40329670329670325
3454,0.4095761381475667
3455,0.3645211930926217
3456,0.4004709576138148
3457,0.3703296703296704
3458,0.4240188383045526
3459,0.5342229199372056
3460,0.46860282574568285
3461,0.4328100470957614
3462,0.41805337519623237
3463,0.4857142857142857
3464,0.49968602825745684
3465,0.3882260596546311
3466,0.42480376766091055
3467,0.3566718995290424
3468,0.31381475667189956
3469,0.3792778649921507
3470,0.3381475667189953
3471,0.37613814756671904
3472,0.4543171114599687
3473,0.3401883830455259
3474,0.5764521193092621
3475,0.33547880690737836
3476,0.4318681318681318
3477,0.4919937205651491
3478,0.4153846153846154
3479,0.3789638932496075
3480,0.33956043956043963
3481,0.32637362637362644
3482,0.39717425431711145
3483,0.3370486656200941
3484,0.28335949764521196
3485,0.2930926216640502
3486,0.4012558869701728
3487,0.35368916797488226
3488,0.4094191522762952
3489,0.4169544740973312
3490,0.46860282574568285
3491,0.4042386185243329
3492,0.2945054945054945
3493,0.42417582417582417
3494,0.48100470957613817
3495,0.43861852433281007
3496,0.40329670329670325
3497,0.4004709576138148
3498,0.37488226059654634
3499,0.3679748822605965
3500,0.3620094191522763
3501,0.40596546310832027
3502,0.4629513343799058
3503,0.5205651491365777
3504,0.450392464678179
3505,0.32825745682888546
3506,0.3483516483516484
3507,0.43799058084772374
3508,0.4656200941915228
3509,0.4370486656200941
3510,0.3717425431711147
3511,0.3401883830455259
3512,0.44270015698587123
3513,0.2163265306122449
3514,0.37362637362637374
3515,0.29058084772370485
3516,0.3835164835164835
3517,0.35431711145996864
3518,0.27425431711146
3519,0.2485086342229199
3520,0.36718995290423867
3521,0.4828885400313971
3522,0.4248037676609106
3523,0.2381475667189953
3524,0.3012558869701727
3525,0.3665620094191523
3526,0.3420722135007849
3527,0.49450549450549447
3528,0.31915227629513343
3529,0.32229199372056516
3530,0.3551020408163265
3531,0.3445839874411303
3532,0.4745682888540031
3533,0.3687598116169545
3534,0.3847723704866563
3535,0.42448979591836744
3536,0.4161695447409733
3537,0.2858712715855573
3538,0.39591836734693875
3539,0.269701726844584
3540,0.3565149136577708
3541,0.3637362637362638
3542,0.4370486656200942
3543,0.23689167974882258
3544,0.44662480376766084
3545,0.44819466248037676
3546,0.3587127158555729
3547,0.4775510204081632
3548,0.29450549450549446
3549,0.33312401883830456
3550,0.5197802197802198
3551,0.4012558869701727
3552,0.29293563579277865
3553,0.30737833594976455
3554,0.38806907378335953
3555,0.3511773940345369
3556,0.4051805337519623
3557,0.4982731554160125
3558,0.420094191522763
3559,0.32543171114599695
3560,0.4543171114599687
3561,0.2700156985871272
3562,0.3897959183673469
3563,0.3638932496075352
3564,0.4084772370486656
3565,0.3078492935635793
3566,0.24191522762951337
3567,0.459811616954474
3568,0.46875981161695446
3569,0.3576138147566719
3570,0.3003139717425431
3571,0.36797488226059666
3572,0.29560439560439555
3573,0.3649921507064365
3574,0.3158555729984301
3575,0.46138147566719
3576,0.4425431711145997
3577,0.4372056514913658
3578,0.2709576138147567
3579,0.299215070643642
3580,0.4649921507064364
3581,0.48744113029827313
3582,0.4623233908948195
3583,0.39748822605965467
3584,0.32103610675039246
3585,0.5441130298273156
3586,0.3061224489795919
3587,0.3811616954474098
3588,0.28320251177394035
3589,0.3992150706436421
3590,0.4182103610675039
3591,0.295447409733124
3592,0.38854003139717425
3593,0.45996860282574564
3594,0.1960753532182104
3595,0.3907378335949764
3596,0.2996860282574568
3597,0.36562009419152275
3598,0.3328100470957614
3599,0.3023547880690738
3600,0.46593406593406606
3601,0.4601255886970173
3602,0.3720565149136577
3603,0.4609105180533752
3604,0.3433281004709576
3605,0.35698587127158554
3606,0.3376766091051806
3607,0.38304552590266877
3608,0.2576138147566719
3609,0.3640502354788069
3610,0.42056514913657767
3611,0.43092621664050246
3612,0.3747252747252747
3613,0.34882260596546305
3614,0.4832025117739403
3615,0.4956043956043956
3616,0.3918367346938775
3617,0.3770800627943485
3618,0.35541601255886973
3619,0.4160125588697016
3620,0.4766091051805338
3621,0.3428571428571428
3622,0.4720565149136578
3623,0.41177394034536885
3624,0.4929356357927786
3625,0.4967032967032967
3626,0.37519623233908955
3627,0.2692307692307692
3628,0.4419152276295133
3629,0.2612244897959184
3630,0.4054945054945055
3631,0.38618524332810056
3632,0.3993720565149137
3633,0.353061224489796
3634,0.41632653061224495
3635,0.2847723704866562
3636,0.32307692307692315
3637,0.34662480376766086
3638,0.45023547880690745
3639,0.2897959183673469
3640,0.45447409733124017
3641,0.2645211930926217
3642,0.48587127158555726
3643,0.2551020408163265
3644,0.43343799058084775
3645,0.39262166405023546
3646,0.4414442700156986
3647,0.4882260596546311
3648,0.4301412872841444
3649,0.35431711145996864
3650,0.4466248037676609
3651,0.40219780219780216
3652,0.35541601255886973
3653,0.37362637362637363
3654,0.3649921507064365
3655,0.4712715855572998
3656,0.36970172684458397
3657,0.35981161695447417
3658,0.3442700156985871
3659,0.3970172684458399
3660,0.47519623233908953
3661,0.546624803767661
3662,0.4591836734693878
3663,0.3731554160125589
3664,0.3700156985871272
3665,0.4260596546310832
3666,0.37598116169544743
3667,0.3762951334379907
3668,0.37205651491365777
3669,0.26357927786499213
3670,0.39199372056514914
3671,0.41664050235478806
3672,0.2830455259026688
3673,0.4094191522762952
3674,0.4943485086342229
3675,0.3467817896389325
3676,0.31601255886970175
3677,0.49670329670329677
3678,0.2869701726844584
3679,0.5103610675039246
3680,0.4381475667189953
3681,0.3127158555729984
3682,0.31381475667189956
3683,0.4748822605965463
3684,0.3246467817896389
3685,0.2907378335949765
3686,0.42182103610675037
3687,0.5117739403453688
3688,0.3463108320251177
3689,0.41538461538461535
3690,0.2899529042386185
3691,0.3138147566718995
3692,0.21899529042386187
3693,0.3186813186813186
3694,0.4188383045525903
3695,0.4643642072213501
3696,0.2910518053375196
3697,0.2543171114599686
3698,0.4238618524332809
3699,0.38791208791208787
3700,0.3105180533751962
3701,0.30769230769230776
3702,0.38147566718995296
3703,0.3565149136577707
3704,0.26279434850863426
3705,0.26891679748822606
3706,0.37503924646781794
3707,0.403767660910518
3708,0.330298273155416
3709,0.4131868131868132
3710,0.4324960753532182
3711,0.5455259026687599
3712,0.3811616954474097
3713,0.4645211930926217
3714,0.3103610675039246
3715,0.3725274725274726
3716,0.3960753532182104
3717,0.45321821036106746
3718,0.3381475667189953
3719,0.34740973312401885
3720,0.36718995290423856
3721,0.50989010989011
3722,0.4557299843014129
3723,0.4009419152276295
3724,0.39215070643642075
3725,0.3211930926216641
3726,0.4467817896389325
3727,0.441287284144427
3728,0.44536891679748825
3729,0.4089481946624804
3730,0.350392464678179
3731,0.4982731554160125
3732,0.3370486656200943
3733,0.32637362637362644
3734,0.362480376766091
3735,0.2854003139717426
3736,0.3489795918367348
3737,0.3846153846153846
3738,0.2692307692307693
3739,0.35934065934065934
3740,0.4059654631083204
3741,0.3777080062794349
3742,0.36232339089481946
3743,0.4343799058084773
3744,0.4511773940345368
3745,0.42496075353218205
3746,0.3800627943485086
3747,0.3536891679748823
3748,0.33751962323390894
3749,0.48948194662480377
3750,0.43202511773940344
3751,0.5191522762951334
3752,0.39481946624803765
3753,0.4054945054945055
3754,0.36718995290423856
3755,0.3108320251177394
3756,0.47080062794348504
3757,0.28775510204081634
3758,0.45557299843014126
3759,0.34065934065934067
3760,0.4167974882260597
3761,0.34882260596546305
3762,0.33265306122448973
3763,0.4620094191522763
3764,0.4587127158555731
3765,0.42291993720565146
3766,0.4692307692307693
3767,0.34599686028257454
3768,0.35714285714285715
3769,0.24631083202511772
3770,0.367817896389325
3771,0.3403453689167974
3772,0.3251177394034537
3773,0.4291993720565149
3774,0.3290423861852433
3775,0.3996860282574568
3776,0.38021978021978026
3777,0.45353218210361074
3778,0.4023547880690739
3779,0.2733124018838305
3780,0.4899529042386185
3781,0.3191522762951334
3782,0.4814756671899528
3783,0.4006279434850864
3784,0.42150706436420726
3785,0.35541601255886984
3786,0.289010989010989
3787,0.4221350078492936
3788,0.3337519623233908
3789,0.46373626373626375
3790,0.3208791208791209
3791,0.41224489795918373
3792,0.3390894819466248
3793,0.29890109890109884
3794,0.4254317111459969
3795,0.3273155416012559
3796,0.49764521193092615
3797,0.26781789638932496
3798,0.3759811616954475
3799,0.34835164835164834
3800,0.37048665620094184
3801,0.4816326530612245
3802,0.3990580847723704
3803,0.5133437990580847
3804,0.30989010989010984
3805,0.36828885400313977
3806,0.4262166405023548
3807,0.32009419152276297
3808,0.36138147566718987
3809,0.35871271585557307
3810,0.41444270015698587
3811,0.3354788069073783
3812,0.29843014128728423
3813,0.38351648351648354
3814,0.42715855572998435
3815,0.2885400313971743
3816,0.39089481946624804
3817,0.45400313971742534
3818,0.30910518053375197
3819,0.6164835164835164
3820,0.473469387755102
3821,0.32857142857142857
3822,0.3577708006279435
3823,0.3728414442700157
3824,0.42103610675039255
3825,0.389795918367347
3826,0.3337519623233908
3827,0.376138147566719
3828,0.34772370486656196
3829,0.4516483516483517
3830,0.30612244897959184
3831,0.4472527472527473
3832,0.3879120879120879
3833,0.4185243328100471
3834,0.3
3835,0.38995290423861856
3836,0.3967032967032966
3837,0.38367346938775515
3838,0.35211930926216634
3839,0.33014128728414444
3840,0.323861852433281
3841,0.40533751962323394
3842,0.3389324960753533
3843,0.44536891679748825
3844,0.34788069073783356
3845,0.39215070643642075
3846,0.3503924646781789
3847,0.5048665620094192
3848,0.35102040816326535
3849,0.2869701726844584
3850,0.5017268445839874
3851,0.3913657770800628
3852,0.37001569858712724
3853,0.41773940345368926
3854,0.35949764521193084
3855,0.3770800627943484
3856,0.4729984301412874
3857,0.4313971742543171
3858,0.25227629513343797
3859,0.3437990580847724
3860,0.37142857142857144
3861,0.43202511773940344
3862,0.33626373626373623
3863,0.5202511773940345
3864,0.3638932496075352
3865,0.4260596546310832
3866,0.39105180533751965
3867,0.22527472527472522
3868,0.2766091051805338
3869,0.5464678178963893
3870,0.4566718995290423
3871,0.4017268445839874
3872,0.4098901098901098
3873,0.4376766091051806
3874,0.3821036106750393
3875,0.27692307692307694
3876,0.34693877551020413
3877,0.39670329670329674
3878,0.3216640502354788
3879,0.343956043956044
3880,0.33343799058084767
3881,0.3427001569858713
3882,0.35149136577708007
3883,0.4467817896389325
3884,0.34411302982731545
3885,0.32527472527472534
3886,0.4860282574568289
3887,0.31444270015698583
3888,0.34756671899529046
3889,0.37237048665620087
3890,0.32135007849293556
3891,0.450392464678179
3892,0.435949764521193
3893,0.394348508634223
3894,0.47378335949764533
3895,0.3998430141287284
3896,0.4657770800627944
3897,0.36310832025117745
3898,0.3167974882260597
3899,0.3965463108320252
3900,0.4604395604395605
3901,0.4400313971742544
3902,0.43610675039246466
3903,0.3720565149136577
3904,0.4610675039246468
3905,0.3401883830455259
3906,0.527629513343799
3907,0.39827315541601255
3908,0.3850863422291993
3909,0.3566718995290424
3910,0.4572998430141287
3911,0.30455259026687603
3912,0.3299843014128729
3913,0.2857142857142857
3914,0.352276295133438
3915,0.38697017268445844
3916,0.40439560439560435
3917,0.3552590266875982
3918,0.35321821036106754
3919,0.4403453689167976
3920,0.37551020408163266
3921,0.4026687598116169
3922,0.48744113029827313
3923,0.4489795918367347
3924,0.4414442700156986
3925,0.5525902668759811
3926,0.4963893249607536
3927,0.36671899529042384
3928,0.3558869701726845
3929,0.4813186813186814
3930,0.41459968602825753
3931,0.34772370486656207
3932,0.2293563579277865
3933,0.3021978021978022
3934,0.37802197802197796
3935,0.3456828885400314
3936,0.5243328100470958
3937,0.4662480376766091
3938,0.3700156985871272
3939,0.3034536891679749
3940,0.3070643642072214
3941,0.4722135007849294
3942,0.34160125588697016
3943,0.33971742543171113
3944,0.3769230769230769
3945,0.3142857142857142
3946,0.3343799058084772
3947,0.38320251177394044
3948,0.5213500784929356
3949,0.34992150706436426
3950,0.4766091051805338
3951,0.2817896389324961
3952,0.44913657770800636
3953,0.5489795918367347
3954,0.3025117739403453
3955,0.3956043956043956
3956,0.38006279434850854
3957,0.33014128728414455
3958,0.3868131868131868
3959,0.3186813186813187
3960,0.34144427001569866
3961,0.3934065934065934
3962,0.4662480376766091
3963,0.4767660910518054
3964,0.2910518053375196
3965,0.47252747252747257
3966,0.3551020408163265
3967,0.3813186813186813
3968,0.34772370486656207
3969,0.5288854003139718
3970,0.3653061224489795
3971,0.33359497645211933
3972,0.3767660910518054
3973,0.428414442700157
3974,0.39670329670329674
3975,0.2827315541601256
3976,0.42433281004709583
3977,0.4153846153846154
3978,0.30612244897959184
3979,0.4846153846153846
3980,0.4317111459968603
3981,0.2973312401883831
3982,0.3417582417582418
3983,0.3357927786499216
3984,0.330298273155416
3985,0.32009419152276297
3986,0.4326530612244898
3987,0.3706436420722135
3988,0.29199372056514916
3989,0.21805337519623236
3990,0.40298273155416015
3991,0.4383045525902669
3992,0.43689167974882265
3993,0.37425431711145996
3994,0.3660910518053376
3995,0.31193092621664054
3996,0.3442700156985871
3997,0.38555729984301407
3998,0.3830455259026687
3999,0.3739403453689167
4000,0.39843014128728405
4001,0.332182103610675
4002,0.34364207221350085
4003,0.4313971742543171
4004,0.3667189952904239
4005,0.35572998430141295
4006,0.29183673469387755
4007,0.3130298273155416
4008,0.5712715855573
4009,0.28367346938775506
4010,0.5365777080062795
4011,0.3656200941915228
4012,0.42778649921507056
4013,0.42621664050235486
4014,0.4291993720565149
4015,0.489010989010989
4016,0.39607535321821036
4017,0.369701726844584
4018,0.4141287284144427
4019,0.37017268445839874
4020,0.4014128728414443
4021,0.41868131868131864
4022,0.2995290423861853
4023,0.34301412872841447
4024,0.4466248037676609
4025,0.35494505494505496
4026,0.36797488226059655
4027,0.2992150706436421
4028,0.30659340659340656
4029,0.4362637362637363
4030,0.36624803767660913
4031,0.4609105180533752
4032,0.39372056514913656
4033,0.32103610675039246
4034,0.3464678178963894
4035,0.3204081632653061
4036,0.36671899529042384
4037,0.22857142857142856
4038,0.4312401883830455
4039,0.298116169544741
4040,0.4499215070643641
4041,0.4610675039246468
4042,0.6139717425431712
4043,0.3982731554160126
4044,0.2910518053375197
4045,0.3767660910518053
4046,0.4186813186813186
4047,0.3631083202511774
4048,0.31350078492935635
4049,0.4411302982731554
4050,0.5222919937205651
4051,0.31255886970172686
4052,0.2208791208791209
4053,0.3799058084772371
4054,0.47425431711146
4055,0.4114599686028257
4056,0.3722135007849294
4057,0.435949764521193
4058,0.41522762951334385
4059,0.4018838304552591
4060,0.3962323390894819
4061,0.47331240188383045
4062,0.3919937205651492
4063,0.3660910518053376
4064,0.4390894819466249
4065,0.3069073783359498
4066,0.3883830455259027
4067,0.45306122448979597
4068,0.33076923076923076
4069,0.29497645211930923
4070,0.28712715855572996
4071,0.4032967032967033
4072,0.3051805337519623
4073,0.330298273155416
4074,0.4593406593406593
4075,0.3835164835164835
4076,0.4111459968602825
4077,0.39560439560439564
4078,0.47064364207221354
4079,0.48540031397174255
4080,0.4164835164835165
4081,0.40031397174254313
4082,0.47425431711146
4083,0.4009419152276295
4084,0.33045525902668765
4085,0.3637362637362638
4086,0.44081632653061226
4087,0.3095761381475667
4088,0.3434850863422292
4089,0.3516483516483516
4090,0.40392464678178974
4091,0.4194662480376766
4092,0.4439560439560439
4093,0.40470957613814756
4094,0.5039246467817896
4095,0.49733124018838304
4096,0.3562009419152276
4097,0.3637362637362637
4098,0.4645211930926217
4099,0.23893249607535322
4100,0.3810047095761382
4101,0.3797488226059655
4102,0.39623233908948186
4103,0.33045525902668765
4104,0.35274725274725277
4105,0.4183673469387755
4106,0.3403453689167974
4107,0.3995290423861853
4108,0.48320251177394036
4109,0.3799058084772371
4110,0.2684458398744113
4111,0.2879120879120879
4112,0.3579277864992151
4113,0.33061224489795915
4114,0.3974882260596546
4115,0.31397174254317106
4116,0.3775510204081633
4117,0.4014128728414443
4118,0.36577708006279436
4119,0.389010989010989
4120,0.38665620094191533
4121,0.30565149136577713
4122,0.42637362637362636
4123,0.28932496075353226
4124,0.3648351648351648
4125,0.4208791208791209
4126,0.26546310832025116
4127,0.4373626373626374
4128,0.41412872841444276
4129,0.3893249607535322
4130,0.47613814756671896
4131,0.4631083202511775
4132,0.34034536891679756
4133,0.341287284144427
4134,0.4739403453689168
4135,0.4693877551020408
4136,0.41020408163265315
4137,0.24835164835164836
4138,0.2706436420722135
4139,0.33233908948194674
4140,0.2819466248037677
4141,0.45729984301412874
4142,0.38241758241758234
4143,0.3604395604395604
4144,0.41491365777080064
4145,0.3478806907378336
4146,0.4582417582417582
4147,0.4222919937205652
4148,0.5376766091051804
4149,0.3516483516483517
4150,0.5188383045525902
4151,0.36640502354788074
4152,0.42998430141287275
4153,0.2960753532182103
4154,0.38555729984301407
4155,0.397331240188383
4156,0.4273155416012559
4157,0.3894819466248037
4158,0.3739403453689168
4159,0.4956043956043956
4160,0.3995290423861853
4161,0.47723704866562006
4162,0.48916797488226066
4163,0.3781789638932496
4164,0.30313971742543167
4165,0.39591836734693875
4166,0.3409733124018838
4167,0.38571428571428573
4168,0.46248037676609105
4169,0.45855572998430144
4170,0.4508634222919937
4171,0.3017268445839874
4172,0.4532182103610675
4173,0.30659340659340667
4174,0.47613814756671896
4175,0.2921507064364207
4176,0.38492935635792785
4177,0.3827315541601256
4178,0.4593406593406594
4179,0.36012558869701733
4180,0.34458398744113033
4181,0.2598116169544741
4182,0.32119309262166407
4183,0.4679748822605966
4184,0.4822605965463108
4185,0.4734693877551021
4186,0.4001569858712716
4187,0.3135007849293564
4188,0.38492935635792774
4189,0.4783359497645212
4190,0.25180533751962325
4191,0.397331240188383
4192,0.34709576138147574
4193,0.3281004709576138
4194,0.40502354788069067
4195,0.2417582417582418
4196,0.4175824175824176
4197,0.4967032967032967
4198,0.373469387755102
4199,0.4334379905808477
4200,0.41130298273155425
4201,0.36106750392464687
4202,0.32731554160125587
4203,0.49042386185243325
4204,0.290894819466248
4205,0.26875981161695445
4206,0.47362637362637355
4207,0.33642072213500784
4208,0.44693877551020417
4209,0.3251177394034536
4210,0.3364207221350078
4211,0.4021978021978024
4212,0.4803767660910518
4213,0.2886970172684458
4214,0.3698587127158556
4215,0.4755102040816327
4216,0.4226059654631083
4217,0.4086342229199373
4218,0.5676609105180535
4219,0.4488226059654631
4220,0.44913657770800636
4221,0.5287284144427002
4222,0.39309262166405023
4223,0.35463108320251163
4224,0.4095761381475667
4225,0.2886970172684458
4226,0.4287284144427001
4227,0.4324960753532183
4228,0.32825745682888535
4229,0.26420722135007846
4230,0.3119309262166405
4231,0.39215070643642075
4232,0.33124018838304553
4233,0.29010989010989013
4234,0.39324960753532173
4235,0.4309262166405024
4236,0.40345368916797486
4237,0.34395604395604396
4238,0.38759811616954476
4239,0.43045525902668763
4240,0.41711145996860294
4241,0.32967032967032966
4242,0.39748822605965467
4243,0.3817896389324961
4244,0.36593406593406586
4245,0.3901098901098901
4246,0.2874411302982732
4247,0.4532182103610675
4248,0.42778649921507067
4249,0.3287284144427001
4250,0.34583987441130304
4251,0.32040816326530613
4252,0.3356357927786499
4253,0.4177394034536891
4254,0.301883830455259
4255,0.3400313971742543
4256,0.4775510204081632
4257,0.36200941915227636
4258,0.36828885400313965
4259,0.42354788069073784
4260,0.3822605965463109
4261,0.32150706436420723
4262,0.2480376766091052
4263,0.46703296703296715
4264,0.4494505494505495
4265,0.3331240188383046
4266,0.3627943485086342
4267,0.5216640502354788
4268,0.32119309262166407
4269,0.39403453689167967
4270,0.45164835164835165
4271,0.3208791208791208
4272,0.3824175824175824
4273,0.36734693877551017
4274,0.41397174254317115
4275,0.5519623233908948
4276,0.4260596546310832
4277,0.2965463108320251
4278,0.352276295133438
4279,0.34065934065934067
4280,0.5087912087912088
4281,0.4031397174254317
4282,0.4717425431711146
4283,0.4395604395604396
4284,0.3021978021978022
4285,0.3478806907378337
4286,0.43390894819466247
4287,0.4409733124018838
4288,0.2879120879120879
4289,0.2984301412872841
4290,0.3237048665620094
4291,0.39372056514913656
4292,0.32857142857142857
4293,0.4144427001569858
4294,0.4015698587127159
4295,0.31193092621664054
4296,0.38822605965463103
4297,0.43186813186813194
4298,0.28555729984301415
4299,0.32935635792778645
4300,0.3822605965463108
4301,0.3684458398744113
4302,0.3281004709576138
4303,0.3232339089481947
4304,0.2646781789638933
4305,0.4654631083202512
4306,0.42684458398744124
4307,0.3007849293563579
4308,0.4282574568288854
4309,0.38053375196232336
4310,0.34442700156985867
4311,0.43799058084772374
4312,0.4945054945054945
4313,0.31522762951334377
4314,0.27692307692307694
4315,0.26436420722135007
4316,0.34536891679748827
4317,0.34992150706436415
4318,0.3494505494505495
4319,0.42072213500784933
4320,0.33657770800627945
4321,0.3433281004709577
4322,0.31098901098901105
4323,0.4131868131868132
4324,0.4420722135007849
4325,0.3643642072213501
4326,0.3339089481946625
4327,0.36734693877551017
4328,0.40879120879120884
4329,0.34536891679748816
4330,0.32762951334379903
4331,0.36640502354788074
4332,0.3521193092621665
4333,0.31020408163265306
4334,0.48649921507064364
4335,0.37425431711146
4336,0.38806907378335953
4337,0.2919937205651491
4338,0.4786499215070644
4339,0.40549450549450544
4340,0.4098901098901099
4341,0.35588697017268445
4342,0.4004709576138148
4343,0.43186813186813183
4344,0.4376766091051806
4345,0.3086342229199372
4346,0.3660910518053376
4347,0.5277864992150706
4348,0.5296703296703297
4349,0.30941915227629513
4350,0.5500784929356358
4351,0.42417582417582417
4352,0.344740973312402
4353,0.44835164835164837
4354,0.42684458398744113
4355,0.4932496075353218
4356,0.43437990580847724
4357,0.2040816326530612
4358,0.34442700156985867
4359,0.35274725274725277
4360,0.39324960753532184
4361,0.41946624803767657
4362,0.545054945054945
4363,0.3475667189952905
4364,0.3400313971742543
4365,0.46750392464678175
4366,0.46263736263736266
4367,0.4681318681318682
4368,0.3508634222919938
4369,0.43861852433281007
4370,0.37095761381475667
4371,0.45133437990580855
4372,0.3952904238618524
4373,0.4020408163265306
4374,0.30423861852433276
4375,0.49544740973312396
4376,0.41130298273155425
4377,0.44301412872841445
4378,0.5857142857142856
4379,0.3602825745682888
4380,0.34505494505494505
4381,0.42762951334379906
4382,0.3357927786499215
4383,0.3877551020408164
4384,0.3361067503924646
4385,0.39089481946624804
4386,0.3866562009419153
4387,0.38602825745682884
4388,0.41365777080062793
4389,0.45290423861852436
4390,0.2748822605965463
4391,0.28383045525902667
4392,0.4279434850863423
4393,0.4260596546310832
4394,0.31334379905808474
4395,0.3846153846153846
4396,0.2772370486656201
4397,0.35211930926216645
4398,0.2839874411302983
4399,0.4182103610675039
4400,0.31208791208791203
4401,0.4373626373626374
4402,0.38414442700156987
4403,0.3108320251177394
4404,0.34678178963893247
4405,0.33971742543171113
4406,0.29576138147566716
4407,0.4712715855572999
4408,0.32354788069073787
4409,0.40580847723704866
4410,0.2978021978021978
4411,0.3811616954474097
4412,0.3747252747252748
4413,0.4260596546310832
4414,0.35353218210361054
4415,0.43924646781789634
4416,0.3301412872841444
4417,0.3728414442700157
4418,0.2959183673469388
4419,0.35306122448979593
4420,0.5105180533751963
4421,0.40235478806907377
4422,0.4569858712715855
4423,0.28744113029827306
4424,0.5248037676609105
4425,0.36970172684458397
4426,0.36718995290423867
4427,0.47519623233908953
4428,0.4177394034536892
4429,0.33657770800627945
4430,0.32794348508634213
4431,0.27551020408163274
4432,0.29262166405023554
4433,0.44929356357927785
4434,0.33594976452119313
4435,0.25635792778649924
4436,0.33202511773940346
4437,0.4786499215070644
4438,0.33547880690737836
4439,0.3456828885400313
4440,0.308320251177394
4441,0.3075353218210361
4442,0.46075353218210363
4443,0.3516483516483517
4444,0.4412872841444271
4445,0.31538461538461543
4446,0.3455259026687599
4447,0.4116169544740974
4448,0.46436420722134997
4449,0.3989010989010989
4450,0.31350078492935635
4451,0.44897959183673475
4452,0.47582417582417585
4453,0.3913657770800628
4454,0.35321821036106754
4455,0.3805337519623234
4456,0.27817896389324964
4457,0.3960753532182104
4458,0.42543171114599687
4459,0.449607535321821
4460,0.3583987441130299
4461,0.41051805337519626
4462,0.34191522762951326
4463,0.4811616954474098
4464,0.33202511773940346
4465,0.2640502354788069
4466,0.5420722135007849
4467,0.3524332810047096
4468,0.48822605965463106
4469,0.3861852433281005
4470,0.39293563579277857
4471,0.34081632653061217
4472,0.2857142857142857
4473,0.35070643642072213
4474,0.34568288854003143
4475,0.45117739403453694
4476,0.32715855572998426
4477,0.27566718995290423
4478,0.4945054945054946
4479,0.3759811616954475
4480,0.42778649921507067
4481,0.36687598116169545
4482,0.3351648351648352
4483,0.3511773940345369
4484,0.42621664050235475
4485,0.3679748822605965
4486,0.36891679748822603
4487,0.38053375196232336
4488,0.2480376766091052
4489,0.3781789638932497
4490,0.3350078492935636
4491,0.33171114599686025
4492,0.3565149136577708
4493,0.32574568288854006
4494,0.41915227629513346
4495,0.28618524332810047
4496,0.5213500784929357
4497,0.506436420722135
4498,0.44191522762951335
4499,0.43547880690737845
4500,0.4178963893249607
4501,0.3861852433281005
4502,0.3957613814756672
4503,0.35808477237048664
4504,0.26875981161695445
4505,0.44913657770800625
4506,0.44945054945054946
4507,0.28963893249607536
4508,0.30675039246467817
4509,0.4557299843014128
4510,0.38649921507064366
4511,0.40706436420722136
4512,0.36499215070643637
4513,0.35149136577708
4514,0.40219780219780216
4515,0.35353218210361065
4516,0.3777080062794349
4517,0.3442700156985872
4518,0.3759811616954473
4519,0.48791208791208784
4520,0.29058084772370485
4521,0.35965463108320245
4522,0.4213500784929357
4523,0.3572998430141287
4524,0.47472527472527476
4525,0.42150706436420726
4526,0.33485086342229203
4527,0.3824175824175824
4528,0.3616954474097331
4529,0.40800627943485085
4530,0.282574568288854
4531,0.3455259026687599
4532,0.3475667189952904
4533,0.3767660910518054
4534,0.3728414442700157
4535,0.3350078492935636
4536,0.4015698587127159
4537,0.3784929356357928
4538,0.33547880690737836
4539,0.3580847723704866
4540,0.3778649921507064
4541,0.49952904238618523
4542,0.32731554160125587
4543,0.3590266875981162
4544,0.3114599686028257
4545,0.3119309262166405
4546,0.503767660910518
4547,0.36907378335949764
4548,0.49277864992150716
4549,0.3226059654631083
4550,0.43689167974882265
4551,0.2748822605965463
4552,0.42276295133437986
4553,0.40643642072213504
4554,0.3687598116169544
4555,0.4287284144427001
4556,0.3251177394034537
4557,0.44631083202511773
4558,0.31459968602825744
4559,0.3952904238618524
4560,0.2618524332810047
4561,0.38728414442700165
4562,0.35117739403453696
4563,0.3717425431711146
4564,0.367032967032967
4565,0.40690737833594987
4566,0.40941915227629516
4567,0.41161695447409724
4568,0.37786499215070635
4569,0.3789638932496075
4570,0.4119309262166405
4571,0.3254317111459969
4572,0.4263736263736263
4573,0.5255886970172685
4574,0.2995290423861853
4575,0.24505494505494504
4576,0.4711145996860283
4577,0.36703296703296706
4578,0.3232339089481946
4579,0.35918367346938773
4580,0.38414442700156987
4581,0.4241758241758243
4582,0.44474097331240187
4583,0.4638932496075353
4584,0.3094191522762952
4585,0.3626373626373627
4586,0.30439560439560437
4587,0.39026687598116166
4588,0.33720565149136583
4589,0.39309262166405023
4590,0.4463108320251177
4591,0.4861852433281005
4592,0.367032967032967
4593,0.32040816326530613
4594,0.37142857142857144
4595,0.41051805337519626
4596,0.32574568288854006
4597,0.5469387755102041
4598,0.41726844583987444
4599,0.37378335949764524
4600,0.323861852433281
4601,0.28649921507064363
4602,0.38869701726844585
4603,0.5328100470957614
4604,0.40455259026687596
4605,0.3312401883830455
4606,0.3718995290423862
4607,0.29748822605965464
4608,0.48838304552590267
4609,0.29183673469387755
4610,0.41161695447409735
4611,0.4806907378335949
4612,0.354160125588697
4613,0.33689167974882256
4614,0.4163265306122449
4615,0.45274725274725275
4616,0.34395604395604396
4617,0.3117739403453689
4618,0.49544740973312396
4619,0.40973312401883827
4620,0.38351648351648354
4621,0.3244897959183673
4622,0.41083202511773936
4623,0.3342229199372056
4624,0.3505494505494506
4625,0.3050235478806907
4626,0.29073783359497646
4627,0.43783359497645213
4628,0.42417582417582417
4629,0.4555729984301413
4630,0.4546310832025117
4631,0.44992150706436423
4632,0.5215070643642071
4633,0.3770800627943485
4634,0.3502354788069074
4635,0.38178963893249607
4636,0.3711145996860283
4637,0.35102040816326535
4638,0.31428571428571433
4639,0.275353218210361
4640,0.16043956043956045
4641,0.36405023547880694
4642,0.4329670329670329
4643,0.3720565149136577
4644,0.3687598116169545
4645,0.49623233908948194
4646,0.4693877551020408
4647,0.4263736263736263
4648,0.40973312401883827
4649,0.2919937205651491
4650,0.3637362637362637
4651,0.34442700156985867
4652,0.45149136577708004
4653,0.31271585557299847
4654,0.296232339089482
4655,0.4543171114599686
4656,0.3113029827315542
4657,0.39984301412872847
4658,0.5053375196232338
4659,0.2755102040816327
4660,0.3186813186813187
4661,0.37519623233908955
4662,0.3602825745682888
4663,0.4271585557299843
4664,0.3535321821036107
4665,0.220094191522763
4666,0.39481946624803765
4667,0.35070643642072225
4668,0.40989010989010993
4669,0.3729984301412873
4670,0.3455259026687599
4671,0.2538461538461539
4672,0.3372056514913658
4673,0.3298273155416012
4674,0.4668759811616954
4675,0.3894819466248038
4676,0.39387755102040817
4677,0.4207221350078493
4678,0.34882260596546316
4679,0.25353218210361067
4680,0.49136577708006285
4681,0.32668759811616954
4682,0.3739403453689168
4683,0.4135007849293563
4684,0.3962323390894819
4685,0.45729984301412874
4686,0.40910518053375194
4687,0.27880690737833597
4688,0.42417582417582417
4689,0.42135007849293565
4690,0.3530612244897959
4691,0.4023547880690738
4692,0.24270015698587127
4693,0.3830455259026687
4694,0.2847723704866562
4695,0.34395604395604396
4696,0.41978021978021973
4697,0.3318681318681319
4698,0.49733124018838304
4699,0.32967032967032966
4700,0.48037676609105173
4701,0.3802197802197802
4702,0.2924646781789639
4703,0.44819466248037676
4704,0.402668759811617
4705,0.3811616954474097
4706,0.30392464678178965
4707,0.4984301412872842
4708,0.3467817896389325
4709,0.43485086342229196
4710,0.40847723704866556
4711,0.29419152276295135
4712,0.3822605965463109
4713,0.2827315541601257
4714,0.32841444270015707
4715,0.3891679748822606
4716,0.4037676609105181
4717,0.37080062794348506
4718,0.4428571428571429
4719,0.38649921507064366
4720,0.2959183673469387
4721,0.3051805337519623
4722,0.41648351648351645
4723,0.41020408163265315
4724,0.23014128728414443
4725,0.22715855572998428
4726,0.368602825745683
4727,0.3467817896389326
4728,0.36091051805337526
4729,0.4773940345368916
4730,0.4103610675039247
4731,0.33830455259026687
4732,0.41397174254317115
4733,0.3825745682888539
4734,0.3832025117739404
4735,0.5188383045525903
4736,0.3588697017268445
4737,0.39450549450549455
4738,0.35117739403453685
4739,0.3838304552590267
4740,0.3378335949764521
4741,0.3943485086342228
4742,0.35934065934065934
4743,0.3384615384615385
4744,0.44693877551020406
4745,0.3649921507064365
4746,0.4346938775510204
4747,0.3668759811616954
4748,0.4731554160125589
4749,0.36499215070643637
4750,0.4709576138147567
4751,0.38178963893249607
4752,0.2956043956043956
4753,0.5204081632653061
4754,0.4114599686028258
4755,0.3740973312401885
4756,0.4819466248037676
4757,0.3197802197802198
4758,0.4560439560439561
4759,0.4312401883830455
4760,0.38540031397174257
4761,0.35588697017268445
4762,0.36153846153846153
4763,0.4398744113029827
4764,0.5285714285714286
4765,0.41522762951334385
4766,0.3511773940345369
4767,0.38178963893249607
4768,0.29576138147566716
4769,0.5309262166405023
4770,0.4171114599686028
4771,0.3078492935635793
4772,0.43061224489795924
4773,0.38775510204081637
4774,0.3979591836734694
4775,0.37237048665620087
4776,0.3791208791208792
4777,0.3229199372056515
4778,0.3866562009419153
4779,0.3083202511773941
4780,0.45196232339089487
4781,0.40957613814756677
4782,0.4962323390894819
4783,0.28618524332810047
4784,0.33375196232339094
4785,0.34521193092621666
4786,0.37959183673469393
4787,0.4673469387755102
4788,0.44945054945054946
4789,0.2547880690737833
4790,0.3139717425431711
4791,0.26436420722135007
4792,0.445054945054945
4793,0.41993720565149134
4794,0.4557299843014129
4795,0.3739403453689168
4796,0.4233908948194662
4797,0.32857142857142857
4798,0.3200941915227629
4799,0.41978021978021973
4800,0.36766091051805333
4801,0.36985871271585563
4802,0.26624803767660915
4803,0.2846153846153846
4804,0.3372056514913658
4805,0.46357927786499215
4806,0.4183673469387755
4807,0.37613814756671904
4808,0.5018838304552591
4809,0.40423861852433285
4810,0.30486656200941914
4811,0.33092621664050237
4812,0.41758241758241754
4813,0.28273155416012563
4814,0.32935635792778645
4815,0.2054945054945055
4816,0.37346938775510197
4817,0.2764521193092621
4818,0.3411302982731555
4819,0.28602825745682886
4820,0.39262166405023546
4821,0.35321821036106754
4822,0.39419152276295133
4823,0.43594976452119305
4824,0.3511773940345369
4825,0.46750392464678187
4826,0.5304552590266877
4827,0.3199372056514913
4828,0.2577708006279435
4829,0.3323390894819466
4830,0.38524332810047096
4831,0.42244897959183675
4832,0.39434850863422294
4833,0.22087912087912093
4834,0.39372056514913656
4835,0.4514913657770801
4836,0.43547880690737834
4837,0.36828885400313977
4838,0.3901098901098901
4839,0.3205651491365777
4840,0.4968602825745684
4841,0.3058084772370487
4842,0.2675039246467818
4843,0.34018838304552595
4844,0.48728414442700163
4845,0.3092621664050235
4846,0.5227629513343799
4847,0.3263736263736264
4848,0.42982731554160125
4849,0.42072213500784933
4850,0.3524332810047096
4851,0.4227629513343799
4852,0.41507064364207225
4853,0.45102040816326533
4854,0.26012558869701724
4855,0.4152276295133438
4856,0.4963893249607536
4857,0.4161695447409733
4858,0.31193092621664054
4859,0.44803767660910515
4860,0.46499215070643646
4861,0.27582417582417584
4862,0.35368916797488226
4863,0.3646781789638932
4864,0.40219780219780216
4865,0.37189952904238616
4866,0.34631083202511775
4867,0.3952904238618525
4868,0.31193092621664054
4869,0.36640502354788074
4870,0.350392464678179
4871,0.3442700156985872
4872,0.24945054945054945
4873,0.4191522762951334
4874,0.34521193092621666
4875,0.4092621664050235
4876,0.3565149136577707
4877,0.41507064364207225
4878,0.3513343799058085
4879,0.4982731554160126
4880,0.3356357927786499
4881,0.38367346938775526
4882,0.38524332810047096
4883,0.48854003139717417
4884,0.5894819466248039
4885,0.4565149136577707
4886,0.34379905808477235
4887,0.4478806907378337
4888,0.5519623233908949
4889,0.40847723704866556
4890,0.5102040816326531
4891,0.38932496075353223
4892,0.45274725274725286
4893,0.42888540031397177
4894,0.3883830455259027
4895,0.39246467817896397
4896,0.5133437990580847
4897,0.30502354788069075
4898,0.33218210361067513
4899,0.4164835164835165
4900,0.33971742543171113
4901,0.3062794348508634
4902,0.3323390894819466
4903,0.40204081632653066
4904,0.42700156985871274
4905,0.3751962323390895
4906,0.31067503924646783
4907,0.45086342229199367
4908,0.3376766091051806
4909,0.3069073783359498
4910,0.33516483516483514
4911,0.3324960753532182
4912,0.35384615384615387
4913,0.31036106750392467
4914,0.5593406593406594
4915,0.3492935635792779
4916,0.503453689167975
4917,0.3839874411302983
4918,0.45886970172684466
4919,0.3
4920,0.38618524332810045
4921,0.4824175824175825
4922,0.3963893249607536
4923,0.3722135007849294
4924,0.3394034536891679
4925,0.3987441130298273
4926,0.3582417582417582
4927,0.4419152276295133
4928,0.3084772370486656
4929,0.4062794348508634
4930,0.42857142857142866
4931,0.34474097331240194
4932,0.4345368916797489
4933,0.37660910518053375
4934,0.4218210361067504
4935,0.42056514913657767
4936,0.39324960753532173
4937,0.3905808477237048
4938,0.5284144427001569
4939,0.3940345368916797
4940,0.3649921507064365
4941,0.29262166405023543
4942,0.3588697017268446
4943,0.480690737833595
4944,0.3767660910518053
4945,0.5083202511773941
4946,0.45431711145996856
4947,0.29152276295133445
4948,0.3216640502354788
4949,0.38963893249607534
4950,0.3145996860282575
4951,0.5141287284144427
4952,0.33516483516483514
4953,0.44945054945054946
4954,0.4863422291993721
4955,0.41020408163265304
4956,0.42244897959183675
4957,0.4171114599686028
4958,0.3240188383045526
4959,0.3427001569858713
4960,0.35824175824175825
4961,0.31569858712715854
4962,0.34615384615384615
4963,0.37582417582417577
4964,0.4196232339089482
4965,0.3558869701726844
4966,0.341287284144427
4967,0.34505494505494505
4968,0.42888540031397177
4969,0.44505494505494514
4970,0.34379905808477235
4971,0.36609105180533746
4972,0.43657770800627943
4973,0.2769230769230769
4974,0.41271585557299845
4975,0.3879120879120879
4976,0.5163265306122449
4977,0.5400313971742544
4978,0.3596546310832025
4979,0.26656200941915226
4980,0.40502354788069067
4981,0.36216640502354785
4982,0.4017268445839874
4983,0.43108320251177396
4984,0.2459968602825746
4985,0.34850863422291994
4986,0.34772370486656196
4987,0.35918367346938773
4988,0.3976452119309262
4989,0.478806907378336
4990,0.28116169544740977
4991,0.37080062794348506
4992,0.35086342229199374
4993,0.4480376766091051
4994,0.38210361067503923
4995,0.45871271585557294
4996,0.14536891679748823
4997,0.4533751962323392
4998,0.41193092621664046
4999,0.37017268445839874
5000,0.3789638932496076
5001,0.40408163265306124
5002,0.3452119309262166
5003,0.4965463108320251
5004,0.3794348508634222
5005,0.44866562009419153
5006,0.41381475667189943
5007,0.44631083202511773
5008,0.5475667189952905
5009,0.3582417582417583
5010,0.3974882260596546
5011,0.449607535321821
5012,0.40094191522762956
5013,0.41130298273155413
5014,0.42229199372056525
5015,0.26828885400313973
5016,0.40737833594976447
5017,0.5113029827315542
5018,0.4114599686028257
5019,0.2764521193092622
5020,0.3342229199372057
5021,0.35102040816326535
5022,0.3703296703296704
5023,0.3821036106750392
5024,0.2949764521193093
5025,0.37535321821036105
5026,0.3602825745682888
5027,0.421978021978022
5028,0.3800627943485087
5029,0.2714285714285714
5030,0.4321821036106751
5031,0.557927786499215
5032,0.36106750392464687
5033,0.36609105180533746
5034,0.39858712715855577
5035,0.3852433281004709
5036,0.32605965463108316
5037,0.49120879120879124
5038,0.4158555729984301
5039,0.38194662480376756
5040,0.3210361067503925
5041,0.37849293563579284
5042,0.4249607535321821
5043,0.4111459968602826
5044,0.3766091051805338
5045,0.35133437990580846
5046,0.34756671899529046
5047,0.404552590266876
5048,0.2726844583987441
5049,0.4368916797488226
5050,0.4037676609105181
5051,0.401883830455259
5052,0.39262166405023546
5053,0.48775510204081635
5054,0.3431711145996861
5055,0.41161695447409735
5056,0.4507064364207221
5057,0.3833594976452119
5058,0.42574568288854
5059,0.32339089481946626
5060,0.3536891679748822
5061,0.42135007849293576
5062,0.2789638932496076
5063,0.3777080062794348
5064,0.3794348508634223
5065,0.3028257456828885
5066,0.289010989010989
5067,0.24740973312401884
5068,0.20894819466248035
5069,0.26012558869701724
5070,0.4237048665620094
5071,0.40800627943485085
5072,0.27755102040816326
5073,0.3196232339089482
5074,0.30565149136577713
5075,0.28288854003139724
5076,0.4086342229199373
5077,0.5295133437990581
5078,0.4119309262166405
5079,0.3163265306122449
5080,0.30047095761381476
5081,0.332182103610675
5082,0.48398744113029835
5083,0.3417582417582419
5084,0.520094191522763
5085,0.4472527472527473
5086,0.5775510204081632
5087,0.3551020408163265
5088,0.4695447409733124
5089,0.3825745682888539
5090,0.365934065934066
5091,0.330298273155416
5092,0.3864992150706436
5093,0.31224489795918364
5094,0.3485086342229199
5095,0.4827315541601256
5096,0.39843014128728405
5097,0.5320251177394034
5098,0.41318681318681316
5099,0.35808477237048664
5100,0.3620094191522762
5101,0.46813186813186813
5102,0.4293563579277865
5103,0.25070643642072216
5104,0.42150706436420726
5105,0.3092621664050235
5106,0.34568288854003143
5107,0.42323390894819474
5108,0.3841444270015698
5109,0.29434850863422296
5110,0.45243328100470964
5111,0.4240188383045525
5112,0.25761381475667194
5113,0.4185243328100472
5114,0.42480376766091055
5115,0.4021978021978022
5116,0.3455259026687597
5117,0.31475667189952905
5118,0.31365777080062796
5119,0.314756671899529
5120,0.3103610675039246
5121,0.3144427001569859
5122,0.33987441130298274
5123,0.446938775510204
5124,0.41240188383045523
5125,0.33029827315541604
5126,0.3175824175824176
5127,0.3982731554160126
5128,0.3395604395604396
5129,0.41491365777080064
5130,0.41193092621664057
5131,0.34646781789638936
5132,0.4144427001569859
5133,0.34568288854003143
5134,0.3229199372056515
5135,0.3277864992150707
5136,0.4784929356357928
5137,0.3222919937205651
5138,0.38712715855573
5139,0.3976452119309262
5140,0.4111459968602826
5141,0.3583987441130298
5142,0.42872841444270016
5143,0.4789638932496075
5144,0.35039246467817897
5145,0.3893249607535322
5146,0.4588697017268446
5147,0.3346938775510205
5148,0.4043956043956043
5149,0.4279434850863422
5150,0.4208791208791209
5151,0.3924646781789639
5152,0.28681318681318674
5153,0.3335949764521193
5154,0.39654631083202513
5155,0.39419152276295133
5156,0.4720565149136578
5157,0.4012558869701728
5158,0.5401883830455259
5159,0.2963893249607535
5160,0.4720565149136578
5161,0.3795918367346939
5162,0.5240188383045526
5163,0.5273155416012558
5164,0.3197802197802198
5165,0.3847723704866562
5166,0.33265306122448984
5167,0.28226059654631086
5168,0.4070643642072213
5169,0.4021978021978022
5170,0.389795918367347
5171,0.34740973312401885
5172,0.3725274725274725
5173,0.37456828885400323
5174,0.4593406593406594
5175,0.37535321821036105
5176,0.3649921507064365
5177,0.47425431711146
5178,0.36075353218210365
5179,0.28932496075353215
5180,0.37503924646781794
5181,0.46248037676609105
5182,0.418210361067504
5183,0.4240188383045526
5184,0.4285714285714285
5185,0.39780219780219783
5186,0.3394034536891679
5187,0.43422291993720563
5188,0.39262166405023546
5189,0.35180533751962323
5190,0.4237048665620094
5191,0.3361067503924647
5192,0.27142857142857146
5193,0.41177394034536896
5194,0.35572998430141295
5195,0.39356357927786495
5196,0.32072213500784924
5197,0.44065934065934076
5198,0.2802197802197802
5199,0.3990580847723704
5200,0.43061224489795913
5201,0.39717425431711145
5202,0.4076923076923077
5203,0.31475667189952905
5204,0.3583987441130298
5205,0.3605965463108321
5206,0.39686028257456835
5207,0.3640502354788068
5208,0.35682888540031393
5209,0.38744113029827315
5210,0.40078492935635796
5211,0.2379905808477237
5212,0.46656200941915227
5213,0.29748822605965464
5214,0.3102040816326531
5215,0.38587127158555734
5216,0.4723704866562009
5217,0.3653061224489796
5218,0.3459968602825746
5219,0.31114599686028255
5220,0.25400313971742544
5221,0.4430141287284144
5222,0.3995290423861852
5223,0.28383045525902667
5224,0.4770800627943485
5225,0.29764521193092625
5226,0.37519623233908944
5227,0.37158555729984294
5228,0.5290423861852435
5229,0.2814756671899529
5230,0.31318681318681324
5231,0.31962323390894826
5232,0.45886970172684466
5233,0.37158555729984305
5234,0.4335949764521193
5235,0.4193092621664051
5236,0.30722135007849294
5237,0.378021978021978
5238,0.38571428571428573
5239,0.35149136577708007
5240,0.4990580847723705
5241,0.31255886970172686
5242,0.4175824175824175
5243,0.44819466248037676
5244,0.4241758241758243
5245,0.3784929356357928
5246,0.439403453689168
5247,0.2778649921507064
5248,0.404552590266876
5249,0.32715855572998426
5250,0.39654631083202513
5251,0.43861852433281007
5252,0.42166405023547887
5253,0.2952904238618524
5254,0.38241758241758245
5255,0.47048665620094193
5256,0.2455259026687598
5257,0.3576138147566719
5258,0.3535321821036107
5259,0.36718995290423867
5260,0.37205651491365777
5261,0.4323390894819466
5262,0.4233908948194663
5263,0.36624803767660913
5264,0.40219780219780216
5265,0.3427001569858712
5266,0.5572998430141287
5267,0.4437990580847723
5268,0.37660910518053375
5269,0.3246467817896389
5270,0.4177394034536892
5271,0.4139717425431711
5272,0.439403453689168
5273,0.31601255886970175
5274,0.4342229199372057
5275,0.3769230769230769
5276,0.3516483516483517
5277,0.4233908948194663
5278,0.36467817896389326
5279,0.506436420722135
5280,0.3602825745682888
5281,0.3934065934065934
5282,0.31930926216640504
5283,0.5400313971742543
5284,0.31381475667189956
5285,0.30879120879120875
5286,0.454945054945055
5287,0.2127158555729984
5288,0.39010989010989017
5289,0.38995290423861856
5290,0.46483516483516485
5291,0.37519623233908955
5292,0.378021978021978
5293,0.3298273155416013
5294,0.43437990580847724
5295,0.3747252747252747
5296,0.32448979591836735
5297,0.345839874411303
5298,0.3904238618524333
5299,0.454160125588697
5300,0.42762951334379906
5301,0.4119309262166405
5302,0.41193092621664046
5303,0.3389324960753532
5304,0.4810047095761382
5305,0.3960753532182104
5306,0.3635792778649921
5307,0.47943485086342225
5308,0.38461538461538464
5309,0.4089481946624804
5310,0.38147566718995296
5311,0.3230769230769231
5312,0.4441130298273156
5313,0.4069073783359497
5314,0.29058084772370485
5315,0.4720565149136578
5316,0.3679748822605965
5317,0.41114599686028264
5318,0.3814756671899529
5319,0.3097331240188383
5320,0.4532182103610675
5321,0.41004709576138154
5322,0.28383045525902667
5323,0.30957613814756674
5324,0.4912087912087913
5325,0.37189952904238616
5326,0.3711145996860283
5327,0.31004709576138145
5328,0.3331240188383045
5329,0.3901098901098901
5330,0.4039246467817897
5331,0.32951334379905806
5332,0.5202511773940346
5333,0.3489795918367347
5334,0.45510204081632655
5335,0.3819466248037677
5336,0.3665620094191523
5337,0.31883830455259027
5338,0.4767660910518053
5339,0.29434850863422296
5340,0.4051805337519623
5341,0.40722135007849286
5342,0.29874411302982734
5343,0.4073783359497645
5344,0.3306122448979592
5345,0.4172684458398743
5346,0.39748822605965467
5347,0.5510204081632654
5348,0.5040816326530612
5349,0.296232339089482
5350,0.5291993720565149
5351,0.38540031397174257
5352,0.2886970172684459
5353,0.5009419152276295
5354,0.3075353218210361
5355,0.37032967032967035
5356,0.417425431711146
5357,0.5715855572998431
5358,0.2990580847723705
5359,0.38555729984301423
5360,0.44536891679748825
5361,0.512087912087912
5362,0.40188383045525905
5363,0.4119309262166405
5364,0.42888540031397165
5365,0.3237048665620095
5366,0.2737833594976452
5367,0.35463108320251185
5368,0.29293563579277865
5369,0.3411302982731554
5370,0.5296703296703297
5371,0.32527472527472534
5372,0.3783359497645212
5373,0.3902668759811617
5374,0.3189952904238619
5375,0.38084772370486647
5376,0.3700156985871272
5377,0.2981161695447409
5378,0.3390894819466248
5379,0.21993720565149136
5380,0.5029827315541601
5381,0.5430141287284145
5382,0.27252747252747256
5383,0.41883830455259025
5384,0.44301412872841445
5385,0.3577708006279434
5386,0.3047095761381476
5387,0.45243328100470953
5388,0.28979591836734686
5389,0.369701726844584
5390,0.31255886970172686
5391,0.3527472527472527
5392,0.3901098901098901
5393,0.49356357927786504
5394,0.4799058084772371
5395,0.4488226059654631
5396,0.30612244897959184
5397,0.48838304552590256
5398,0.42417582417582417
5399,0.2759811616954474
5400,0.36436420722135004
5401,0.3555729984301413
5402,0.30376766091051804
5403,0.42025117739403456
5404,0.4248037676609106
5405,0.34113029827315533
5406,0.3967032967032967
5407,0.38084772370486647
5408,0.3427001569858712
5409,0.38524332810047096
5410,0.38697017268445844
5411,0.241287284144427
5412,0.24882260596546316
5413,0.38885400313971746
5414,0.44599686028257457
5415,0.42511773940345365
5416,0.4161695447409733
5417,0.38037676609105187
5418,0.316640502354788
5419,0.35007849293563575
5420,0.5455259026687597
5421,0.41868131868131864
5422,0.41522762951334385
5423,0.34740973312401885
5424,0.4653061224489795
5425,0.45164835164835165
5426,0.3032967032967033
5427,0.38932496075353223
5428,0.4557299843014128
5429,0.3789638932496076
5430,0.3857142857142857
5431,0.20078492935635792
5432,0.2879120879120879
5433,0.3414442700156986
5434,0.20627943485086342
5435,0.3056514913657771
5436,0.5215070643642072
5437,0.32715855572998426
5438,0.47598116169544735
5439,0.4222919937205652
5440,0.2919937205651491
5441,0.45918367346938777
5442,0.367032967032967
5443,0.32857142857142857
5444,0.3987441130298273
5445,0.3794348508634223
5446,0.3590266875981161
5447,0.37237048665620087
5448,0.3868131868131868
5449,0.3543171114599685
5450,0.37849293563579284
5451,0.3945054945054945
5452,0.4417582417582417
5453,0.4335949764521193
5454,0.3494505494505495
5455,0.4171114599686029
5456,0.34065934065934067
5457,0.4025117739403453
5458,0.4075353218210361
5459,0.3563579277864992
5460,0.4896389324960753
5461,0.3332810047095761
5462,0.35007849293563575
5463,0.4262166405023548
5464,0.4111459968602825
5465,0.4891679748822605
5466,0.4208791208791208
5467,0.39874411302982743
5468,0.30580847723704874
5469,0.32291993720565154
5470,0.3843014128728415
5471,0.40816326530612246
5472,0.32715855572998426
5473,0.3828885400313972
5474,0.34960753532182115
5475,0.3122448979591837
5476,0.4740973312401883
5477,0.4244897959183674
5478,0.2664050235478807
5479,0.39324960753532184
5480,0.2700156985871271
5481,0.3183673469387755
5482,0.4357927786499215
5483,0.39230769230769236
5484,0.4010989010989011
5485,0.5274725274725275
5486,0.36813186813186816
5487,0.4836734693877551
5488,0.23563579277864993
5489,0.3604395604395605
5490,0.32590266875981166
5491,0.40722135007849297
5492,0.5059654631083202
5493,0.43186813186813194
5494,0.29450549450549446
5495,0.4188383045525903
5496,0.32731554160125587
5497,0.43218210361067505
5498,0.4414442700156987
5499,0.37723704866562
5500,0.37770800627943485
5501,0.45400313971742534
5502,0.3442700156985871
5503,0.4389324960753532
5504,0.38649921507064366
5505,0.3697017268445841
5506,0.34662480376766097
5507,0.40439560439560435
5508,0.34725274725274724
5509,0.37488226059654634
5510,0.4392464678178964
5511,0.3467817896389325
5512,0.29340659340659336
5513,0.27582417582417584
5514,0.4982731554160126
5515,0.3158555729984301
5516,0.27645211930926217
5517,0.4642072213500784
5518,0.44442700156985865
5519,0.3309262166405024
5520,0.31664050235478813
5521,0.4025117739403453
5522,0.2328100470957614
5523,0.45525902668759805
5524,0.31899529042386193
5525,0.4427001569858713
5526,0.3251177394034537
5527,0.38492935635792774
5528,0.37158555729984294
5529,0.3805337519623234
5530,0.40439560439560435
5531,0.34128728414442694
5532,0.38602825745682895
5533,0.3403453689167975
5534,0.4350078492935636
5535,0.3629513343799058
5536,0.3712715855572998
5537,0.37927786499215077
5538,0.4034536891679749
5539,0.3602825745682888
5540,0.27912087912087913
5541,0.36938775510204086
5542,0.36043956043956044
5543,0.3317111459968603
5544,0.35227629513343806
5545,0.4555729984301413
5546,0.41067503924646787
5547,0.31538461538461543
5548,0.25274725274725274
5549,0.38524332810047096
5550,0.36813186813186816
5551,0.30298273155416017
5552,0.326530612244898
5553,0.3945054945054946
5554,0.3882260596546311
5555,0.47127158555729987
5556,0.4822605965463108
5557,0.3376766091051806
5558,0.33155416012558875
5559,0.3797488226059655
5560,0.363265306122449
5561,0.48995290423861854
5562,0.36923076923076925
5563,0.4632653061224489
5564,0.4039246467817896
5565,0.36750392464678183
5566,0.31208791208791214
5567,0.3075353218210361
5568,0.250392464678179
5569,0.36828885400313965
5570,0.31491365777080066
5571,0.38006279434850876
5572,0.3227629513343799
5573,0.29795918367346935
5574,0.3058084772370487
5575,0.3952904238618524
5576,0.34568288854003143
5577,0.31883830455259027
5578,0.42543171114599687
5579,0.41365777080062793
5580,0.3993720565149137
5581,0.33359497645211933
5582,0.43547880690737834
5583,0.3758241758241758
5584,0.4226059654631083
5585,0.3017268445839874
5586,0.4722135007849294
5587,0.2480376766091052
5588,0.5017268445839875
5589,0.33469387755102037
5590,0.2875981161695448
5591,0.45149136577708004
5592,0.3139717425431711
5593,0.5496075353218209
5594,0.418210361067504
5595,0.5282574568288855
5596,0.2516483516483516
5597,0.4233908948194662
5598,0.506436420722135
5599,0.296232339089482
5600,0.3841444270015698
5601,0.49293563579277866
5602,0.4395604395604395
5603,0.3783359497645211
5604,0.24379905808477237
5605,0.5233908948194662
5606,0.301883830455259
5607,0.40957613814756666
5608,0.37284144427001564
5609,0.3010989010989012
5610,0.4241758241758243
5611,0.41240188383045523
5612,0.4023547880690738
5613,0.2731554160125588
5614,0.4453689167974883
5615,0.36797488226059655
5616,0.40910518053375194
5617,0.3777080062794349
5618,0.39686028257456835
5619,0.36656200941915223
5620,0.39450549450549444
5621,0.2237048665620094
5622,0.4682888540031397
5623,0.3186813186813187
5624,0.4759811616954474
5625,0.4098901098901099
5626,0.3483516483516484
5627,0.3025117739403454
5628,0.41695447409733116
5629,0.36106750392464676
5630,0.36530612244897964
5631,0.37017268445839874
5632,0.39372056514913656
5633,0.2609105180533752
5634,0.30439560439560437
5635,0.4119309262166405
5636,0.46938775510204084
5637,0.3138147566718995
5638,0.42982731554160125
5639,0.4194662480376766
5640,0.47880690737833603
5641,0.3359497645211932
5642,0.4158555729984302
5643,0.44882260596546303
5644,0.5290423861852435
5645,0.3808477237048665
5646,0.33783359497645205
5647,0.40376766091051813
5648,0.40094191522762956
5649,0.29874411302982734
5650,0.45620094191522764
5651,0.37237048665620104
5652,0.2841444270015699
5653,0.3122448979591837
5654,0.45353218210361074
5655,0.4227629513343799
5656,0.39010989010989006
5657,0.18006279434850866
5658,0.33908948194662486
5659,0.3904238618524333
5660,0.3781789638932496
5661,0.3274725274725275
5662,0.34615384615384615
5663,0.2869701726844584
5664,0.3565149136577707
5665,0.4777080062794349
5666,0.33029827315541604
5667,0.36734693877551017
5668,0.44379905808477244
5669,0.3375196232339089
5670,0.2296703296703297
5671,0.26310832025117736
5672,0.4161695447409733
5673,0.4306122448979593
5674,0.463265306122449
5675,0.33453689167974876
5676,0.3373626373626374
5677,0.4098901098901099
5678,0.439403453689168
5679,0.25792778649921505
5680,0.5180533751962325
5681,0.3183673469387755
5682,0.557927786499215
5683,0.3662480376766091
5684,0.289010989010989
5685,0.2731554160125588
5686,0.2726844583987441
5687,0.5109890109890111
5688,0.3058084772370487
5689,0.419309262166405
5690,0.3350078492935636
5691,0.398116169544741
5692,0.48979591836734704
5693,0.3510204081632654
5694,0.29199372056514916
5695,0.4861852433281005
5696,0.37645211930926215
5697,0.2411302982731555
5698,0.3339089481946625
5699,0.3356357927786499
5700,0.37362637362637363
5701,0.45290423861852436
5702,0.2645211930926216
5703,0.42558869701726854
5704,0.41287284144427006
5705,0.4017268445839874
5706,0.34803767660910523
5707,0.2891679748822606
5708,0.45698587127158546
5709,0.39921507064364203
5710,0.3697017268445841
5711,0.35102040816326524
5712,0.38665620094191533
5713,0.4263736263736263
5714,0.3527472527472527
5715,0.4653061224489795
5716,0.3430141287284144
5717,0.34850863422292006
5718,0.3481946624803767
5719,0.30549450549450546
5720,0.3962323390894819
5721,0.5032967032967033
5722,0.2959183673469388
5723,0.38634222919937206
5724,0.352276295133438
5725,0.28665620094191524
5726,0.4458398744113029
5727,0.476138147566719
5728,0.26546310832025116
5729,0.4007849293563579
5730,0.44552590266875985
5731,0.34662480376766086
5732,0.28555729984301415
5733,0.41255886970172684
5734,0.3357927786499215
5735,0.38775510204081626
5736,0.3621664050235478
5737,0.4078492935635793
5738,0.3792778649921507
5739,0.378021978021978
5740,0.36860282574568287
5741,0.3692307692307693
5742,0.40313971742543175
5743,0.28398744113029833
5744,0.3084772370486656
5745,0.46043956043956047
5746,0.39324960753532184
5747,0.3551020408163265
5748,0.30376766091051804
5749,0.4444270015698587
5750,0.38414442700156987
5751,0.349607535321821
5752,0.2740973312401884
5753,0.38524332810047096
5754,0.33186813186813185
5755,0.44034536891679743
5756,0.2970172684458398
5757,0.3555729984301413
5758,0.31695447409733124
5759,0.3516483516483516
5760,0.32229199372056516
5761,0.2491365777080063
5762,0.44631083202511773
5763,0.2934065934065934
5764,0.32574568288854
5765,0.28383045525902667
5766,0.372684458398744
5767,0.48712715855573
5768,0.3549450549450549
5769,0.3080062794348509
5770,0.2513343799058085
5771,0.47080062794348515
5772,0.40423861852433285
5773,0.40125588697017267
5774,0.5450549450549451
5775,0.402668759811617
5776,0.3601255886970173
5777,0.3039246467817897
5778,0.47378335949764516
5779,0.36813186813186816
5780,0.38775510204081637
5781,0.35070643642072213
5782,0.3114599686028257
5783,0.3938775510204081
5784,0.34631083202511775
5785,0.3921507064364208
5786,0.332182103610675
5787,0.4362637362637362
5788,0.2700156985871272
5789,0.34631083202511775
5790,0.4043956043956044
5791,0.2664050235478807
5792,0.34364207221350085
5793,0.5202511773940345
5794,0.33516483516483514
5795,0.35306122448979593
5796,0.40062794348508646
5797,0.34521193092621666
5798,0.4412872841444271
5799,0.2532182103610675
5800,0.4334379905808477
5801,0.44756671899529044
5802,0.37802197802197796
5803,0.31491365777080066
5804,0.34725274725274724
5805,0.3323390894819466
5806,0.3519623233908948
5807,0.3992150706436421
5808,0.36562009419152275
5809,0.39654631083202513
5810,0.4169544740973312
5811,0.3766091051805338
5812,0.3970172684458399
5813,0.32103610675039246
5814,0.333751962323391
5815,0.5400313971742544
5816,0.4535321821036106
5817,0.34882260596546305
5818,0.43406593406593413
5819,0.4543171114599686
5820,0.4277864992150707
5821,0.24788069073783356
5822,0.48916797488226055
5823,0.33375196232339094
5824,0.3662480376766091
5825,0.27613814756671906
5826,0.4251177394034537
5827,0.3599686028257456
5828,0.32825745682888535
5829,0.35557299843014134
5830,0.533751962323391
5831,0.41130298273155413
5832,0.4128728414442701
5833,0.3233908948194663
5834,0.40910518053375194
5835,0.4315541601255887
5836,0.3902668759811617
5837,0.4208791208791208
5838,0.3043956043956045
5839,0.2970172684458399
5840,0.42103610675039244
5841,0.5003139717425432
5842,0.34458398744113033
5843,0.39230769230769225
5844,0.37080062794348506
5845,0.3262166405023548
5846,0.4156985871271585
5847,0.2836734693877551
5848,0.4166405023547881
5849,0.5012558869701726
5850,0.38320251177394027
5851,0.45243328100470953
5852,0.4478806907378336
5853,0.4657770800627944
5854,0.4271585557299843
5855,0.3948194662480377
5856,0.4020408163265306
5857,0.43971742543171116
5858,0.43453689167974874
5859,0.41993720565149134
5860,0.3557299843014129
5861,0.44599686028257457
5862,0.42386185243328106
5863,0.49356357927786504
5864,0.535949764521193
5865,0.32527472527472534
5866,0.3472527472527473
5867,0.5156985871271585
5868,0.43547880690737834
5869,0.38822605965463103
5870,0.3758241758241758
5871,0.39073783359497644
5872,0.28963893249607536
5873,0.3970172684458399
5874,0.43375196232339086
5875,0.37189952904238616
5876,0.27990580847723706
5877,0.3698587127158556
5878,0.40659340659340654
5879,0.4828885400313972
5880,0.3073783359497645
5881,0.3781789638932495
5882,0.3350078492935636
5883,0.45039246467817906
5884,0.3725274725274726
5885,0.2978021978021978
5886,0.46279434850863427
5887,0.41208791208791207
5888,0.28932496075353215
5889,0.3974882260596546
5890,0.30894819466248036
5891,0.44583987441130307
5892,0.31805337519623234
5893,0.3270015698587127
5894,0.42700156985871274
5895,0.30910518053375197
5896,0.4001569858712716
5897,0.4773940345368918
5898,0.4290423861852433
5899,0.5416012558869702
5900,0.47912087912087914
5901,0.39638932496075346
5902,0.239403453689168
5903,0.3806907378335949
5904,0.4215070643642071
5905,0.5221350078492936
5906,0.4237048665620095
5907,0.38210361067503934
5908,0.39717425431711145
5909,0.4021978021978022
5910,0.3285714285714286
5911,0.2673469387755102
5912,0.37692307692307697
5913,0.4042386185243328
5914,0.31271585557299847
5915,0.44332810047095755
5916,0.3712715855572998
5917,0.3729984301412873
5918,0.41946624803767657
5919,0.33940345368916797
5920,0.36813186813186816
5921,0.46075353218210363
5922,0.3786499215070644
5923,0.3546310832025118
5924,0.4160125588697018
5925,0.29513343799058084
5926,0.3717425431711146
5927,0.386342229199372
5928,0.3750392464678179
5929,0.4599686028257457
5930,0.36656200941915223
5931,0.45651491365777075
5932,0.29560439560439555
5933,0.42166405023547887
5934,0.2957613814756672
5935,0.34160125588697016
5936,0.430298273155416
5937,0.31805337519623234
5938,0.30392464678178965
5939,0.45620094191522764
5940,0.36153846153846153
5941,0.3830455259026687
5942,0.43171114599686033
5943,0.365149136577708
5944,0.2827315541601256
5945,0.3596546310832025
5946,0.3156985871271586
5947,0.2970172684458399
5948,0.3924646781789639
5949,0.4268445839874412
5950,0.35180533751962323
5951,0.2646781789638932
5952,0.42684458398744124
5953,0.2987441130298273
5954,0.2792778649921507
5955,0.4518053375196232
5956,0.31538461538461543
5957,0.4353218210361068
5958,0.4023547880690738
5959,0.35353218210361076
5960,0.4943485086342229
5961,0.46169544740973306
5962,0.4006279434850864
5963,0.4433281004709576
5964,0.3923076923076923
5965,0.38147566718995296
5966,0.3822605965463108
5967,0.3144427001569859
5968,0.4020408163265306
5969,0.3494505494505495
5970,0.328414442700157
5971,0.373469387755102
5972,0.3940345368916797
5973,0.3638932496075353
5974,0.35588697017268445
5975,0.29638932496075354
5976,0.35321821036106743
5977,0.2984301412872842
5978,0.4318681318681318
5979,0.3023547880690738
5980,0.373469387755102
5981,0.39403453689167983
5982,0.4020408163265307
5983,0.29638932496075354
5984,0.3957613814756672
5985,0.3408163265306123
5986,0.30800627943485087
5987,0.36200941915227636
5988,0.24050235478806906
5989,0.2708006279434851
5990,0.4138147566718996
5991,0.3029827315541601
5992,0.4237048665620094
5993,0.3164835164835164
5994,0.3554160125588696
5995,0.37456828885400323
5996,0.3114599686028257
5997,0.3346938775510204
5998,0.5266875981161696
5999,0.3417582417582418
6000,0.4271585557299843
6001,0.41538461538461535
6002,0.31601255886970175
6003,0.42354788069073784
6004,0.40706436420722136
6005,0.2612244897959184
6006,0.38963893249607534
6007,0.5332810047095762
6008,0.3783359497645212
6009,0.4362637362637363
6010,0.3313971742543171
6011,0.423861852433281
6012,0.24850863422291994
6013,0.4025117739403454
6014,0.4854003139717425
6015,0.4847723704866563
6016,0.4230769230769231
6017,0.3970172684458399
6018,0.3480376766091053
6019,0.5489795918367347
6020,0.4350078492935636
6021,0.391679748822606
6022,0.4222919937205651
6023,0.4370486656200942
6024,0.4387755102040816
6025,0.3963893249607535
6026,0.2943485086342229
6027,0.42543171114599676
6028,0.38995290423861856
6029,0.359811616954474
6030,0.3095761381475667
6031,0.3073783359497645
6032,0.30188383045525896
6033,0.4089481946624804
6034,0.34709576138147563
6035,0.3535321821036107
6036,0.2588697017268446
6037,0.2759811616954474
6038,0.35211930926216634
6039,0.31098901098901094
6040,0.33437990580847726
6041,0.42825745682888533
6042,0.40894819466248034
6043,0.4029827315541602
6044,0.3987441130298273
6045,0.3050235478806908
6046,0.4073783359497645
6047,0.42135007849293565
6048,0.37629513343799054
6049,0.5233908948194662
6050,0.4070643642072214
6051,0.41098901098901097
6052,0.5439560439560439
6053,0.3960753532182104
6054,0.4262166405023548
6055,0.3215070643642072
6056,0.41381475667189943
6057,0.3795918367346939
6058,0.4547880690737834
6059,0.4616954474097331
6060,0.3766091051805338
6061,0.2638932496075353
6062,0.41130298273155413
6063,0.2877551020408164
6064,0.40313971742543175
6065,0.3825745682888541
6066,0.34442700156985867
6067,0.275353218210361
6068,0.33139717425431714
6069,0.35714285714285715
6070,0.6244897959183673
6071,0.2591836734693878
6072,0.35102040816326524
6073,0.32323390894819465
6074,0.3042386185243328
6075,0.41350078492935644
6076,0.4200941915227629
6077,0.4554160125588698
6078,0.5119309262166405
6079,0.3260596546310833
6080,0.345054945054945
6081,0.4204081632653061
6082,0.33296703296703295
6083,0.3596546310832025
6084,0.3445839874411303
6085,0.33390894819466244
6086,0.3547880690737833
6087,0.29230769230769227
6088,0.32700156985871276
6089,0.505651491365777
6090,0.3832025117739404
6091,0.4197802197802198
6092,0.2692307692307693
6093,0.2886970172684458
6094,0.35274725274725277
6095,0.3596546310832025
6096,0.30596546310832023
6097,0.3510204081632652
6098,0.45196232339089487
6099,0.4145996860282574
6100,0.43437990580847724
6101,0.4279434850863423
6102,0.3395604395604395
6103,0.39654631083202524
6104,0.3861852433281005
6105,0.36357927786499206
6106,0.3913657770800628
6107,0.41522762951334385
6108,0.5141287284144427
6109,0.3248037676609105
6110,0.3791208791208791
6111,0.3949764521193092
6112,0.4332810047095762
6113,0.49324960753532177
6114,0.3609105180533751
6115,0.44081632653061226
6116,0.29293563579277865
6117,0.3563579277864992
6118,0.3623233908948195
6119,0.3453689167974882
6120,0.3158555729984301
6121,0.36718995290423867
6122,0.43437990580847713
6123,0.37048665620094184
6124,0.3574568288854003
6125,0.35086342229199374
6126,0.4547880690737834
6127,0.3607535321821036
6128,0.4499215070643641
6129,0.3654631083202511
6130,0.5167974882260596
6131,0.3580847723704867
6132,0.33328100470957617
6133,0.4036106750392464
6134,0.5222919937205652
6135,0.3481946624803768
6136,0.4896389324960754
6137,0.25541601255886975
6138,0.4290423861852433
6139,0.490894819466248
6140,0.30596546310832023
6141,0.48587127158555726
6142,0.29073783359497646
6143,0.4193092621664051
6144,0.46216640502354794
6145,0.47990580847723713
6146,0.33657770800627945
6147,0.5307692307692308
6148,0.4084772370486656
6149,0.38728414442700154
6150,0.32621664050235477
6151,0.41397174254317115
6152,0.39921507064364203
6153,0.542386185243328
6154,0.2417582417582418
6155,0.3025117739403454
6156,0.4213500784929357
6157,0.34317111459968613
6158,0.4315541601255887
6159,0.3722135007849293
6160,0.44474097331240187
6161,0.4042386185243328
6162,0.3108320251177394
6163,0.4569858712715856
6164,0.24819466248037678
6165,0.24521193092621665
6166,0.40455259026687596
6167,0.4326530612244897
6168,0.39215070643642075
6169,0.30879120879120875
6170,0.4373626373626374
6171,0.34270015698587125
6172,0.28728414442700156
6173,0.34207221350078487
6174,0.304552590266876
6175,0.4915227629513344
6176,0.30847723704866564
6177,0.34552590266875977
6178,0.406436420722135
6179,0.3237048665620094
6180,0.34882260596546305
6181,0.33202511773940346
6182,0.35086342229199374
6183,0.4290423861852433
6184,0.41381475667189943
6185,0.4390894819466249
6186,0.35886970172684457
6187,0.32480376766091057
6188,0.46106750392464674
6189,0.4279434850863422
6190,0.3948194662480377
6191,0.33390894819466255
6192,0.46420722135007847
6193,0.3819466248037677
6194,0.29623233908948193
6195,0.447723704866562
6196,0.45478806907378333
6197,0.36797488226059655
6198,0.4437990580847723
6199,0.2693877551020408
6200,0.3480376766091052
6201,0.42135007849293565
6202,0.34442700156985867
6203,0.3097331240188383
6204,0.38178963893249607
6205,0.42244897959183675
6206,0.32684458398744115
6207,0.49481946624803763
6208,0.3927786499215071
6209,0.418210361067504
6210,0.38304552590266877
6211,0.33312401883830456
6212,0.26656200941915226
6213,0.5700156985871272
6214,0.3789638932496075
6215,0.3339089481946625
6216,0.3136577708006279
6217,0.3934065934065934
6218,0.46232339089481955
6219,0.4739403453689169
6220,0.4582417582417583
6221,0.33437990580847726
6222,0.3569858712715856
6223,0.43218210361067494
6224,0.18932496075353217
6225,0.31805337519623234
6226,0.3708006279434851
6227,0.43108320251177396
6228,0.38320251177394027
6229,0.38979591836734695
6230,0.2803767660910518
6231,0.3183673469387756
6232,0.30423861852433276
6233,0.2984301412872842
6234,0.34379905808477235
6235,0.43076923076923074
6236,0.37660910518053375
6237,0.4453689167974883
6238,0.3566718995290424
6239,0.3791208791208791
6240,0.320094191522763
6241,0.4673469387755102
6242,0.3700156985871272
6243,0.46405023547880686
6244,0.4156985871271585
6245,0.3456828885400314
6246,0.3813186813186813
6247,0.3353218210361067
6248,0.2967032967032967
6249,0.42558869701726837
6250,0.47409733124018844
6251,0.31067503924646794
6252,0.4237048665620094
6253,0.2255886970172685
6254,0.284458398744113
6255,0.47943485086342225
6256,0.45620094191522764
6257,0.3497645211930927
6258,0.32747252747252753
6259,0.30863422291993725
6260,0.3345368916797489
6261,0.3092621664050235
6262,0.3833594976452119
6263,0.41020408163265304
6264,0.4756671899529043
6265,0.37535321821036105
6266,0.3656200941915228
6267,0.46153846153846156
6268,0.3551020408163265
6269,0.4304552590266875
6270,0.35478806907378335
6271,0.31742543171114596
6272,0.42496075353218216
6273,0.2919937205651491
6274,0.3345368916797488
6275,0.4638932496075353
6276,0.45180533751962326
6277,0.4679748822605965
6278,0.3821036106750392
6279,0.35290423861852427
6280,0.29843014128728423
6281,0.40753532182103613
6282,0.32605965463108316
6283,0.37425431711145996
6284,0.38948194662480384
6285,0.35447409733124025
6286,0.48995290423861854
6287,0.24678178963893252
6288,0.43061224489795924
6289,0.3430141287284144
6290,0.3563579277864992
6291,0.27017268445839876
6292,0.31805337519623234
6293,0.315541601255887
6294,0.3937205651491366
6295,0.33390894819466244
6296,0.46766091051805336
6297,0.3164835164835165
6298,0.4536891679748823
6299,0.357613814756672
6300,0.37362637362637363
6301,0.3227629513343799
6302,0.393563579277865
6303,0.521978021978022
6304,0.29497645211930923
6305,0.45604395604395603
6306,0.5664050235478807
6307,0.3040816326530612
6308,0.3411302982731555
6309,0.43642072213500777
6310,0.3576138147566719
6311,0.33500784929356353
6312,0.21836734693877555
6313,0.3023547880690738
6314,0.24897959183673465
6315,0.3996860282574568
6316,0.49340659340659343
6317,0.3987441130298273
6318,0.3659340659340659
6319,0.4756671899529042
6320,0.3731554160125588
6321,0.35824175824175825
6322,0.3846153846153846
6323,0.4158555729984301
6324,0.3310832025117739
6325,0.34050235478806906
6326,0.38053375196232336
6327,0.2524332810047096
6328,0.5499215070643643
6329,0.33139717425431714
6330,0.3715855572998431
6331,0.40580847723704877
6332,0.35180533751962323
6333,0.3248037676609105
6334,0.3389324960753533
6335,0.4416012558869702
6336,0.4406593406593406
6337,0.36342229199372056
6338,0.5004709576138148
6339,0.413657770800628
6340,0.4885400313971742
6341,0.4095761381475667
6342,0.4087912087912088
6343,0.33014128728414444
6344,0.41287284144427
6345,0.4908948194662481
6346,0.54850863422292
6347,0.296232339089482
6348,0.4054945054945055
6349,0.30722135007849294
6350,0.40894819466248045
6351,0.4175824175824176
6352,0.40204081632653066
6353,0.40784929356357924
6354,0.4218210361067504
6355,0.4698587127158556
6356,0.39591836734693875
6357,0.47613814756671907
6358,0.38948194662480373
6359,0.4838304552590267
6360,0.39010989010989006
6361,0.4177394034536892
6362,0.33124018838304553
6363,0.5667189952904239
6364,0.4324960753532182
6365,0.3728414442700157
6366,0.4464678178963894
6367,0.40533751962323394
6368,0.37237048665620087
6369,0.3285714285714286
6370,0.3583987441130298
6371,0.4532182103610675
6372,0.29638932496075354
6373,0.4156985871271585
6374,0.3481946624803767
6375,0.35196232339089484
6376,0.35133437990580857
6377,0.28822605965463105
6378,0.2645211930926216
6379,0.365149136577708
6380,0.3403453689167975
6381,0.40204081632653066
6382,0.32637362637362627
6383,0.4485086342229199
6384,0.33437990580847726
6385,0.43579277864992155
6386,0.37425431711145996
6387,0.318210361067504
6388,0.42982731554160125
6389,0.4210361067503925
6390,0.45918367346938777
6391,0.2872841444270016
6392,0.566248037676609
6393,0.3323390894819466
6394,0.4029827315541601
6395,0.265149136577708
6396,0.39434850863422294
6397,0.4218210361067505
6398,0.417425431711146
6399,0.3861852433281005
6400,0.24081632653061225
6401,0.42668759811616946
6402,0.28602825745682886
6403,0.4408163265306122
6404,0.3430141287284144
6405,0.4376766091051806
6406,0.25745682888540034
6407,0.4858712715855574
6408,0.3222919937205652
6409,0.5821036106750392
6410,0.34945054945054943
6411,0.5535321821036107
6412,0.3105180533751962
6413,0.3929356357927786
6414,0.4221350078492935
6415,0.4620094191522763
6416,0.34568288854003143
6417,0.28665620094191524
6418,0.4580847723704866
6419,0.4182103610675039
6420,0.3031397174254317
6421,0.32951334379905806
6422,0.3133437990580848
6423,0.4535321821036106
6424,0.3240188383045526
6425,0.43469387755102046
6426,0.417425431711146
6427,0.4558869701726845
6428,0.5298273155416013
6429,0.3381475667189953
6430,0.5390894819466248
6431,0.37943485086342227
6432,0.4233908948194663
6433,0.40549450549450544
6434,0.4414442700156986
6435,0.39795918367346944
6436,0.25054945054945055
6437,0.3736263736263737
6438,0.3130298273155416
6439,0.4105180533751963
6440,0.4240188383045525
6441,0.3478806907378336
6442,0.30894819466248036
6443,0.42731554160125584
6444,0.30251177394034545
6445,0.4486656200941916
6446,0.37064364207221356
6447,0.48100470957613817
6448,0.4339089481946624
6449,0.35996860282574566
6450,0.4497645211930927
6451,0.30643642072213495
6452,0.4320251177394035
6453,0.42590266875981164
6454,0.3401883830455259
6455,0.359497645211931
6456,0.4040816326530613
6457,0.40926216640502355
6458,0.3755102040816326
6459,0.3059654631083203
6460,0.3287284144427001
6461,0.2758241758241758
6462,0.31350078492935635
6463,0.2901098901098901
6464,0.4543171114599686
6465,0.4335949764521193
6466,0.42354788069073784
6467,0.30172684458398746
6468,0.343171114599686
6469,0.4613814756671899
6470,0.5205651491365777
6471,0.31852433281004705
6472,0.43296703296703287
6473,0.32009419152276297
6474,0.3963893249607535
6475,0.47048665620094193
6476,0.4489795918367347
6477,0.34379905808477235
6478,0.5430141287284145
6479,0.47268445839874407
6480,0.45259026687598114
6481,0.5043956043956045
6482,0.45133437990580844
6483,0.29356357927786497
6484,0.4875981161695448
6485,0.41020408163265315
6486,0.38178963893249607
6487,0.32527472527472534
6488,0.29058084772370485
6489,0.42213500784929353
6490,0.27001569858712715
6491,0.29638932496075354
6492,0.4290423861852434
6493,0.36923076923076925
6494,0.3904238618524333
6495,0.2880690737833595
6496,0.4095761381475668
6497,0.4334379905808477
6498,0.3301412872841444
6499,0.36436420722135004
6500,0.37645211930926215
6501,0.34301412872841447
6502,0.40910518053375194
6503,0.4376766091051805
6504,0.41946624803767657
6505,0.4288854003139719
6506,0.46813186813186813
6507,0.38791208791208787
6508,0.285243328100471
6509,0.517425431711146
6510,0.4241758241758241
6511,0.397331240188383
6512,0.42511773940345365
6513,0.36216640502354785
6514,0.4205651491365777
6515,0.4337519623233908
6516,0.35384615384615387
6517,0.3048665620094192
6518,0.3180533751962323
6519,0.3405023547880691
6520,0.2952904238618524
6521,0.33987441130298274
6522,0.34599686028257454
6523,0.3536891679748823
6524,0.31852433281004705
6525,0.5100470957613814
6526,0.3441130298273154
6527,0.3843014128728414
6528,0.4003139717425432
6529,0.3158555729984301
6530,0.25337519623233906
6531,0.47974882260596546
6532,0.29199372056514916
6533,0.38744113029827315
6534,0.41098901098901097
6535,0.3811616954474098
6536,0.4282574568288854
6537,0.3400313971742543
6538,0.3296703296703298
6539,0.4888540031397174
6540,0.3832025117739403
6541,0.31098901098901094
6542,0.3010989010989011
6543,0.31742543171114607
6544,0.3599686028257456
6545,0.3784929356357928
6546,0.3764521193092622
6547,0.3400313971742543
6548,0.3540031397174253
6549,0.3952904238618525
6550,0.40533751962323394
6551,0.46970172684458406
6552,0.29058084772370485
6553,0.36593406593406586
6554,0.3681318681318681
6555,0.443956043956044
6556,0.36624803767660913
6557,0.5541601255886971
6558,0.3227629513343799
6559,0.34740973312401885
6560,0.3403453689167975
6561,0.4237048665620094
6562,0.3963893249607535
6563,0.3062794348508634
6564,0.34945054945054954
6565,0.43014128728414436
6566,0.34913657770800627
6567,0.41554160125588696
6568,0.3974882260596546
6569,0.3032967032967033
6570,0.2819466248037677
6571,0.5131868131868131
6572,0.4092621664050236
6573,0.39167974882260603
6574,0.2645211930926216
6575,0.37802197802197796
6576,0.40643642072213504
6577,0.30156985871271585
6578,0.33594976452119313
6579,0.3361067503924647
6580,0.3549450549450549
6581,0.36295133437990573
6582,0.340502354788069
6583,0.3094191522762952
6584,0.3431711145996861
6585,0.489795918367347
6586,0.365149136577708
6587,0.38131868131868135
6588,0.3100470957613815
6589,0.35871271585557307
6590,0.41444270015698587
6591,0.4127158555729985
6592,0.44678178963893256
6593,0.3525902668759811
6594,0.30047095761381476
6595,0.356828885400314
6596,0.38021978021978015
6597,0.3463108320251177
6598,0.370486656200942
6599,0.37849293563579284
6600,0.45353218210361074
6601,0.4472527472527473
6602,0.45463108320251183
6603,0.346624803767661
6604,0.3585557299843014
6605,0.3803767660910518
6606,0.30015698587127154
6607,0.39591836734693875
6608,0.43076923076923085
6609,0.43704866562009415
6610,0.26530612244897955
6611,0.4640502354788069
6612,0.3025117739403454
6613,0.3056514913657771
6614,0.5480376766091052
6615,0.48131868131868133
6616,0.4207221350078493
6617,0.5342229199372056
6618,0.3654631083202512
6619,0.35102040816326535
6620,0.44835164835164837
6621,0.36985871271585563
6622,0.40329670329670325
6623,0.2306122448979592
6624,0.4028257456828885
6625,0.463265306122449
6626,0.22260596546310832
6627,0.3960753532182104
6628,0.4169544740973312
6629,0.3822605965463108
6630,0.32841444270015696
6631,0.3529042386185243
6632,0.41428571428571426
6633,0.33783359497645205
6634,0.3502354788069074
6635,0.33485086342229203
6636,0.4205651491365777
6637,0.2673469387755102
6638,0.5483516483516484
6639,0.4010989010989012
6640,0.4229199372056515
6641,0.25745682888540034
6642,0.3189952904238618
6643,0.3948194662480377
6644,0.32244897959183677
6645,0.445054945054945
6646,0.3145996860282575
6647,0.4274725274725274
6648,0.3051805337519623
6649,0.4849293563579278
6650,0.26043956043956046
6651,0.4562009419152276
6652,0.3472527472527473
6653,0.41051805337519626
6654,0.37770800627943485
6655,0.373469387755102
6656,0.26766091051805335
6657,0.41726844583987444
6658,0.3563579277864992
6659,0.3682888540031398
6660,0.35808477237048664
6661,0.3700156985871272
6662,0.4489795918367347
6663,0.558712715855573
6664,0.3425431711145997
6665,0.5067503924646781
6666,0.37802197802197807
6667,0.3640502354788069
6668,0.4050235478806908
6669,0.41883830455259025
6670,0.38712715855573
6671,0.4054945054945055
6672,0.4428571428571429
6673,0.3932496075353219
6674,0.3384615384615385
6675,0.4036106750392464
6676,0.4489795918367347
6677,0.34097331240188383
6678,0.39230769230769236
6679,0.33767660910518055
6680,0.40926216640502355
6681,0.3285714285714286
6682,0.3786499215070643
6683,0.31208791208791214
6684,0.28021978021978017
6685,0.41083202511773953
6686,0.2996860282574568
6687,0.27519623233908946
6688,0.38210361067503934
6689,0.3973312401883831
6690,0.48335949764521197
6691,0.4819466248037677
6692,0.44427001569858715
6693,0.4083202511773941
6694,0.45102040816326544
6695,0.4543171114599686
6696,0.26954474097331244
6697,0.3378335949764522
6698,0.3967032967032967
6699,0.5058084772370487
6700,0.5113029827315543
6701,0.38351648351648354
6702,0.4081632653061224
6703,0.3337519623233908
6704,0.24992150706436425
6705,0.47001569858712705
6706,0.4152276295133438
6707,0.28147566718995287
6708,0.38948194662480384
6709,0.4554160125588698
6710,0.3668759811616954
6711,0.3343799058084772
6712,0.2974882260596546
6713,0.40502354788069084
6714,0.3012558869701727
6715,0.48775510204081635
6716,0.45133437990580844
6717,0.44945054945054946
6718,0.34803767660910523
6719,0.27346938775510204
6720,0.4998430141287284
6721,0.4087912087912088
6722,0.3401883830455259
6723,0.5405023547880691
6724,0.3952904238618524
6725,0.4171114599686029
6726,0.2995290423861853
6727,0.3747252747252747
6728,0.38351648351648354
6729,0.4070643642072214
6730,0.3554160125588698
6731,0.32339089481946626
6732,0.33202511773940346
6733,0.44568288854003135
6734,0.378021978021978
6735,0.40957613814756666
6736,0.30266875981161695
6737,0.2937205651491365
6738,0.4062794348508634
6739,0.33406593406593404
6740,0.5015698587127159
6741,0.4406593406593406
6742,0.2985871271585557
6743,0.48948194662480377
6744,0.33359497645211933
6745,0.32605965463108316
6746,0.4585557299843015
6747,0.3370486656200942
6748,0.2638932496075353
6749,0.30989010989010995
6750,0.43814756671899524
6751,0.28116169544740977
6752,0.36656200941915223
6753,0.3838304552590267
6754,0.41773940345368926
6755,0.502668759811617
6756,0.4175824175824177
6757,0.24317111459968602
6758,0.530298273155416
6759,0.40706436420722136
6760,0.24725274725274726
6761,0.3802197802197802
6762,0.3934065934065934
6763,0.36483516483516487
6764,0.40894819466248034
6765,0.23704866562009416
6766,0.42401883830455256
6767,0.37221350078492926
6768,0.5772370486656201
6769,0.35086342229199374
6770,0.3320251177394034
6771,0.4332810047095762
6772,0.4544740973312402
6773,0.46970172684458406
6774,0.3852433281004709
6775,0.4172684458398744
6776,0.2748822605965463
6777,0.3067503924646781
6778,0.3800627943485086
6779,0.35306122448979593
6780,0.29638932496075354
6781,0.30376766091051804
6782,0.32857142857142857
6783,0.4767660910518053
6784,0.285243328100471
6785,0.35086342229199374
6786,0.41098901098901097
6787,0.4993720565149137
6788,0.28461538461538466
6789,0.3092621664050235
6790,0.26467817896389323
6791,0.3880690737833596
6792,0.37268445839874415
6793,0.3891679748822606
6794,0.46373626373626375
6795,0.3568288854003141
6796,0.43296703296703304
6797,0.2995290423861853
6798,0.38728414442700154
6799,0.3441130298273154
6800,0.28555729984301415
6801,0.3745682888540031
6802,0.40518053375196234
6803,0.3629513343799058
6804,0.41397174254317104
6805,0.38854003139717425
6806,0.31365777080062796
6807,0.3494505494505495
6808,0.33673469387755095
6809,0.29309262166405026
6810,0.38351648351648354
6811,0.4014128728414443
6812,0.3687598116169545
6813,0.3817896389324961
6814,0.4579277864992151
6815,0.3326530612244897
6816,0.4337519623233909
6817,0.4076923076923077
6818,0.4373626373626374
6819,0.3987441130298274
6820,0.31208791208791203
6821,0.5194662480376766
6822,0.45054945054945056
6823,0.4547880690737834
6824,0.46781789638932497
6825,0.4425431711145997
6826,0.35808477237048664
6827,0.42888540031397177
6828,0.483673469387755
6829,0.2957613814756672
6830,0.4317111459968603
6831,0.4893249607535322
6832,0.4020408163265307
6833,0.4883830455259027
6834,0.480690737833595
6835,0.4244897959183674
6836,0.3370486656200943
6837,0.3395604395604396
6838,0.3671899529042385
6839,0.47660910518053384
6840,0.38775510204081626
6841,0.44222919937205646
6842,0.4021978021978022
6843,0.364050235478807
6844,0.34003139717425424
6845,0.4237048665620093
6846,0.3555729984301413
6847,0.3042386185243328
6848,0.42386185243328095
6849,0.46954474097331245
6850,0.35729984301412865
6851,0.4222919937205651
6852,0.3978021978021979
6853,0.36734693877551017
6854,0.27755102040816326
6855,0.3505494505494506
6856,0.415541601255887
6857,0.430298273155416
6858,0.44693877551020406
6859,0.339403453689168
6860,0.3996860282574568
6861,0.271585557299843
6862,0.41507064364207225
6863,0.32103610675039246
6864,0.35337519623233915
6865,0.378021978021978
6866,0.42260596546310836
6867,0.4712715855572998
6868,0.3350078492935636
6869,0.35227629513343794
6870,0.35180533751962334
6871,0.34693877551020413
6872,0.19230769230769232
6873,0.3
6874,0.3923076923076923
6875,0.2729984301412873
6876,0.3339089481946624
6877,0.41098901098901097
6878,0.4191522762951334
6879,0.33249607535321823
6880,0.24552590266875982
6881,0.3781789638932495
6882,0.3569858712715856
6883,0.27849293563579275
6884,0.44364207221350077
6885,0.3646781789638932
6886,0.4175824175824175
6887,0.4990580847723705
6888,0.4882260596546311
6889,0.5215070643642072
6890,0.41020408163265304
6891,0.3031397174254317
6892,0.34364207221350085
6893,0.4642072213500784
6894,0.35259026687598116
6895,0.3075353218210361
6896,0.38681318681318677
6897,0.5149136577708006
6898,0.380690737833595
6899,0.38995290423861856
6900,0.3965463108320252
6901,0.45463108320251183
6902,0.3995290423861853
6903,0.27095761381475664
6904,0.37048665620094196
6905,0.38979591836734695
6906,0.4167974882260596
6907,0.3543171114599687
6908,0.4602825745682888
6909,0.2293563579277865
6910,0.5756671899529042
6911,0.40894819466248034
6912,0.36750392464678183
6913,0.3551020408163265
6914,0.3513343799058085
6915,0.34740973312401885
6916,0.5021978021978023
6917,0.45855572998430144
6918,0.4464678178963894
6919,0.5040816326530613
6920,0.37425431711146
6921,0.4251177394034537
6922,0.43437990580847735
6923,0.41993720565149134
6924,0.4773940345368917
6925,0.378021978021978
6926,0.5
6927,0.3681318681318681
6928,0.31632653061224486
6929,0.43155416012558867
6930,0.39419152276295133
6931,0.3993720565149137
6932,0.489010989010989
6933,0.35714285714285715
6934,0.37409733124018835
6935,0.35949764521193084
6936,0.41522762951334385
6937,0.3784929356357928
6938,0.3237048665620095
6939,0.5590266875981161
6940,0.25525902668759815
6941,0.35557299843014123
6942,0.24521193092621665
6943,0.3814756671899529
6944,0.43202511773940344
6945,0.27252747252747256
6946,0.4056514913657771
6947,0.4086342229199372
6948,0.32182103610675034
6949,0.4188383045525903
6950,0.43500784929356356
6951,0.41868131868131864
6952,0.4309262166405024
6953,0.445054945054945
6954,0.32590266875981166
6955,0.34175824175824177
6956,0.2984301412872842
6957,0.4836734693877552
6958,0.29167974882260594
6959,0.3945054945054945
6960,0.4467817896389325
6961,0.40361067503924647
6962,0.38147566718995296
6963,0.4171114599686028
6964,0.35965463108320256
6965,0.5430141287284146
6966,0.2291993720565149
6967,0.4372056514913658
6968,0.43343799058084775
6969,0.44521193092621664
6970,0.445054945054945
6971,0.31130298273155416
6972,0.30769230769230765
6973,0.29858712715855573
6974,0.4298273155416012
6975,0.3379905808477237
6976,0.31318681318681313
6977,0.3665620094191523
6978,0.3758241758241758
6979,0.4773940345368918
6980,0.3032967032967034
6981,0.4441130298273155
6982,0.4339089481946625
6983,0.3700156985871272
6984,0.3056514913657771
6985,0.41915227629513346
6986,0.33124018838304553
6987,0.35039246467817897
6988,0.4494505494505495
6989,0.2122448979591836
6990,0.3869701726844585
6991,0.5028257456828886
6992,0.3720565149136577
6993,0.2583987441130298
6994,0.37284144427001575
6995,0.41365777080062793
6996,0.42558869701726837
6997,0.4092621664050236
6998,0.32810047095761374
6999,0.35981161695447417
7000,0.36185243328100475
7001,0.40832025117739407
7002,0.37064364207221345
7003,0.3758241758241758
7004,0.5084772370486655
7005,0.5364207221350078
7006,0.42857142857142866
7007,0.4751962323390894
7008,0.37645211930926215
7009,0.3113029827315542
7010,0.3324960753532182
7011,0.506436420722135
7012,0.42700156985871274
7013,0.46483516483516485
7014,0.3032967032967033
7015,0.3547880690737833
7016,0.31726844583987435
7017,0.4821036106750392
7018,0.3747252747252748
7019,0.3306122448979591
7020,0.41978021978021973
7021,0.3445839874411303
7022,0.42637362637362636
7023,0.3673469387755102
7024,0.40329670329670336
7025,0.2185243328100471
7026,0.39827315541601255
7027,0.4156985871271585
7028,0.43045525902668763
7029,0.2444270015698587
7030,0.4620094191522762
7031,0.4025117739403455
7032,0.4929356357927787
7033,0.48414442700156984
7034,0.3635792778649921
7035,0.3273155416012559
7036,0.3120879120879122
7037,0.36938775510204086
7038,0.4524332810047097
7039,0.3609105180533752
7040,0.4405023547880691
7041,0.4398744113029826
7042,0.4285714285714285
7043,0.42496075353218205
7044,0.3880690737833595
7045,0.30251177394034545
7046,0.2759811616954474
7047,0.2718995290423862
7048,0.32684458398744115
7049,0.40502354788069067
7050,0.3941915227629514
7051,0.3800627943485087
7052,0.2810047095761382
7053,0.44505494505494514
7054,0.4167974882260596
7055,0.4874411302982731
7056,0.31444270015698583
7057,0.37535321821036105
7058,0.3616954474097332
7059,0.34678178963893247
7060,0.3645211930926217
7061,0.391679748822606
7062,0.4555729984301413
7063,0.2833594976452119
7064,0.35871271585557307
7065,0.31020408163265306
7066,0.5340659340659341
7067,0.27221350078492934
7068,0.2937205651491365
7069,0.44897959183673475
7070,0.5583987441130299
7071,0.44960753532182113
7072,0.37017268445839874
7073,0.362480376766091
7074,0.3858712715855574
7075,0.3692307692307692
7076,0.354160125588697
7077,0.38995290423861856
7078,0.4508634222919938
7079,0.44552590266875974
7080,0.2875981161695447
7081,0.4362637362637362
7082,0.32825745682888546
7083,0.3967032967032966
7084,0.33029827315541604
7085,0.40439560439560435
7086,0.32684458398744115
7087,0.45321821036106746
7088,0.4434850863422292
7089,0.367817896389325
7090,0.4141287284144427
7091,0.3612244897959184
7092,0.4850863422291993
7093,0.4117739403453689
7094,0.4602825745682888
7095,0.2489795918367347
7096,0.4521193092621664
7097,0.46938775510204095
7098,0.3544740973312402
7099,0.3767660910518053
7100,0.4478806907378336
7101,0.4006279434850863
7102,0.37802197802197807
7103,0.37189952904238627
7104,0.3624803767660911
7105,0.30486656200941914
7106,0.37974882260596543
7107,0.391679748822606
7108,0.3797488226059655
7109,0.39372056514913656
7110,0.3902668759811617
7111,0.4846153846153846
7112,0.46828885400313974
7113,0.3172684458398744
7114,0.358712715855573
7115,0.4361067503924647
7116,0.3105180533751962
7117,0.52574568288854
7118,0.3679748822605965
7119,0.37142857142857144
7120,0.33767660910518055
7121,0.39262166405023546
7122,0.3899529042386186
7123,0.3871271585557299
7124,0.413657770800628
7125,0.3711145996860283
7126,0.38163265306122446
7127,0.43971742543171116
7128,0.45149136577708004
7129,0.45965463108320254
7130,0.43861852433281
7131,0.4039246467817897
7132,0.37048665620094196
7133,0.3232339089481946
7134,0.49105180533751963
7135,0.39419152276295133
7136,0.34128728414442705
7137,0.4213500784929356
7138,0.33312401883830456
7139,0.28822605965463105
7140,0.3351648351648352
7141,0.32715855572998426
7142,0.41004709576138154
7143,0.4145996860282574
7144,0.35086342229199374
7145,0.34976452119309265
7146,0.32621664050235477
7147,0.42040816326530617
7148,0.3010989010989011
7149,0.2783359497645212
7150,0.3425431711145996
7151,0.46923076923076923
7152,0.45149136577708004
7153,0.37880690737833594
7154,0.2963893249607535
7155,0.3290423861852433
7156,0.40188383045525894
7157,0.309105180533752
7158,0.2733124018838305
7159,0.4222919937205652
7160,0.3384615384615384
7161,0.4631083202511774
7162,0.40408163265306124
7163,0.4799058084772371
7164,0.4372056514913658
7165,0.3869701726844584
7166,0.38759811616954476
7167,0.3651491365777081
7168,0.39921507064364203
7169,0.43642072213500793
7170,0.2967032967032967
7171,0.28147566718995287
7172,0.4687598116169545
7173,0.4985871271585557
7174,0.3332810047095761
7175,0.37331240188383047
7176,0.3547880690737833
7177,0.4281004709576139
7178,0.3403453689167975
7179,0.2725274725274725
7180,0.3744113029827316
7181,0.49246467817896394
7182,0.31711145996860285
7183,0.4025117739403453
7184,0.3990580847723706
7185,0.32637362637362644
7186,0.3100470957613815
7187,0.44992150706436423
7188,0.3703296703296703
7189,0.37252747252747254
7190,0.4773940345368918
7191,0.35996860282574566
7192,0.3728414442700157
7193,0.44332810047095755
7194,0.417425431711146
7195,0.4629513343799058
7196,0.39858712715855577
7197,0.47613814756671896
7198,0.343956043956044
7199,0.3632653061224489
7200,0.39120879120879126
7201,0.43940345368916794
7202,0.4208791208791208
7203,0.4039246467817896
7204,0.4880690737833596
7205,0.3350078492935636
7206,0.3138147566718995
7207,0.3635792778649921
7208,0.2627943485086342
7209,0.3717425431711146
7210,0.2500784929356358
7211,0.32653061224489793
7212,0.37158555729984305
7213,0.43076923076923074
7214,0.37441130298273156
7215,0.4684458398744113
7216,0.418210361067504
7217,0.42684458398744113
7218,0.5475667189952904
7219,0.31287284144426997
7220,0.2912087912087912
7221,0.47315541601255884
7222,0.3362637362637363
7223,0.33516483516483525
7224,0.5805337519623234
7225,0.4445839874411303
7226,0.3882260596546311
7227,0.34960753532182115
7228,0.35541601255886973
7229,0.18712715855572995
7230,0.4767660910518053
7231,0.3503924646781789
7232,0.43908948194662484
7233,0.3031397174254317
7234,0.4279434850863422
7235,0.31193092621664054
7236,0.40800627943485096
7237,0.35824175824175825
7238,0.30376766091051804
7239,0.3725274725274726
7240,0.3993720565149137
7241,0.3934065934065934
7242,0.39843014128728427
7243,0.39811616954474094
7244,0.3904238618524333
7245,0.42370486656200945
7246,0.4177394034536892
7247,0.4965463108320251
7248,0.4320251177394034
7249,0.3626373626373626
7250,0.3102040816326531
7251,0.4660910518053375
7252,0.3149136577708006
7253,0.46734693877551026
7254,0.35274725274725277
7255,0.4208791208791209
7256,0.47613814756671896
7257,0.3513343799058085
7258,0.5017268445839874
7259,0.4150706436420722
7260,0.3643642072213501
7261,0.46216640502354794
7262,0.4230769230769231
7263,0.4138147566718996
7264,0.38806907378335953
7265,0.40078492935635796
7266,0.3714285714285714
7267,0.37613814756671904
7268,0.298901098901099
7269,0.3233908948194663
7270,0.4224489795918368
7271,0.4398744113029827
7272,0.4040816326530612
7273,0.4638932496075353
7274,0.34788069073783356
7275,0.336734693877551
7276,0.40596546310832027
7277,0.36342229199372056
7278,0.43940345368916794
7279,0.4307692307692307
7280,0.27205651491365773
7281,0.3777080062794349
7282,0.3510204081632654
7283,0.3954474097331241
7284,0.32229199372056516
7285,0.3420722135007849
7286,0.3029827315541601
7287,0.4645211930926217
7288,0.35965463108320245
7289,0.36954474097331236
7290,0.5368916797488226
7291,0.3417582417582417
7292,0.3483516483516484
7293,0.24552590266875982
7294,0.42464678178963894
7295,0.398116169544741
7296,0.4122448979591837
7297,0.4979591836734693
7298,0.3620094191522762
7299,0.40313971742543175
7300,0.2854003139717426
7301,0.4921507064364207
7302,0.3067503924646782
7303,0.3175824175824175
7304,0.3379905808477237
7305,0.3544740973312402
7306,0.3116169544740973
7307,0.42731554160125584
7308,0.38602825745682884
7309,0.3419152276295133
7310,0.32323390894819465
7311,0.45274725274725275
7312,0.3175824175824176
7313,0.40627943485086343
7314,0.41161695447409735
7315,0.5017268445839874
7316,0.42653061224489797
7317,0.3306122448979592
7318,0.4191522762951334
7319,0.47048665620094193
7320,0.35777080062794353
7321,0.40282574568288865
7322,0.4039246467817897
7323,0.34929356357927793
7324,0.5346938775510204
7325,0.3354788069073783
7326,0.3945054945054945
7327,0.2874411302982732
7328,0.3737833594976453
7329,0.4957613814756671
7330,0.3208791208791209
7331,0.42810047095761383
7332,0.3489795918367346
7333,0.3577708006279435
7334,0.4313971742543172
7335,0.4018838304552591
7336,0.34850863422292006
7337,0.30078492935635787
7338,0.35541601255886973
7339,0.47582417582417585
7340,0.4722135007849294
7341,0.41145996860282574
7342,0.48304552590266875
7343,0.23202511773940346
7344,0.420094191522763
7345,0.2929356357927787
7346,0.3836734693877551
7347,0.27299843014128733
7348,0.3395604395604396
7349,0.3923076923076923
7350,0.3298273155416012
7351,0.3623233908948195
7352,0.2835164835164835
7353,0.3040816326530612
7354,0.3824175824175824
7355,0.3423861852433281
7356,0.43799058084772374
7357,0.40345368916797486
7358,0.37362637362637363
7359,0.3582417582417583
7360,0.2869701726844584
7361,0.3051805337519623
7362,0.36828885400313977
7363,0.49183673469387745
7364,0.4302982731554161
7365,0.4773940345368917
7366,0.307221350078493
7367,0.3555729984301413
7368,0.4014128728414442
7369,0.3500784929356358
7370,0.35321821036106754
7371,0.31098901098901094
7372,0.35274725274725277
7373,0.30832025117739403
7374,0.3951334379905809
7375,0.38021978021978026
7376,0.4243328100470957
7377,0.27802197802197803
7378,0.3984301412872842
7379,0.44364207221350077
7380,0.3427001569858713
7381,0.39795918367346933
7382,0.32448979591836735
7383,0.36200941915227636
7384,0.4328100470957614
7385,0.3554160125588696
7386,0.3237048665620095
7387,0.4362637362637363
7388,0.3444270015698588
7389,0.4167974882260596
7390,0.41978021978021973
7391,0.3665620094191523
7392,0.46389324960753536
7393,0.2709576138147567
7394,0.5078492935635793
7395,0.38806907378335953
7396,0.4076923076923077
7397,0.4500784929356358
7398,0.3486656200941915
7399,0.3583987441130298
7400,0.4149136577708005
7401,0.3963893249607536
7402,0.28210361067503925
7403,0.41805337519623237
7404,0.46923076923076923
7405,0.26169544740973316
7406,0.271585557299843
7407,0.3811616954474098
7408,0.4594976452119309
7409,0.2485086342229199
7410,0.3125588697017268
7411,0.4511773940345369
7412,0.3722135007849293
7413,0.4954474097331239
7414,0.2416012558869702
7415,0.3627943485086342
7416,0.28948194662480375
7417,0.3097331240188383
7418,0.46891679748822607
7419,0.37629513343799065
7420,0.4387755102040816
7421,0.2664050235478807
7422,0.20141287284144432
7423,0.41255886970172684
7424,0.3226059654631083
7425,0.4188383045525903
7426,0.2971742543171114
7427,0.37299843014128725
7428,0.326530612244898
7429,0.32919937205651495
7430,0.5003139717425432
7431,0.3667189952904239
7432,0.33124018838304553
7433,0.4751962323390894
7434,0.3998430141287284
7435,0.36970172684458397
7436,0.4472527472527473
7437,0.3596546310832025
7438,0.3489795918367347
7439,0.4131868131868132
7440,0.3874411302982731
7441,0.4152276295133438
7442,0.5194662480376766
7443,0.3940345368916797
7444,0.3075353218210361
7445,0.40470957613814756
7446,0.36012558869701733
7447,0.2596546310832025
7448,0.373469387755102
7449,0.3695447409733124
7450,0.40188383045525905
7451,0.29293563579277865
7452,0.4095761381475668
7453,0.4189952904238619
7454,0.4417582417582418
7455,0.4175824175824176
7456,0.35824175824175825
7457,0.4169544740973313
7458,0.28383045525902667
7459,0.28540031397174254
7460,0.3441130298273157
7461,0.33547880690737836
7462,0.38210361067503934
7463,0.3103610675039246
7464,0.5222919937205651
7465,0.4205651491365777
7466,0.247723704866562
7467,0.24583987441130298
7468,0.32668759811616954
7469,0.3740973312401884
7470,0.3844583987441131
7471,0.33563579277864986
7472,0.41051805337519626
7473,0.239403453689168
7474,0.3551020408163265
7475,0.40894819466248034
7476,0.4530612244897959
7477,0.5130298273155416
7478,0.39654631083202513
7479,0.5714285714285714
7480,0.33469387755102037
7481,0.3583987441130298
7482,0.39105180533751965
7483,0.3770800627943486
7484,0.3555729984301413
7485,0.3492935635792779
7486,0.3698587127158556
7487,0.32354788069073787
7488,0.43908948194662484
7489,0.3954474097331241
7490,0.29183673469387755
7491,0.3271585557299842
7492,0.39481946624803765
7493,0.2536891679748823
7494,0.33971742543171113
7495,0.417425431711146
7496,0.4034536891679749
7497,0.29073783359497646
7498,0.4351648351648351
7499,0.2874411302982732
7500,0.3213500784929356
7501,0.39073783359497655
7502,0.4103610675039247
7503,0.3791208791208791
7504,0.37613814756671904
7505,0.3478806907378336
7506,0.40078492935635796
7507,0.4062794348508634
7508,0.36687598116169556
7509,0.41978021978021973
7510,0.3970172684458399
7511,0.3086342229199372
7512,0.3816326530612245
7513,0.3836734693877552
7514,0.4934065934065935
7515,0.382574568288854
7516,0.449607535321821
7517,0.32558869701726845
7518,0.4331240188383045
7519,0.3023547880690738
7520,0.2846153846153846
7521,0.3701726844583987
7522,0.37519623233908955
7523,0.47755102040816333
7524,0.2596546310832025
7525,0.41522762951334385
7526,0.3773940345368917
7527,0.3478806907378336
7528,0.3868131868131868
7529,0.4602825745682888
7530,0.3612244897959184
7531,0.4411302982731555
7532,0.22103610675039245
7533,0.32684458398744104
7534,0.30298273155416017
7535,0.21287284144427004
7536,0.3464678178963893
7537,0.40627943485086343
7538,0.4412872841444271
7539,0.3378335949764521
7540,0.4566718995290424
7541,0.3654631083202511
7542,0.3695447409733124
7543,0.44945054945054946
7544,0.404552590266876
7545,0.4648351648351648
7546,0.4894819466248038
7547,0.4332810047095762
7548,0.3618524332810047
7549,0.4932496075353218
7550,0.3847723704866562
7551,0.31711145996860285
7552,0.43940345368916794
7553,0.4682888540031397
7554,0.4279434850863422
7555,0.47927786499215064
7556,0.3346938775510204
7557,0.33924646781789647
7558,0.3733124018838304
7559,0.40439560439560435
7560,0.3116169544740974
7561,0.5084772370486658
7562,0.4207221350078494
7563,0.3692307692307693
7564,0.5364207221350079
7565,0.34442700156985867
7566,0.40753532182103613
7567,0.4357927786499215
7568,0.3403453689167975
7569,0.3414442700156986
7570,0.30753532182103616
7571,0.2737833594976452
7572,0.32511773940345373
7573,0.3832025117739403
7574,0.383359497645212
7575,0.42605965463108314
7576,0.33657770800627945
7577,0.1978021978021978
7578,0.37362637362637363
7579,0.3963893249607535
7580,0.41350078492935644
7581,0.44536891679748825
7582,0.29733124018838303
7583,0.30518053375196225
7584,0.3857142857142856
7585,0.3954474097331241
7586,0.3461538461538462
7587,0.3313971742543171
7588,0.35541601255886973
7589,0.389010989010989
7590,0.41130298273155413
7591,0.3357927786499215
7592,0.402668759811617
7593,0.46357927786499215
7594,0.3200941915227629
7595,0.2835164835164835
7596,0.3753532182103612
7597,0.3436420722135008
7598,0.31475667189952905
7599,0.4585557299843015
7600,0.358712715855573
7601,0.3268445839874411
7602,0.42794348508634217
7603,0.3602825745682888
7604,0.4193092621664051
7605,0.4089481946624804
7606,0.418210361067504
7607,0.3838304552590267
7608,0.34411302982731545
7609,0.454160125588697
7610,0.5288854003139717
7611,0.4664050235478806
7612,0.31852433281004705
7613,0.28948194662480375
7614,0.3974882260596546
7615,0.40863422291993723
7616,0.4923076923076923
7617,0.4425431711145996
7618,0.4905808477237049
7619,0.2841444270015699
7620,0.4833594976452119
7621,0.3519623233908948
7622,0.4290423861852433
7623,0.3075353218210361
7624,0.4357927786499216
7625,0.4800627943485087
7626,0.37409733124018846
7627,0.2912087912087912
7628,0.359497645211931
7629,0.31946624803767654
7630,0.3153846153846153
7631,0.24678178963893252
7632,0.2896389324960754
7633,0.4996860282574568
7634,0.4295133437990581
7635,0.5237048665620094
7636,0.5064364207221351
7637,0.40989010989010993
7638,0.4737833594976452
7639,0.3437990580847723
7640,0.40549450549450544
7641,0.4616954474097331
7642,0.2753532182103611
7643,0.43108320251177396
7644,0.37645211930926215
7645,0.4621664050235479
7646,0.31491365777080066
7647,0.3205651491365777
7648,0.4356357927786499
7649,0.2601255886970173
7650,0.4249607535321821
7651,0.3152276295133438
7652,0.29466248037676607
7653,0.4097331240188383
7654,0.31930926216640504
7655,0.3938775510204081
7656,0.34175824175824177
7657,0.3095761381475667
7658,0.5130298273155416
7659,0.21130298273155418
7660,0.4370486656200943
7661,0.40047095761381474
7662,0.38697017268445844
7663,0.3350078492935636
7664,0.37205651491365777
7665,0.4078492935635792
7666,0.3857142857142857
7667,0.29199372056514916
7668,0.43453689167974885
7669,0.4243328100470958
7670,0.35714285714285715
7671,0.41130298273155413
7672,0.3433281004709577
7673,0.5376766091051806
7674,0.3467817896389325
7675,0.29152276295133434
7676,0.2952904238618524
7677,0.41962323390894823
7678,0.3756671899529042
7679,0.5150706436420721
7680,0.4828885400313971
7681,0.4577708006279435
7682,0.41632653061224495
7683,0.304552590266876
7684,0.3565149136577708
7685,0.3620094191522762
7686,0.3725274725274725
7687,0.42135007849293565
7688,0.39199372056514914
7689,0.3180533751962323
7690,0.2684458398744113
7691,0.27598116169544745
7692,0.4698587127158556
7693,0.4758241758241758
7694,0.49905808477237057
7695,0.30643642072213506
7696,0.33029827315541604
7697,0.5571428571428572
7698,0.29450549450549446
7699,0.3858712715855573
7700,0.3654631083202512
7701,0.44819466248037676
7702,0.3646781789638932
7703,0.4726844583987441
7704,0.44646781789638934
7705,0.4725274725274725
7706,0.42260596546310836
7707,0.4130298273155416
7708,0.6061224489795919
7709,0.4086342229199372
7710,0.27676609105180533
7711,0.373469387755102
7712,0.304552590266876
7713,0.3400313971742543
7714,0.3904238618524333
7715,0.39419152276295133
7716,0.39419152276295133
7717,0.38257456828885406
7718,0.4205651491365778
7719,0.32480376766091046
7720,0.38634222919937206
7721,0.4259026687598117
7722,0.3843014128728415
7723,0.2830455259026688
7724,0.3937205651491366
7725,0.33971742543171113
7726,0.378021978021978
7727,0.260596546310832
7728,0.48697017268445836
7729,0.3703296703296704
7730,0.4579277864992152
7731,0.5290423861852432
7732,0.3984301412872842
7733,0.42967032967032964
7734,0.3927786499215071
7735,0.298116169544741
7736,0.4331240188383044
7737,0.3850863422291994
7738,0.5075353218210361
7739,0.43751962323390897
7740,0.26420722135007846
7741,0.36907378335949764
7742,0.36295133437990584
7743,0.4067503924646782
7744,0.46106750392464685
7745,0.2197802197802198
7746,0.4357927786499215
7747,0.4436420722135009
7748,0.3973312401883831
7749,0.27864992150706436
7750,0.3711145996860283
7751,0.3803767660910518
7752,0.30486656200941914
7753,0.42386185243328095
7754,0.5153846153846154
7755,0.49026687598116164
7756,0.3645211930926217
7757,0.4175824175824176
7758,0.41098901098901097
7759,0.45777080062794345
7760,0.3808477237048666
7761,0.3430141287284144
7762,0.44897959183673464
7763,0.4073783359497646
7764,0.4302982731554161
7765,0.40690737833594987
7766,0.42857142857142866
7767,0.25306122448979596
7768,0.3428571428571429
7769,0.40518053375196234
7770,0.41302982731554166
7771,0.35353218210361065
7772,0.43422291993720563
7773,0.44301412872841434
7774,0.3635792778649921
7775,0.391679748822606
7776,0.4361067503924647
7777,0.3492935635792779
7778,0.4442700156985871
7779,0.4428571428571428
7780,0.3649921507064365
7781,0.42401883830455267
7782,0.5623233908948194
7783,0.4158555729984302
7784,0.3164835164835164
7785,0.38398744113029826
7786,0.569701726844584
7787,0.5419152276295133
7788,0.3543171114599685
7789,0.3100470957613815
7790,0.2552590266875981
7791,0.37755102040816324
7792,0.49293563579277866
7793,0.4557299843014129
7794,0.3208791208791209
7795,0.3649921507064365
7796,0.39403453689167983
7797,0.4695447409733124
7798,0.4279434850863422
7799,0.3031397174254317
7800,0.3679748822605965
7801,0.40156985871271583
7802,0.4164835164835164
7803,0.4130298273155416
7804,0.3769230769230769
7805,0.38131868131868124
7806,0.3387755102040817
7807,0.29403453689167974
7808,0.33124018838304553
7809,0.31538461538461543
7810,0.3343799058084773
7811,0.38775510204081637
7812,0.4414442700156986
7813,0.34772370486656207
7814,0.3582417582417583
7815,0.3562009419152276
7816,0.37362637362637363
7817,0.4051805337519622
7818,0.3744113029827316
7819,0.39152276295133437
7820,0.4185243328100471
7821,0.4010989010989011
7822,0.341287284144427
7823,0.428414442700157
7824,0.40235478806907377
7825,0.4803767660910518
7826,0.3634222919937206
7827,0.37472527472527467
7828,0.5078492935635792
7829,0.44992150706436423
7830,0.342072213500785
7831,0.37912087912087916
7832,0.4516483516483517
7833,0.3436420722135008
7834,0.30470957613814764
7835,0.3395604395604395
7836,0.3728414442700157
7837,0.3014128728414443
7838,0.3235478806907378
7839,0.24348508634222923
7840,0.36106750392464676
7841,0.31459968602825744
7842,0.39686028257456835
7843,0.41428571428571426
7844,0.4058084772370486
7845,0.41365777080062793
7846,0.3822605965463108
7847,0.38100470957613813
7848,0.27629513343799056
7849,0.32904238618524334
7850,0.2744113029827316
7851,0.3048665620094192
7852,0.4070643642072213
7853,0.49513343799058085
7854,0.43296703296703287
7855,0.4481946624803767
7856,0.43532182103610667
7857,0.3334379905808477
7858,0.4875981161695448
7859,0.29403453689167974
7860,0.3227629513343799
7861,0.362480376766091
7862,0.3307692307692308
7863,0.2643642072213501
7864,0.4620094191522762
7865,0.30156985871271585
7866,0.47252747252747257
7867,0.3723704866562009
7868,0.4031397174254317
7869,0.4342229199372057
7870,0.31067503924646783
7871,0.33312401883830456
7872,0.3849293563579278
7873,0.3012558869701727
7874,0.489010989010989
7875,0.5106750392464678
7876,0.47786499215070644
7877,0.3970172684458399
7878,0.36923076923076925
7879,0.3095761381475667
7880,0.4563579277864992
7881,0.446938775510204
7882,0.36891679748822614
7883,0.25871271585557304
7884,0.3486656200941915
7885,0.3056514913657771
7886,0.31695447409733124
7887,0.36750392464678183
7888,0.35321821036106743
7889,0.3036106750392465
7890,0.30172684458398746
7891,0.3770800627943485
7892,0.4532182103610675
7893,0.5334379905808478
7894,0.4087912087912087
7895,0.3167974882260597
7896,0.458712715855573
7897,0.3995290423861852
7898,0.4392464678178965
7899,0.36028257456828877
7900,0.3467817896389325
7901,0.2974882260596546
7902,0.29450549450549446
7903,0.3613814756671899
7904,0.34050235478806906
7905,0.3706436420722135
7906,0.38367346938775515
7907,0.27912087912087913
7908,0.3299843014128728
7909,0.44050235478806904
7910,0.3722135007849294
7911,0.42103610675039244
7912,0.2819466248037677
7913,0.2927786499215071
7914,0.34442700156985867
7915,0.3722135007849294
7916,0.4585557299843015
7917,0.3675039246467819
7918,0.4976452119309262
7919,0.37268445839874415
7920,0.4087912087912088
7921,0.4626373626373627
7922,0.3381475667189952
7923,0.4186813186813187
7924,0.3563579277864992
7925,0.41522762951334385
7926,0.3237048665620094
7927,0.30659340659340667
7928,0.42935635792778654
7929,0.3781789638932496
7930,0.38304552590266877
7931,0.3833594976452119
7932,0.35478806907378335
7933,0.38901098901098896
7934,0.19560439560439563
7935,0.4383045525902668
7936,0.4158555729984301
7937,0.367817896389325
7938,0.4122448979591837
7939,0.3428571428571428
7940,0.43249607535321827
7941,0.33987441130298274
7942,0.3378335949764521
7943,0.23061224489795915
7944,0.2805337519623234
7945,0.3069073783359498
7946,0.4467817896389325
7947,0.393563579277865
7948,0.345839874411303
7949,0.390894819466248
7950,0.463265306122449
7951,0.29937205651491366
7952,0.3585557299843014
7953,0.3784929356357927
7954,0.290894819466248
7955,0.42072213500784933
7956,0.4191522762951334
7957,0.44113029827315536
7958,0.33563579277865
7959,0.436734693877551
7960,0.4582417582417582
7961,0.3770800627943484
7962,0.40502354788069067
7963,0.3194662480376766
7964,0.3860282574568289
7965,0.40502354788069084
7966,0.42166405023547887
7967,0.32448979591836735
7968,0.38053375196232336
7969,0.37692307692307697
7970,0.2755102040816327
7971,0.42872841444270016
7972,0.2594976452119309
7973,0.39419152276295133
7974,0.3357927786499216
7975,0.3549450549450549
7976,0.4362637362637363
7977,0.32684458398744104
7978,0.38492935635792774
7979,0.32888540031397173
7980,0.41946624803767657
7981,0.4133437990580848
7982,0.3864992150706437
7983,0.48697017268445847
7984,0.5684458398744113
7985,0.3233908948194662
7986,0.40973312401883827
7987,0.42433281004709583
7988,0.36546310832025114
7989,0.376923076923077
7990,0.34552590266875977
7991,0.49042386185243325
7992,0.3252747252747253
7993,0.3783359497645211
7994,0.37551020408163266
7995,0.4406593406593407
7996,0.3722135007849294
7997,0.3832025117739403
7998,0.40031397174254313
7999,0.4048665620094192
8000,0.27535321821036113
8001,0.39215070643642075
8002,0.3442700156985872
8003,0.3879120879120879
8004,0.36263736263736274
8005,0.3599686028257457
8006,0.4731554160125589
8007,0.3270015698587127
8008,0.4092621664050235
8009,0.31083202511773944
8010,0.37425431711145996
8011,0.42182103610675037
8012,0.3963893249607536
8013,0.28822605965463105
8014,0.4474097331240189
8015,0.43108320251177396
8016,0.4660910518053375
8017,0.3722135007849294
8018,0.3565149136577709
8019,0.4160125588697018
8020,0.4428571428571428
8021,0.3949764521193093
8022,0.3577708006279435
8023,0.2583987441130298
8024,0.3607535321821036
8025,0.40769230769230774
8026,0.44583987441130296
8027,0.36797488226059655
8028,0.4054945054945055
8029,0.36499215070643637
8030,0.48069073783359506
8031,0.2703296703296703
8032,0.3989010989010989
8033,0.2762951334379906
8034,0.2973312401883831
8035,0.3726844583987442
8036,0.5510204081632655
8037,0.5043956043956044
8038,0.3572998430141287
8039,0.4331240188383046
8040,0.5226059654631082
8041,0.4254317111459968
8042,0.4425431711145998
8043,0.3562009419152276
8044,0.37880690737833594
8045,0.40894819466248045
8046,0.2692307692307692
8047,0.4445839874411303
8048,0.4828885400313973
8049,0.25353218210361067
8050,0.5521193092621665
8051,0.4456828885400314
8052,0.3337519623233908
8053,0.40047095761381474
8054,0.41742543171114604
8055,0.29638932496075354
8056,0.4056514913657771
8057,0.42150706436420726
8058,0.25918367346938775
8059,0.4135007849293563
8060,0.4249607535321821
8061,0.37519623233908955
8062,0.3901098901098901
8063,0.3901098901098901
8064,0.5169544740973313
8065,0.4861852433281005
8066,0.44552590266875985
8067,0.36923076923076925
8068,0.3957613814756672
8069,0.4437990580847724
8070,0.45541601255886965
8071,0.25918367346938775
8072,0.3984301412872841
8073,0.45259026687598125
8074,0.3216640502354788
8075,0.5054945054945054
8076,0.40847723704866556
8077,0.4357927786499215
8078,0.34882260596546305
8079,0.36342229199372056
8080,0.33139717425431714
8081,0.3728414442700157
8082,0.21616954474097336
8083,0.34379905808477235
8084,0.37598116169544743
8085,0.271585557299843
8086,0.393563579277865
8087,0.36420722135007855
8088,0.3627943485086343
8089,0.35839874411302974
8090,0.34882260596546305
8091,0.34709576138147563
8092,0.3854003139717425
8093,0.44536891679748825
8094,0.397331240188383
8095,0.3967032967032967
8096,0.42527472527472526
8097,0.3224489795918367
8098,0.3304552590266875
8099,0.4390894819466247
8100,0.29481946624803773
8101,0.3186813186813186
8102,0.4987441130298273
8103,0.440502354788069
8104,0.5028257456828885
8105,0.44207221350078496
8106,0.3551020408163267
8107,0.3744113029827316
8108,0.32433281004709574
8109,0.38901098901098907
8110,0.3635792778649921
8111,0.4662480376766091
8112,0.38995290423861856
8113,0.38163265306122446
8114,0.2547880690737834
8115,0.36200941915227636
8116,0.4979591836734694
8117,0.4789638932496075
8118,0.29058084772370485
8119,0.3565149136577709
8120,0.2839874411302982
8121,0.31224489795918364
8122,0.3372056514913658
8123,0.3690737833594976
8124,0.35918367346938773
8125,0.43971742543171116
8126,0.5281004709576138
8127,0.3370486656200942
8128,0.24882260596546316
8129,0.4554160125588697
8130,0.5021978021978023
8131,0.42888540031397165
8132,0.33971742543171113
8133,0.4006279434850864
8134,0.3565149136577708
8135,0.309105180533752
8136,0.34992150706436426
8137,0.3059654631083203
8138,0.26122448979591834
8139,0.42653061224489797
8140,0.32244897959183666
8141,0.3601255886970173
8142,0.2728414442700157
8143,0.3874411302982731
8144,0.3497645211930926
8145,0.3263736263736264
8146,0.3540031397174254
8147,0.38728414442700165
8148,0.41648351648351645
8149,0.4593406593406594
8150,0.4161695447409733
8151,0.4237048665620094
8152,0.4401883830455259
8153,0.2562009419152277
8154,0.3934065934065934
8155,0.3864992150706437
8156,0.3748822605965464
8157,0.41161695447409724
8158,0.4373626373626373
8159,0.34913657770800627
8160,0.3127158555729984
8161,0.5065934065934066
8162,0.40078492935635796
8163,0.4092621664050235
8164,0.421978021978022
8165,0.4119309262166405
8166,0.29529042386185245
8167,0.4092621664050235
8168,0.3274725274725275
8169,0.4618524332810047
8170,0.43186813186813183
8171,0.29497645211930923
8172,0.28728414442700156
8173,0.44238618524332807
8174,0.37755102040816324
8175,0.3031397174254318
8176,0.43877551020408173
8177,0.27802197802197803
8178,0.4073783359497646
8179,0.47001569858712716
8180,0.2828885400313972
8181,0.4248037676609106
8182,0.3357927786499215
8183,0.44631083202511773
8184,0.5178963893249608
8185,0.5282574568288854
8186,0.3621664050235478
8187,0.31711145996860274
8188,0.4182103610675039
8189,0.36514913657770803
8190,0.4370486656200942
8191,0.3654631083202512
8192,0.4273155416012559
8193,0.4120879120879121
8194,0.4990580847723704
8195,0.4210361067503925
8196,0.2913657770800628
8197,0.4295133437990581
8198,0.39717425431711145
8199,0.31287284144427013
8200,0.44835164835164837
8201,0.3965463108320252
8202,0.3778649921507065
8203,0.40282574568288865
8204,0.33328100470957617
8205,0.3419152276295133
8206,0.330298273155416
8207,0.43375196232339086
8208,0.30125588697017275
8209,0.32715855572998426
8210,0.30659340659340667
8211,0.423861852433281
8212,0.2985871271585558
8213,0.3670329670329671
8214,0.298116169544741
8215,0.2792778649921507
8216,0.31711145996860285
8217,0.46891679748822607
8218,0.4698587127158556
8219,0.2728414442700157
8220,0.42919937205651487
8221,0.18178963893249608
8222,0.3533751962323391
8223,0.3971742543171115
8224,0.3637362637362637
8225,0.39607535321821036
8226,0.34803767660910523
8227,0.4598116169544741
8228,0.4701726844583987
8229,0.4799058084772371
8230,0.40156985871271583
8231,0.3843014128728415
8232,0.40910518053375194
8233,0.421193092621664
8234,0.37189952904238616
8235,0.4654631083202512
8236,0.4610675039246468
8237,0.2932496075353218
8238,0.28932496075353215
8239,0.554160125588697
8240,0.33861852433281
8241,0.2978021978021978
8242,0.36091051805337526
8243,0.3927786499215071
8244,0.3417582417582417
8245,0.38241758241758245
8246,0.43092621664050235
8247,0.4248037676609105
8248,0.46860282574568285
8249,0.39654631083202513
8250,0.4737833594976452
8251,0.5208791208791209
8252,0.35070643642072213
8253,0.5243328100470958
8254,0.3226059654631084
8255,0.32778649921507064
8256,0.4775510204081632
8257,0.4091051805337519
8258,0.3605965463108321
8259,0.2675039246467818
8260,0.4409733124018839
8261,0.3607535321821036
8262,0.3183673469387755
8263,0.36059654631083193
8264,0.34097331240188383
8265,0.369701726844584
8266,0.397331240188383
8267,0.41365777080062793
8268,0.2392464678178964
8269,0.46499215070643635
8270,0.48697017268445847
8271,0.4012558869701728
8272,0.3459968602825746
8273,0.36216640502354785
8274,0.3805337519623234
8275,0.43281004709576143
8276,0.5119309262166405
8277,0.35839874411302974
8278,0.5951334379905809
8279,0.3805337519623235
8280,0.3189952904238618
8281,0.3945054945054945
8282,0.31208791208791203
8283,0.3156985871271586
8284,0.3433281004709577
8285,0.5124018838304553
8286,0.22574568288854005
8287,0.36938775510204086
8288,0.27017268445839876
8289,0.2693877551020408
8290,0.34552590266875977
8291,0.34709576138147563
8292,0.46279434850863416
8293,0.24411302982731553
8294,0.48901098901098905
8295,0.28618524332810047
8296,0.34285714285714286
8297,0.3017268445839875
8298,0.3081632653061224
8299,0.25808477237048666
8300,0.478021978021978
8301,0.4803767660910519
8302,0.37660910518053375
8303,0.4591836734693878
8304,0.3649921507064365
8305,0.5729984301412873
8306,0.36891679748822614
8307,0.49277864992150705
8308,0.19795918367346937
8309,0.28948194662480375
8310,0.3442700156985872
8311,0.3478806907378336
8312,0.41020408163265304
8313,0.3259026687598116
8314,0.34348508634222913
8315,0.36295133437990584
8316,0.3135007849293564
8317,0.48131868131868133
8318,0.4255886970172685
8319,0.47205651491365774
8320,0.4728414442700157
8321,0.35855572998430146
8322,0.43281004709576143
8323,0.3178963893249608
8324,0.40109890109890106
8325,0.3605965463108321
8326,0.3390894819466248
8327,0.3797488226059655
8328,0.37127158555729983
8329,0.4709576138147567
8330,0.28885400313971743
8331,0.434065934065934
8332,0.4408163265306122
8333,0.48822605965463106
8334,0.35494505494505496
8335,0.4629513343799058
8336,0.44929356357927785
8337,0.4736263736263737
8338,0.3301412872841444
8339,0.43720565149136575
8340,0.326530612244898
8341,0.4921507064364207
8342,0.46263736263736266
8343,0.37974882260596543
8344,0.3990580847723705
8345,0.2576138147566719
8346,0.44364207221350077
8347,0.45102040816326533
8348,0.32448979591836735
8349,0.4474097331240189
8350,0.34583987441130304
8351,0.3954474097331239
8352,0.34882260596546305
8353,0.369701726844584
8354,0.3029827315541601
8355,0.34505494505494505
8356,0.26530612244897955
8357,0.421978021978022
8358,0.4799058084772371
8359,0.46357927786499215
8360,0.35400313971742536
8361,0.47943485086342236
8362,0.3773940345368917
8363,0.48540031397174255
8364,0.4634222919937206
8365,0.3299843014128728
8366,0.3185243328100471
8367,0.33861852433281003
8368,0.37425431711146
8369,0.36405023547880694
8370,0.36295133437990584
8371,0.46860282574568285
8372,0.3178963893249607
8373,0.4
8374,0.40989010989011004
8375,0.3711145996860282
8376,0.4048665620094192
8377,0.37378335949764524
8378,0.3455259026687599
8379,0.2665620094191523
8380,0.4210361067503925
8381,0.40894819466248034
8382,0.38288854003139716
8383,0.3362637362637363
8384,0.3583987441130298
8385,0.3222919937205651
8386,0.39984301412872847
8387,0.5739403453689168
8388,0.27237048665620095
8389,0.30549450549450546
8390,0.3059654631083203
8391,0.4015698587127159
8392,0.332967032967033
8393,0.3492935635792778
8394,0.4291993720565149
8395,0.26656200941915226
8396,0.28540031397174254
8397,0.2700156985871272
8398,0.30879120879120875
8399,0.4357927786499215
8400,0.24254317111459972
8401,0.3778649921507064
8402,0.34850863422291994
8403,0.3929356357927786
8404,0.20580847723704868
8405,0.3014128728414442
8406,0.44003139717425427
8407,0.5158555729984301
8408,0.4218210361067505
8409,0.40863422291993723
8410,0.33861852433281
8411,0.5076923076923077
8412,0.430298273155416
8413,0.3552590266875981
8414,0.46954474097331245
8415,0.4067503924646782
8416,0.3574568288854003
8417,0.44929356357927797
8418,0.35824175824175825
8419,0.3048665620094192
8420,0.2726844583987441
8421,0.4281004709576139
8422,0.35023547880690736
8423,0.39293563579277874
8424,0.3321821036106751
8425,0.3750392464678179
8426,0.3070643642072214
8427,0.36420722135007855
8428,0.3772370486656201
8429,0.3789638932496075
8430,0.3904238618524332
8431,0.40675039246467826
8432,0.19921507064364205
8433,0.3959183673469387
8434,0.3475667189952904
8435,0.3409733124018838
8436,0.3827315541601255
8437,0.5511773940345368
8438,0.3486656200941915
8439,0.3009419152276295
8440,0.4546310832025117
8441,0.45431711145996856
8442,0.28822605965463116
8443,0.4062794348508634
8444,0.3634222919937206
8445,0.4017268445839874
8446,0.4489795918367347
8447,0.2686028257456829
8448,0.35039246467817897
8449,0.2919937205651491
8450,0.358712715855573
8451,0.3843014128728415
8452,0.4631083202511775
8453,0.39262166405023546
8454,0.2982731554160125
8455,0.3623233908948195
8456,0.35054945054945064
8457,0.4591836734693877
8458,0.42244897959183675
8459,0.4196232339089482
8460,0.4894819466248039
8461,0.4087912087912088
8462,0.356043956043956
8463,0.4675039246467817
8464,0.3285714285714286
8465,0.40941915227629516
8466,0.35902668759811623
8467,0.3869701726844584
8468,0.37284144427001564
8469,0.4444270015698587
8470,0.359497645211931
8471,0.3411302982731555
8472,0.472370486656201
8473,0.32135007849293556
8474,0.40156985871271583
8475,0.4040816326530612
8476,0.4141287284144428
8477,0.250392464678179
8478,0.4156985871271585
8479,0.34379905808477235
8480,0.4279434850863423
8481,0.369701726844584
8482,0.44270015698587123
8483,0.3679748822605965
8484,0.3764521193092623
8485,0.4602825745682888
8486,0.3687598116169545
8487,0.3805337519623234
8488,0.32496075353218207
8489,0.3017268445839874
8490,0.30141287284144436
8491,0.5346938775510204
8492,0.32935635792778645
8493,0.36671899529042395
8494,0.29560439560439555
8495,0.3113029827315542
8496,0.4186813186813187
8497,0.34050235478806906
8498,0.4357927786499215
8499,0.29324960753532187
8500,0.4043956043956044
8501,0.45714285714285713
8502,0.3577708006279435
8503,0.3956043956043956
8504,0.2610675039246468
8505,0.42967032967032964
8506,0.33767660910518055
8507,0.31805337519623234
8508,0.32684458398744115
8509,0.3565149136577707
8510,0.4425431711145998
8511,0.36923076923076925
8512,0.4141287284144427
8513,0.34018838304552584
8514,0.345054945054945
8515,0.5130298273155417
8516,0.32291993720565154
8517,0.3328100470957614
8518,0.5331240188383045
8519,0.4609105180533753
8520,0.3202511773940345
8521,0.3400313971742543
8522,0.28492935635792777
8523,0.4227629513343799
8524,0.3706436420722135
8525,0.45541601255886965
8526,0.4786499215070644
8527,0.28414442700156983
8528,0.16985871271585554
8529,0.3855572998430142
8530,0.478021978021978
8531,0.4222919937205652
8532,0.4043956043956044
8533,0.29324960753532187
8534,0.3390894819466248
8535,0.27519623233908946
8536,0.2230769230769231
8537,0.39795918367346944
8538,0.4857142857142857
8539,0.46593406593406594
8540,0.4200941915227629
8541,0.3805337519623234
8542,0.44850863422292
8543,0.36750392464678183
8544,0.4615384615384615
8545,0.3662480376766091
8546,0.35714285714285715
8547,0.39890109890109887
8548,0.3758241758241758
8549,0.28210361067503925
8550,0.3618524332810047
8551,0.4059654631083202
8552,0.3637362637362637
8553,0.39811616954474094
8554,0.4042386185243327
8555,0.5141287284144427
8556,0.38351648351648354
8557,0.3456828885400314
8558,0.5169544740973313
8559,0.29293563579277865
8560,0.45384615384615384
8561,0.4202511773940345
8562,0.4321821036106751
8563,0.380690737833595
8564,0.4485086342229199
8565,0.37331240188383047
8566,0.40910518053375194
8567,0.41836734693877553
8568,0.4226059654631083
8569,0.4518053375196232
8570,0.46750392464678187
8571,0.3213500784929356
8572,0.3133437990580848
8573,0.20612244897959184
8574,0.4444270015698587
8575,0.48508634222919944
8576,0.26263736263736265
8577,0.4232339089481947
8578,0.36499215070643654
8579,0.3199372056514913
8580,0.4014128728414442
8581,0.42464678178963894
8582,0.39795918367346944
8583,0.4095761381475667
8584,0.3036106750392465
8585,0.31726844583987435
8586,0.46546310832025123
8587,0.39764521193092633
8588,0.4456828885400314
8589,0.4755102040816327
8590,0.4640502354788069
8591,0.4365777080062793
8592,0.41098901098901097
8593,0.3114599686028257
8594,0.40941915227629516
8595,0.5310832025117739
8596,0.44191522762951335
8597,0.2979591836734694
8598,0.37488226059654634
8599,0.3433281004709575
8600,0.37378335949764524
8601,0.30392464678178965
8602,0.29120879120879123
8603,0.36342229199372056
8604,0.3324960753532182
8605,0.3194662480376767
8606,0.3075353218210361
8607,0.31695447409733124
8608,0.4591836734693878
8609,0.26043956043956046
8610,0.3987441130298273
8611,0.33799058084772376
8612,0.3183673469387755
8613,0.5009419152276295
8614,0.4219780219780219
8615,0.321193092621664
8616,0.20361067503924649
8617,0.4152276295133438
8618,0.4717425431711146
8619,0.4169544740973313
8620,0.46562009419152267
8621,0.32904238618524334
8622,0.3802197802197802
8623,0.39309262166405023
8624,0.38069073783359497
8625,0.317425431711146
8626,0.39215070643642075
8627,0.4455259026687598
8628,0.4770800627943485
8629,0.30596546310832023
8630,0.43296703296703304
8631,0.3238618524332811
8632,0.25824175824175827
8633,0.2830455259026688
8634,0.33186813186813185
8635,0.3370486656200942
8636,0.45102040816326533
8637,0.4249607535321821
8638,0.3739403453689168
8639,0.4211930926216641
8640,0.5496075353218209
8641,0.4194662480376766
8642,0.44128728414442703
8643,0.34693877551020413
8644,0.29042386185243335
8645,0.3386185243328101
8646,0.3880690737833595
8647,0.42778649921507067
8648,0.32339089481946626
8649,0.4208791208791209
8650,0.358712715855573
8651,0.47127158555729987
8652,0.4028257456828885
8653,0.40753532182103613
8654,0.41616954474097334
8655,0.35321821036106743
8656,0.4444270015698587
8657,0.27629513343799056
8658,0.33532182103610675
8659,0.3992150706436421
8660,0.36938775510204086
8661,0.3819466248037676
8662,0.28320251177394035
8663,0.3058084772370487
8664,0.3583987441130299
8665,0.25447409733124016
8666,0.28351648351648345
8667,0.28304552590266885
8668,0.5648351648351649
8669,0.48178963893249616
8670,0.441287284144427
8671,0.39654631083202513
8672,0.31915227629513343
8673,0.3781789638932496
8674,0.3043956043956045
8675,0.46122448979591846
8676,0.2901098901098901
8677,0.485243328100471
8678,0.3638932496075353
8679,0.35588697017268445
8680,0.37723704866562013
8681,0.23343799058084774
8682,0.3105180533751962
8683,0.4334379905808477
8684,0.43987441130298277
8685,0.4381475667189953
8686,0.3235478806907378
8687,0.3053375196232339
8688,0.3868131868131868
8689,0.40910518053375206
8690,0.41051805337519626
8691,0.3226059654631083
8692,0.4262166405023548
8693,0.37409733124018846
8694,0.4654631083202512
8695,0.4989010989010989
8696,0.35117739403453685
8697,0.5381475667189953
8698,0.4006279434850863
8699,0.43610675039246466
8700,0.35777080062794353
8701,0.39717425431711145
8702,0.42998430141287286
8703,0.3959183673469387
8704,0.3860282574568289
8705,0.4135007849293563
8706,0.4425431711145998
8707,0.3006279434850864
8708,0.3855572998430142
8709,0.32762951334379903
8710,0.3602825745682888
8711,0.3563579277864993
8712,0.5040816326530613
8713,0.49670329670329666
8714,0.45965463108320254
8715,0.36436420722135016
8716,0.37723704866562013
8717,0.3494505494505495
8718,0.4585557299843014
8719,0.26656200941915226
8720,0.299215070643642
8721,0.3805337519623233
8722,0.3784929356357927
8723,0.4042386185243328
8724,0.47284144427001573
8725,0.4759811616954474
8726,0.41255886970172684
8727,0.40675039246467815
8728,0.48037676609105173
8729,0.4153846153846154
8730,0.3552590266875981
8731,0.36530612244897964
8732,0.44929356357927785
8733,0.2846153846153846
8734,0.463265306122449
8735,0.41365777080062793
8736,0.3105180533751962
8737,0.26546310832025116
8738,0.36923076923076925
8739,0.4437990580847723
8740,0.2869701726844584
8741,0.35054945054945064
8742,0.3577708006279435
8743,0.39120879120879115
8744,0.30047095761381476
8745,0.44646781789638934
8746,0.3081632653061224
8747,0.428414442700157
8748,0.33532182103610675
8749,0.36467817896389326
8750,0.35039246467817897
8751,0.3243328100470958
8752,0.4326530612244898
8753,0.35478806907378335
8754,0.30769230769230765
8755,0.3346938775510204
8756,0.3160125588697017
8757,0.4048665620094192
8758,0.2973312401883831
8759,0.386342229199372
8760,0.36813186813186816
8761,0.34505494505494505
8762,0.4014128728414443
8763,0.39733124018838295
8764,0.4478806907378336
8765,0.41240188383045534
8766,0.4963893249607535
8767,0.40659340659340654
8768,0.2758241758241758
8769,0.4766091051805338
8770,0.32794348508634225
8771,0.393563579277865
8772,0.44913657770800636
8773,0.40518053375196234
8774,0.3756671899529042
8775,0.3838304552590267
8776,0.5329670329670331
8777,0.4070643642072213
8778,0.3299843014128729
8779,0.37802197802197807
8780,0.45274725274725275
8781,0.47943485086342225
8782,0.5004709576138148
8783,0.23799058084772368
8784,0.3320251177394034
8785,0.35102040816326535
8786,0.3673469387755102
8787,0.3722135007849294
8788,0.3175824175824176
8789,0.3430141287284144
8790,0.3872841444270016
8791,0.44348508634222916
8792,0.3868131868131868
8793,0.44521193092621664
8794,0.41428571428571426
8795,0.5128728414442699
8796,0.43453689167974885
8797,0.2494505494505494
8798,0.3598116169544741
8799,0.3915227629513343
8800,0.3836734693877551
8801,0.4472527472527474
8802,0.4610675039246468
8803,0.3312401883830454
8804,0.3423861852433281
8805,0.3963893249607535
8806,0.34081632653061217
8807,0.18901098901098906
8808,0.24065934065934066
8809,0.2722135007849294
8810,0.4714285714285715
8811,0.4087912087912088
8812,0.32904238618524345
8813,0.4226059654631083
8814,0.3857142857142857
8815,0.35478806907378335
8816,0.362480376766091
8817,0.42040816326530617
8818,0.41664050235478806
8819,0.3883830455259027
8820,0.4686028257456828
8821,0.39497645211930926
8822,0.43579277864992155
8823,0.37095761381475667
8824,0.3660910518053376
8825,0.4171114599686029
8826,0.29937205651491366
8827,0.37017268445839874
8828,0.5153846153846154
8829,0.27174254317111457
8830,0.354945054945055
8831,0.2886970172684458
8832,0.384458398744113
8833,0.38775510204081626
8834,0.3572998430141288
8835,0.4558869701726844
8836,0.450392464678179
8837,0.35777080062794353
8838,0.34740973312401885
8839,0.34065934065934067
8840,0.3656200941915228
8841,0.49042386185243336
8842,0.4216640502354788
8843,0.45259026687598114
8844,0.4855572998430141
8845,0.3183673469387755
8846,0.3645211930926217
8847,0.39529042386185237
8848,0.4229199372056515
8849,0.24301412872841446
8850,0.40926216640502355
8851,0.447723704866562
8852,0.29576138147566716
8853,0.31098901098901105
8854,0.43547880690737834
8855,0.3643642072213501
8856,0.5464678178963893
8857,0.34803767660910523
8858,0.3448979591836735
8859,0.4244897959183674
8860,0.3097331240188383
8861,0.4357927786499215
8862,0.4350078492935637
8863,0.37943485086342227
8864,0.3450549450549451
8865,0.3353218210361067
8866,0.41569858712715846
8867,0.44929356357927785
8868,0.45714285714285713
8869,0.27441130298273153
8870,0.30769230769230776
8871,0.41664050235478806
8872,0.2817896389324961
8873,0.39324960753532184
8874,0.43610675039246466
8875,0.3896389324960753
8876,0.3855572998430142
8877,0.3687598116169545
8878,0.3552590266875981
8879,0.24332810047095763
8880,0.5437990580847724
8881,0.3880690737833596
8882,0.4130298273155416
8883,0.38053375196232336
8884,0.3442700156985871
8885,0.47189952904238613
8886,0.27001569858712715
8887,0.37409733124018835
8888,0.34458398744113033
8889,0.36907378335949764
8890,0.4408163265306123
8891,0.32967032967032966
8892,0.45447409733124017
8893,0.4492935635792779
8894,0.3053375196232339
8895,0.47927786499215064
8896,0.38602825745682895
8897,0.40047095761381474
8898,0.3218210361067504
8899,0.43987441130298277
8900,0.2822605965463108
8901,0.3516483516483517
8902,0.2731554160125589
8903,0.33076923076923087
8904,0.4409733124018838
8905,0.33500784929356353
8906,0.3427001569858712
8907,0.2662480376766091
8908,0.3915227629513343
8909,0.2957613814756672
8910,0.4178963893249607
8911,0.4003139717425431
8912,0.336734693877551
8913,0.44489795918367353
8914,0.3827315541601256
8915,0.3805337519623234
8916,0.4313971742543171
8917,0.30784929356357926
8918,0.4557299843014129
8919,0.4431711145996861
8920,0.40109890109890106
8921,0.37864992150706434
8922,0.33029827315541604
8923,0.3459968602825746
8924,0.3697017268445841
8925,0.38948194662480373
8926,0.30094191522762953
8927,0.4640502354788069
8928,0.37299843014128725
8929,0.2772370486656201
8930,0.41852433281004714
8931,0.37519623233908944
8932,0.39403453689167983
8933,0.42888540031397177
8934,0.36938775510204075
8935,0.48383045525902674
8936,0.3828885400313972
8937,0.37739403453689174
8938,0.3565149136577709
8939,0.36420722135007855
8940,0.3158555729984302
8941,0.3142857142857144
8942,0.3390894819466248
8943,0.3795918367346938
8944,0.47786499215070644
8945,0.4304552590266876
8946,0.40156985871271583
8947,0.3756671899529044
8948,0.44505494505494514
8949,0.43437990580847713
8950,0.460596546310832
8951,0.4838304552590266
8952,0.46185243328100467
8953,0.319309262166405
8954,0.42731554160125584
8955,0.5006279434850863
8956,0.410204081632653
8957,0.35070643642072225
8958,0.3583987441130298
8959,0.4810047095761382
8960,0.35149136577708007
8961,0.42574568288854003
8962,0.3216640502354788
8963,0.3400313971742543
8964,0.3965463108320252
8965,0.4488226059654631
8966,0.38288854003139716
8967,0.42291993720565146
8968,0.33343799058084767
8969,0.5218210361067505
8970,0.4211930926216641
8971,0.516640502354788
8972,0.41444270015698587
8973,0.30612244897959184
8974,0.33343799058084767
8975,0.2795918367346939
8976,0.3497645211930927
8977,0.4229199372056515
8978,0.2668759811616954
8979,0.3791208791208791
8980,0.5372056514913658
8981,0.36530612244897975
8982,0.4379905808477238
8983,0.42668759811616946
8984,0.3637362637362637
8985,0.4135007849293563
8986,0.39419152276295133
8987,0.4036106750392464
8988,0.4824175824175825
8989,0.20156985871271588
8990,0.278021978021978
8991,0.2814756671899529
8992,0.3832025117739404
8993,0.38885400313971746
8994,0.3238618524332809
8995,0.3425431711145997
8996,0.3579277864992151
8997,0.31585557299843015
8998,0.4634222919937206
8999,0.4224489795918368
9000,0.4541601255886971
9001,0.3773940345368917
9002,0.5105180533751963
9003,0.40690737833594987
9004,0.2784929356357928
9005,0.47189952904238625
9006,0.33453689167974876
9007,0.4668759811616955
9008,0.44238618524332807
9009,0.5339089481946624
9010,0.39199372056514914
9011,0.48084772370486656
9012,0.36232339089481946
9013,0.4255886970172685
9014,0.4111459968602826
9015,0.39262166405023546
9016,0.38681318681318677
9017,0.5279434850863423
9018,0.40816326530612246
9019,0.27111459968602825
9020,0.5489795918367347
9021,0.3062794348508634
9022,0.40690737833594975
9023,0.2802197802197802
9024,0.4762951334379906
9025,0.3218210361067504
9026,0.5131868131868133
9027,0.40329670329670325
9028,0.43516483516483523
9029,0.3970172684458399
9030,0.2566718995290424
9031,0.2720565149136578
9032,0.4290423861852433
9033,0.3444270015698588
9034,0.5014128728414443
9035,0.4362637362637362
9036,0.41773940345368926
9037,0.3668759811616954
9038,0.2740973312401884
9039,0.45227629513343803
9040,0.4233908948194662
9041,0.3924646781789639
9042,0.43877551020408173
9043,0.4497645211930926
9044,0.41098901098901097
9045,0.5690737833594977
9046,0.4857142857142857
9047,0.4313971742543172
9048,0.2519623233908948
9049,0.3949764521193094
9050,0.37048665620094196
9051,0.3108320251177394
9052,0.3729984301412873
9053,0.44725274725274733
9054,0.3784929356357927
9055,0.3572998430141287
9056,0.25855572998430143
9057,0.35149136577708
9058,0.35416012558869703
9059,0.3755102040816327
9060,0.5164835164835165
9061,0.5164835164835165
9062,0.34740973312401885
9063,0.3937205651491365
9064,0.44489795918367353
9065,0.4076923076923077
9066,0.34772370486656207
9067,0.39403453689167967
9068,0.35808477237048664
9069,0.3279434850863422
9070,0.3518053375196232
9071,0.4205651491365777
9072,0.28822605965463116
9073,0.3789638932496075
9074,0.4601255886970173
9075,0.3849293563579278
9076,0.46734693877551026
9077,0.450392464678179
9078,0.44113029827315536
9079,0.41255886970172684
9080,0.4648351648351649
9081,0.39434850863422294
9082,0.29199372056514916
9083,0.25792778649921505
9084,0.4084772370486656
9085,0.5642072213500785
9086,0.506436420722135
9087,0.4073783359497645
9088,0.367817896389325
9089,0.4466248037676609
9090,0.26326530612244897
9091,0.27582417582417584
9092,0.4701726844583988
9093,0.32009419152276297
9094,0.3497645211930926
9095,0.32150706436420723
9096,0.4032967032967033
9097,0.32307692307692315
9098,0.2692307692307693
9099,0.5387755102040817
9100,0.49999999999999994
9101,0.3695447409733124
9102,0.34945054945054954
9103,0.41145996860282574
9104,0.44097331240188387
9105,0.36452119309262165
9106,0.36985871271585563
9107,0.4072213500784931
9108,0.4339089481946625
9109,0.18649921507064368
9110,0.3062794348508634
9111,0.3924646781789639
9112,0.3
9113,0.5488226059654632
9114,0.38131868131868135
9115,0.4762951334379906
9116,0.357613814756672
9117,0.36938775510204075
9118,0.4098901098901098
9119,0.3846153846153847
9120,0.3926216640502355
9121,0.3557299843014129
9122,0.378021978021978
9123,0.42056514913657767
9124,0.4574568288854003
9125,0.3043956043956045
9126,0.35384615384615387
9127,0.3194662480376766
9128,0.48838304552590267
9129,0.42872841444270016
9130,0.26483516483516484
9131,0.25886970172684454
9132,0.29419152276295135
9133,0.3505494505494505
9134,0.38508634222919935
9135,0.4265306122448979
9136,0.46467817896389324
9137,0.4301412872841444
9138,0.48602825745682887
9139,0.40580847723704866
9140,0.27990580847723706
9141,0.35557299843014123
9142,0.28069073783359505
9143,0.4003139717425432
9144,0.3227629513343799
9145,0.3638932496075353
9146,0.3555729984301413
9147,0.3866562009419153
9148,0.4031397174254317
9149,0.45290423861852436
9150,0.24505494505494504
9151,0.5153846153846154
9152,0.29152276295133434
9153,0.26483516483516484
9154,0.27001569858712715
9155,0.389010989010989
9156,0.4654631083202511
9157,0.24207221350078495
9158,0.3786499215070644
9159,0.32857142857142857
9160,0.3383045525902668
9161,0.38791208791208787
9162,0.4227629513343799
9163,0.3648351648351649
9164,0.43500784929356356
9165,0.4026687598116169
9166,0.4365777080062795
9167,0.43861852433281
9168,0.3755102040816327
9169,0.3470957613814757
9170,0.38963893249607534
9171,0.4868131868131869
9172,0.4345368916797488
9173,0.4547880690737834
9174,0.3576138147566719
9175,0.4919937205651491
9176,0.42621664050235486
9177,0.4004709576138148
9178,0.3389324960753532
9179,0.4346938775510204
9180,0.3249607535321822
9181,0.4478806907378336
9182,0.3464678178963893
9183,0.37456828885400306
9184,0.3576138147566719
9185,0.3985871271585557
9186,0.33281004709576134
9187,0.29481946624803773
9188,0.3569858712715855
9189,0.3607535321821036
9190,0.3213500784929356
9191,0.4766091051805338
9192,0.38602825745682884
9193,0.3533751962323391
9194,0.26122448979591834
9195,0.48806907378335945
9196,0.3031397174254317
9197,0.4255886970172685
9198,0.37142857142857144
9199,0.37189952904238605
9200,0.3281004709576138
9201,0.3240188383045526
9202,0.3331240188383045
9203,0.5243328100470958
9204,0.3270015698587127
9205,0.5056514913657771
9206,0.4370486656200941
9207,0.4631083202511774
9208,0.3904238618524333
9209,0.3092621664050236
9210,0.357613814756672
9211,0.4408163265306122
9212,0.5675039246467818
9213,0.39215070643642075
9214,0.3381475667189952
9215,0.37268445839874415
9216,0.43233908948194666
9217,0.41852433281004714
9218,0.3949764521193093
9219,0.40455259026687607
9220,0.3637362637362637
9221,0.33061224489795926
9222,0.401098901098901
9223,0.26844583987441134
9224,0.37582417582417577
9225,0.40596546310832027
9226,0.44442700156985865
9227,0.3244897959183674
9228,0.4990580847723705
9229,0.3967032967032967
9230,0.4368916797488227
9231,0.29293563579277865
9232,0.40690737833594987
9233,0.4472527472527473
9234,0.345839874411303
9235,0.36828885400313977
9236,0.5524332810047096
9237,0.3437990580847724
9238,0.317425431711146
9239,0.37346938775510197
9240,0.41993720565149134
9241,0.48932496075353216
9242,0.3023547880690738
9243,0.2901098901098901
9244,0.47660910518053373
9245,0.4682888540031397
9246,0.37158555729984305
9247,0.3288854003139718
9248,0.3996860282574568
9249,0.3445839874411303
9250,0.35054945054945064
9251,0.3084772370486656
9252,0.3467817896389325
9253,0.4037676609105181
9254,0.5017268445839875
9255,0.44772370486656204
9256,0.3850863422291994
9257,0.41318681318681316
9258,0.5078492935635793
9259,0.38367346938775515
9260,0.36467817896389326
9261,0.3811616954474098
9262,0.3767660910518053
9263,0.465934065934066
9264,0.40894819466248045
9265,0.18131868131868134
9266,0.3708006279434851
9267,0.3299843014128729
9268,0.3744113029827316
9269,0.4097331240188383
9270,0.37629513343799054
9271,0.3810047095761382
9272,0.36499215070643637
9273,0.32197802197802206
9274,0.43908948194662484
9275,0.32496075353218207
9276,0.35384615384615387
9277,0.4208791208791209
9278,0.3664050235478807
9279,0.4833594976452119
9280,0.37833594976452123
9281,0.33265306122448984
9282,0.3673469387755102
9283,0.4403453689167975
9284,0.4255886970172685
9285,0.3114599686028257
9286,0.4813186813186814
9287,0.45007849293563584
9288,0.48885400313971744
9289,0.3803767660910518
9290,0.41145996860282585
9291,0.3335949764521193
9292,0.4411302982731554
9293,0.4642072213500786
9294,0.3331240188383045
9295,0.41601255886970173
9296,0.36609105180533746
9297,0.4915227629513344
9298,0.5175824175824176
9299,0.4237048665620094
9300,0.3373626373626374
9301,0.3762951334379906
9302,0.40580847723704866
9303,0.27582417582417584
9304,0.35447409733124025
9305,0.38021978021978026
9306,0.3378335949764522
9307,0.39105180533751965
9308,0.3855572998430142
9309,0.35604395604395606
9310,0.31805337519623234
9311,0.37095761381475667
9312,0.37378335949764524
9313,0.35102040816326535
9314,0.4737833594976452
9315,0.4222919937205652
9316,0.32072213500784935
9317,0.4706436420722135
9318,0.3985871271585557
9319,0.4604395604395605
9320,0.5379905808477237
9321,0.2786499215070644
9322,0.3009419152276295
9323,0.4152276295133438
9324,0.4568288854003141
9325,0.40675039246467815
9326,0.41444270015698587
9327,0.386342229199372
9328,0.44018838304552593
9329,0.49733124018838304
9330,0.37331240188383047
9331,0.3847723704866563
9332,0.3227629513343799
9333,0.3565149136577707
9334,0.4830455259026688
9335,0.3579277864992151
9336,0.34725274725274724
9337,0.3756671899529042
9338,0.4904238618524333
9339,0.41601255886970173
9340,0.3208791208791209
9341,0.38901098901098907
9342,0.33971742543171113
9343,0.439403453689168
9344,0.2990580847723705
9345,0.38508634222919935
9346,0.4293563579277865
9347,0.3535321821036107
9348,0.39811616954474094
9349,0.40957613814756677
9350,0.4904238618524333
9351,0.45604395604395603
9352,0.2805337519623234
9353,0.48226059654631087
9354,0.3886970172684458
9355,0.4015698587127159
9356,0.41616954474097334
9357,0.42558869701726837
9358,0.3571428571428571
9359,0.32307692307692315
9360,0.4012558869701727
9361,0.28963893249607536
9362,0.36153846153846153
9363,0.4758241758241758
9364,0.5243328100470956
9365,0.4287284144427002
9366,0.36216640502354785
9367,0.4010989010989011
9368,0.3370486656200941
9369,0.4634222919937206
9370,0.3967032967032966
9371,0.25023547880690733
9372,0.31255886970172686
9373,0.4733124018838305
9374,0.37912087912087905
9375,0.4751962323390894
9376,0.22213500784929358
9377,0.5050235478806907
9378,0.4304552590266876
9379,0.4775510204081633
9380,0.345054945054945
9381,0.34285714285714286
9382,0.37456828885400306
9383,0.4516483516483517
9384,0.5791208791208791
9385,0.3167974882260597
9386,0.42857142857142855
9387,0.4089481946624804
9388,0.3474097331240188
9389,0.3784929356357928
9390,0.2970172684458399
9391,0.3744113029827315
9392,0.45557299843014126
9393,0.45667189952904236
9394,0.3478806907378336
9395,0.3872841444270016
9396,0.2708006279434851
9397,0.42653061224489797
9398,0.4235478806907378
9399,0.2923076923076923
9400,0.29152276295133434
9401,0.3551020408163265
9402,0.32731554160125587
9403,0.49387755102040815
9404,0.34583987441130304
9405,0.4481946624803768
9406,0.3463108320251177
9407,0.3921507064364208
9408,0.38367346938775515
9409,0.34568288854003143
9410,0.3403453689167975
9411,0.3593406593406594
9412,0.5417582417582418
9413,0.5103610675039246
9414,0.4199372056514914
9415,0.444740973312402
9416,0.39607535321821036
9417,0.4177394034536892
9418,0.4494505494505495
9419,0.32433281004709574
9420,0.26985871271585554
9421,0.42401883830455256
9422,0.4281004709576139
9423,0.37378335949764513
9424,0.30941915227629513
9425,0.3505494505494506
9426,0.3070643642072213
9427,0.3598116169544741
9428,0.35949764521193084
9429,0.358712715855573
9430,0.4295133437990581
9431,0.3400313971742544
9432,0.32637362637362644
9433,0.3511773940345369
9434,0.4222919937205651
9435,0.46734693877551026
9436,0.2894819466248038
9437,0.4200941915227629
9438,0.5135007849293564
9439,0.4226059654631083
9440,0.37472527472527467
9441,0.46750392464678175
9442,0.3576138147566718
9443,0.39654631083202513
9444,0.3061224489795919
9445,0.46138147566719
9446,0.42637362637362636
9447,0.24929356357927787
9448,0.27755102040816326
9449,0.3235478806907378
9450,0.37284144427001575
9451,0.2880690737833595
9452,0.4728414442700157
9453,0.5150706436420723
9454,0.3208791208791209
9455,0.33061224489795926
9456,0.4612244897959184
9457,0.37142857142857144
9458,0.3464678178963894
9459,0.4122448979591837
9460,0.24348508634222918
9461,0.30973312401883835
9462,0.31852433281004705
9463,0.4690737833594976
9464,0.3007849293563579
9465,0.4478806907378337
9466,0.3904238618524333
9467,0.39356357927786506
9468,0.3372056514913658
9469,0.4609105180533752
9470,0.29058084772370485
9471,0.28948194662480375
9472,0.36153846153846153
9473,0.3177394034536891
9474,0.25588697017268447
9475,0.46750392464678187
9476,0.4084772370486656
9477,0.5218210361067503
9478,0.42166405023547887
9479,0.2279434850863422
9480,0.4979591836734694
9481,0.3996860282574568
9482,0.27927786499215074
9483,0.3868131868131868
9484,0.42354788069073784
9485,0.33626373626373623
9486,0.4083202511773941
9487,0.4985871271585557
9488,0.3838304552590267
9489,0.48540031397174255
9490,0.4125588697017268
9491,0.3218210361067504
9492,0.39497645211930926
9493,0.44505494505494514
9494,0.45196232339089487
9495,0.34458398744113033
9496,0.4232339089481947
9497,0.2252747252747253
9498,0.31601255886970175
9499,0.4872841444270016
9500,0.35510204081632646
9501,0.42590266875981164
9502,0.3351648351648352
9503,0.2701726844583988
9504,0.3923076923076923
9505,0.3483516483516484
9506,0.3745682888540031
9507,0.3703296703296704
9508,0.48163265306122444
9509,0.36844583987441126
9510,0.38461538461538464
9511,0.3638932496075353
9512,0.3456828885400314
9513,0.3854003139717425
9514,0.4029827315541601
9515,0.33296703296703295
9516,0.30156985871271585
9517,0.2577708006279435
9518,0.3857142857142857
9519,0.397331240188383
9520,0.506436420722135
9521,0.4197802197802198
9522,0.2879120879120879
9523,0.35918367346938773
9524,0.35070643642072213
9525,0.3051805337519623
9526,0.368916797488226
9527,0.38963893249607534
9528,0.4012558869701727
9529,0.3097331240188383
9530,0.37237048665620104
9531,0.41161695447409735
9532,0.49843014128728413
9533,0.34254317111459975
9534,0.2901098901098901
9535,0.2956043956043956
9536,0.38712715855573
9537,0.362480376766091
9538,0.34725274725274735
9539,0.2681318681318681
9540,0.3687598116169544
9541,0.4180533751962323
9542,0.35447409733124025
9543,0.37723704866562
9544,0.47409733124018844
9545,0.352276295133438
9546,0.39999999999999997
9547,0.3089481946624804
9548,0.4642072213500784
9549,0.3075353218210361
9550,0.363265306122449
9551,0.4205651491365777
9552,0.33877551020408164
9553,0.33987441130298274
9554,0.27111459968602825
9555,0.37080062794348506
9556,0.3607535321821036
9557,0.3411302982731555
9558,0.34521193092621666
9559,0.3905808477237048
9560,0.39372056514913656
9561,0.3053375196232339
9562,0.41287284144427
9563,0.30894819466248036
9564,0.39999999999999997
9565,0.35525902668759807
9566,0.5153846153846154
9567,0.34740973312401874
9568,0.4511773940345369
9569,0.4111459968602826
9570,0.45745682888540035
9571,0.5001569858712716
9572,0.3843014128728414
9573,0.2974882260596546
9574,0.37880690737833594
9575,0.34615384615384615
9576,0.3631083202511773
9577,0.4370486656200942
9578,0.36907378335949764
9579,0.31946624803767654
9580,0.504552590266876
9581,0.38916797488226057
9582,0.3733124018838305
9583,0.43799058084772374
9584,0.4014128728414444
9585,0.3422291993720566
9586,0.40753532182103613
9587,0.2502354788069074
9588,0.27519623233908946
9589,0.4207221350078493
9590,0.3138147566718995
9591,0.40094191522762956
9592,0.4535321821036106
9593,0.3720565149136578
9594,0.45384615384615373
9595,0.2971742543171115
9596,0.32794348508634213
9597,0.2510204081632653
9598,0.4430141287284144
9599,0.3882260596546311
9600,0.2832025117739404
9601,0.36813186813186816
9602,0.2786499215070643
9603,0.3403453689167975
9604,0.430298273155416
9605,0.32967032967032966
9606,0.37503924646781783
9607,0.4321821036106751
9608,0.4934065934065935
9609,0.3675039246467819
9610,0.39968602825745675
9611,0.3081632653061224
9612,0.3963893249607535
9613,0.3932496075353219
9614,0.33422291993720565
9615,0.41836734693877553
9616,0.4139717425431711
9617,0.47645211930926223
9618,0.3425431711145997
9619,0.38697017268445844
9620,0.3097331240188383
9621,0.4196232339089483
9622,0.40094191522762956
9623,0.39183673469387764
9624,0.3032967032967033
9625,0.49843014128728413
9626,0.6127158555729985
9627,0.421978021978022
9628,0.5053375196232339
9629,0.290894819466248
9630,0.3189952904238619
9631,0.4042386185243329
9632,0.4505494505494506
9633,0.48508634222919944
9634,0.22668759811616956
9635,0.42480376766091055
9636,0.37142857142857144
9637,0.38288854003139716
9638,0.3427001569858713
9639,0.3113029827315542
9640,0.34411302982731545
9641,0.3408163265306122
9642,0.40910518053375206
9643,0.4976452119309262
9644,0.25761381475667194
9645,0.3160125588697017
9646,0.3576138147566719
9647,0.3976452119309262
9648,0.3263736263736264
9649,0.3081632653061224
9650,0.4131868131868132
9651,0.495447409733124
9652,0.37990580847723715
9653,0.36153846153846153
9654,0.28665620094191524
9655,0.4021978021978022
9656,0.3612244897959184
9657,0.4759811616954474
9658,0.3226059654631084
9659,0.34929356357927777
9660,0.3579277864992151
9661,0.3847723704866561
9662,0.40156985871271583
9663,0.45368916797488223
9664,0.34960753532182104
9665,0.3053375196232339
9666,0.3339089481946625
9667,0.3777080062794349
9668,0.39513343799058076
9669,0.352276295133438
9670,0.36766091051805333
9671,0.3580847723704867
9672,0.4970172684458399
9673,0.34788069073783356
9674,0.3767660910518053
9675,0.3923076923076923
9676,0.41664050235478806
9677,0.417425431711146
9678,0.38634222919937206
9679,0.42386185243328095
9680,0.3756671899529042
9681,0.3328100470957614
9682,0.32904238618524334
9683,0.5199372056514914
9684,0.22731554160125592
9685,0.35934065934065934
9686,0.31412872841444267
9687,0.40706436420722136
9688,0.3513343799058085
9689,0.41334379905808477
9690,0.4089481946624804
9691,0.3949764521193093
9692,0.37362637362637363
9693,0.3557299843014129
9694,0.27912087912087913
9695,0.4243328100470958
9696,0.33045525902668754
9697,0.46640502354788066
9698,0.42747252747252745
9699,0.410989010989011
9700,0.46028257456828886
9701,0.28649921507064363
9702,0.2833594976452119
9703,0.489010989010989
9704,0.4799058084772371
9705,0.37739403453689163
9706,0.44583987441130296
9707,0.30769230769230765
9708,0.5221350078492936
9709,0.4949764521193093
9710,0.454945054945055
9711,0.4125588697017269
9712,0.30392464678178965
9713,0.47252747252747257
9714,0.2671899529042386
9715,0.3368916797488226
9716,0.5340659340659341
9717,0.27299843014128733
9718,0.40753532182103613
9719,0.48540031397174255
9720,0.3952904238618524
9721,0.3938775510204082
9722,0.430298273155416
9723,0.3069073783359498
9724,0.40313971742543175
9725,0.36467817896389326
9726,0.4114599686028258
9727,0.5122448979591836
9728,0.5251177394034537
9729,0.37299843014128725
9730,0.43422291993720563
9731,0.3259026687598116
9732,0.4350078492935635
9733,0.36514913657770803
9734,0.4317111459968604
9735,0.43390894819466247
9736,0.3822605965463109
9737,0.4324960753532182
9738,0.5075353218210361
9739,0.2885400313971743
9740,0.3621664050235479
9741,0.47425431711146
9742,0.37174254317111455
9743,0.30565149136577713
9744,0.3351648351648352
9745,0.38524332810047096
9746,0.3551020408163264
9747,0.41255886970172684
9748,0.47582417582417585
9749,0.2901098901098901
9750,0.32433281004709574
9751,0.47723704866562006
9752,0.3770800627943485
9753,0.37362637362637363
9754,0.38806907378335953
9755,0.4185243328100471
9756,0.4254317111459968
9757,0.39215070643642075
9758,0.32025117739403447
9759,0.47299843014128723
9760,0.2886970172684459
9761,0.3850863422291994
9762,0.284458398744113
9763,0.48838304552590267
9764,0.42857142857142855
9765,0.276138147566719
9766,0.5339089481946625
9767,0.3956043956043956
9768,0.36043956043956044
9769,0.45792778649921495
9770,0.4158555729984302
9771,0.4279434850863423
9772,0.3536891679748822
9773,0.3394034536891679
9774,0.2797488226059655
9775,0.3164835164835165
9776,0.3843014128728414
9777,0.3092621664050235
9778,0.49230769230769234
9779,0.503453689167975
9780,0.37394034536891674
9781,0.362480376766091
9782,0.30722135007849294
9783,0.38288854003139716
9784,0.3731554160125589
9785,0.4089481946624804
9786,0.2960753532182103
9787,0.40078492935635796
9788,0.3605965463108321
9789,0.5102040816326531
9790,0.3587127158555729
9791,0.4054945054945055
9792,0.2729984301412872
9793,0.2196232339089482
9794,0.4111459968602827
9795,0.4640502354788069
9796,0.28430141287284144
9797,0.2989010989010989
9798,0.27409733124018837
9799,0.3572998430141287
9800,0.3963893249607535
9801,0.47189952904238625
9802,0.44709576138147566
9803,0.48618524332810054
9804,0.5113029827315542
9805,0.3631083202511774
9806,0.44615384615384607
9807,0.34489795918367344
9808,0.40015698587127163
9809,0.4025117739403454
9810,0.3690737833594976
9811,0.2891679748822606
9812,0.36938775510204075
9813,0.36357927786499217
9814,0.5541601255886971
9815,0.4158555729984302
9816,0.4437990580847724
9817,0.4131868131868132
9818,0.43155416012558867
9819,0.3998430141287284
9820,0.4811616954474097
9821,0.4171114599686028
9822,0.39105180533751965
9823,0.36624803767660913
9824,0.3411302982731554
9825,0.3144427001569858
9826,0.37519623233908944
9827,0.2789638932496075
9828,0.2956043956043956
9829,0.4621664050235479
9830,0.38555729984301423
9831,0.3216640502354788
9832,0.3800627943485087
9833,0.43579277864992144
9834,0.423861852433281
9835,0.30094191522762953
9836,0.3527472527472527
9837,0.3370486656200942
9838,0.2970172684458398
9839,0.2524332810047096
9840,0.31334379905808474
9841,0.37456828885400306
9842,0.39497645211930926
9843,0.2912087912087912
9844,0.4009419152276295
9845,0.4631083202511773
9846,0.38524332810047096
9847,0.32103610675039246
9848,0.4518053375196232
9849,0.3364207221350078
9850,0.4237048665620095
9851,0.33924646781789647
9852,0.39277864992150713
9853,0.35478806907378335
9854,0.3298273155416013
9855,0.3904238618524332
9856,0.3718995290423862
9857,0.3855572998430142
9858,0.32715855572998426
9859,0.4409733124018838
9860,0.37127158555729983
9861,0.3313971742543171
9862,0.4497645211930926
9863,0.3822605965463107
9864,0.3235478806907378
9865,0.36138147566719
9866,0.3904238618524333
9867,0.41554160125588696
9868,0.3023547880690738
9869,0.4279434850863422
9870,0.30376766091051804
9871,0.3372056514913658
9872,0.4758241758241759
9873,0.4169544740973312
9874,0.35886970172684457
9875,0.45290423861852436
9876,0.32825745682888546
9877,0.4486656200941916
9878,0.370486656200942
9879,0.2951334379905809
9880,0.4186813186813187
9881,0.30172684458398746
9882,0.27645211930926217
9883,0.336734693877551
9884,0.4039246467817896
9885,0.38963893249607534
9886,0.38414442700156975
9887,0.34788069073783356
9888,0.4189952904238619
9889,0.3453689167974883
9890,0.4871271585557301
9891,0.43594976452119305
9892,0.37346938775510213
9893,0.38838304552590264
9894,0.4244897959183674
9895,0.41664050235478806
9896,0.3062794348508634
9897,0.32825745682888546
9898,0.3974882260596546
9899,0.5004709576138148
9900,0.3547880690737833
9901,0.4814756671899529
9902,0.45321821036106746
9903,0.5299843014128729
9904,0.5337519623233908
9905,0.5023547880690737
9906,0.4080062794348508
9907,0.42810047095761383
9908,0.4051805337519623
9909,0.3733124018838304
9910,0.4401883830455259
9911,0.4979591836734694
9912,0.4414442700156986
9913,0.43108320251177396
9914,0.38006279434850854
9915,0.28084772370486666
9916,0.47472527472527476
9917,0.42543171114599687
9918,0.37205651491365777
9919,0.3351648351648352
9920,0.254160125588697
9921,0.37833594976452123
9922,0.46781789638932497
9923,0.5750392464678179
9924,0.41240188383045534
9925,0.47346938775510194
9926,0.3792778649921507
9927,0.32967032967032966
9928,0.3773940345368917
9929,0.3846153846153847
9930,0.33045525902668765
9931,0.47833594976452115
9932,0.33265306122448984
9933,0.2205651491365777
9934,0.36797488226059644
9935,0.31475667189952905
9936,0.38979591836734695
9937,0.5649921507064364
9938,0.29293563579277865
9939,0.42825745682888544
9940,0.3827315541601256
9941,0.38681318681318677
9942,0.42574568288854003
9943,0.4929356357927787
9944,0.40047095761381474
9945,0.27237048665620095
9946,0.4817896389324961
9947,0.42417582417582417
9948,0.33846153846153854
9949,0.3306122448979592
9950,0.37755102040816324
9951,0.30675039246467817
9952,0.2664050235478807
9953,0.4805337519623234
9954,0.42417582417582417
9955,0.47896389324960753
9956,0.3339089481946625
9957,0.38524332810047096
9958,0.306436420722135
9959,0.35902668759811623
9960,0.29874411302982734
9961,0.4317111459968603
9962,0.3453689167974882
9963,0.3365777080062794
9964,0.3897959183673469
9965,0.3299843014128729
9966,0.27770800627943487
9967,0.33830455259026687
9968,0.3805337519623234
9969,0.31993720565149136
9970,0.3594976452119309
9971,0.3814756671899529
9972,0.5310832025117739
9973,0.5145996860282576
9974,0.5183673469387756
9975,0.3370486656200942
9976,0.32778649921507064
9977,0.36514913657770803
9978,0.41255886970172684
9979,0.3565149136577708
9980,0.4329670329670329
9981,0.4967032967032967
9982,0.28838304552590266
9983,0.45886970172684455
9984,0.4169544740973312
9985,0.231083202511774
9986,0.38885400313971746
9987,0.4199372056514914
9988,0.454945054945055
9989,0.4161695447409733
9990,0.39560439560439553
9991,0.34631083202511787
9992,0.26326530612244897
9993,0.38508634222919935
9994,0.343171114599686
9995,0.4153846153846153
9996,0.41114599686028264
9997,0.37237048665620104
9998,0.3237048665620094
